UNITS=INCH
#Layer_Color=65535
#
#Feature symbol names
#
$0 r9.8425
$1 r7.874
$2 r5
$3 r6
$4 r8
$5 r10
$6 r5.9055
$7 r16
$8 rect250x24
$9 rect150x25
$10 rect8x13
$11 rect7x13
$12 rect100x25
$13 rect100x20
$14 rect42x110.2362
$15 rect15x35
$16 rect16x23
$17 rect14x19
$18 rect18x35
$19 rect76.8x50
$20 rect77.197x50
$21 rect63.197x220
$22 rect91x32
$23 rect73x30
$24 rect38x24
$25 rect20x100
$26 rect32x91
$27 rect24x38

#
#Feature attribute names
#
@0 .nomenclature
@1 .string
@2 .string_angle

#
#Feature attribute text strings
#

#
#Layer features
#
A 0.2819896 1.4208661 0.2819896 1.4208661 0.2780526 1.4208661 1 P 0 N
A 0.3189284 0.7913386 0.3189284 0.7913386 0.2559055 0.7913386 5 P 0 N
A 0.3189284 1.7165354 0.3189284 1.7165354 0.2559055 1.7165354 5 P 0 N
A 0.3189284 2.9370079 0.3189284 2.9370079 0.2559055 2.9370079 5 P 0 N
A 0.3189284 4.0787402 0.3189284 4.0787402 0.2559055 4.0787402 5 P 0 N
A 0.7783465 4.3602363 0.7783465 4.3602363 0.7283465 4.3602363 4 P 0 N
A 0.8583465 4.2102363 0.8583465 4.2102363 0.8283465 4.2102363 4 P 0 N
A 0.9683465 4.3602363 0.9683465 4.3602363 0.7283465 4.3602363 4 P 0 N
A 1.0427165 1.0531496 1.0427165 1.0531496 0.7677165 1.0531496 3 P 0 N
A 1.4708663 2.2755905 1.4708663 2.2755905 1.4629922 2.2755905 1 P 0 N
A 1.6781496 2.5960629 1.6781496 2.5960629 1.6742126 2.5960629 1 P 0 N
A 1.8253543 3.4133858 1.8253543 3.4133858 1.6653543 3.4133858 3 P 0 N
A 1.8253543 3.7519685 1.8253543 3.7519685 1.6653543 3.7519685 3 P 0 N
A 2.177559 4.0535433 2.177559 4.0535433 2.173622 4.0535433 1 P 0 N
A 2.4305118 3.5925197 2.4305118 3.5925197 2.1555118 3.5925197 3 P 0 N
A 2.7844488 0.7480315 2.7844488 0.7480315 2.7795275 0.7480315 0 P 0 N
A 2.8579528 4.0944882 2.8579528 4.0944882 2.6979528 4.0944882 3 P 0 N
A 2.9244094 4.1535433 2.9244094 4.1535433 2.9204724 4.1535433 1 P 0 N
A 3.375 0.7480315 3.375 0.7480315 3.3700787 0.7480315 0 P 0 N
A 3.55 0.9094094 3.565 0.8944094 3.565 0.9094094 4 P 0 N
A 3.565 1.0544094 3.55 1.0394094 3.565 1.0394094 4 P 0 N
A 3.7505512 4.0944882 3.7505512 4.0944882 3.5905512 4.0944882 3 P 0 N
A 3.935 0.8944094 3.95 0.9094094 3.935 0.9094094 4 P 0 N
A 3.95 1.0394094 3.935 1.0544094 3.935 1.0394094 4 P 0 N
A 3.9655512 0.7480315 3.9655512 0.7480315 3.9606299 0.7480315 0 P 0 N
A 4.0412304 4.2748586 4.2078381 4.2734046 4.1240157 4.2147115 2 P 0 N
A 4.261811 4.2204725 4.261811 4.2204725 4.257874 4.2204725 1 P 0 N
A 4.3344882 1.7548425 4.4844094 1.7548425 4.4094488 1.6849406 2 P 0 N
A 4.3633477 1.5765355 4.3633477 1.5765355 4.3594107 1.5765355 1 P 0 N
A 4.4633858 1.7711811 4.4633858 1.7711811 4.4594488 1.7711811 1 P 0 N
A 4.5561024 0.7480315 4.5561024 0.7480315 4.5511811 0.7480315 0 P 0 N
A 4.5650394 1.2143622 4.5800394 1.1993622 4.5800394 1.2143622 4 P 0 N
A 4.5800394 1.8493622 4.5650394 1.8343622 4.5800394 1.8343622 4 P 0 N
A 4.6525591 4.1535433 4.6525591 4.1535433 4.6476378 4.1535433 0 P 0 N
A 4.7027559 0.7007874 4.7027559 0.7007874 4.6988189 0.7007874 1 P 0 N
A 4.7900394 1.1993622 4.8050394 1.2143622 4.7900394 1.2143622 4 P 0 N
A 4.8050394 1.8343622 4.7900394 1.8493622 4.7900394 1.8343622 4 P 0 N
A 4.8368898 1.2432677 4.8468898 1.2332677 4.8468898 1.2432677 4 P 0 N
A 4.8466693 3.7976772 4.8566693 3.7876772 4.8566693 3.7976772 4 P 0 N
A 4.8466695 3.9059448 4.8566695 3.8959448 4.8566695 3.9059448 4 P 0 N
A 4.8468898 1.4832677 4.8368898 1.4732677 4.8468898 1.4732677 4 P 0 N
A 4.8566693 3.8776772 4.8466693 3.8676772 4.8566693 3.8676772 4 P 0 N
A 4.8566695 3.9859448 4.8466695 3.9759448 4.8566695 3.9759448 4 P 0 N
A 4.9154625 0.6464013 4.7488548 0.6478553 4.8326772 0.7065484 2 P 0 N
A 4.9168898 1.2332677 4.9268898 1.2432677 4.9168898 1.2432677 4 P 0 N
A 4.9268898 1.4732677 4.9168898 1.4832677 4.9168898 1.4732677 4 P 0 N
A 5.0042126 1.2432677 5.0142126 1.2332677 5.0142126 1.2432677 4 P 0 N
A 5.0142126 1.4832677 5.0042126 1.4732677 5.0142126 1.4732677 4 P 0 N
A 5.0842126 1.2332677 5.0942126 1.2432677 5.0842126 1.2432677 4 P 0 N
A 5.0866693 3.7876772 5.0966693 3.7976772 5.0866693 3.7976772 4 P 0 N
A 5.0866695 3.8959448 5.0966695 3.9059448 5.0866695 3.9059448 4 P 0 N
A 5.0942126 1.4732677 5.0842126 1.4832677 5.0842126 1.4732677 4 P 0 N
A 5.0966693 3.8676772 5.0866693 3.8776772 5.0866693 3.8676772 4 P 0 N
A 5.0966695 3.9759448 5.0866695 3.9859448 5.0866695 3.9759448 4 P 0 N
A 5.1137795 2.4311024 5.1137795 2.4311024 4.7637795 2.4311024 3 P 0 N
A 5.1137795 3.1791339 5.1137795 3.1791339 4.7637795 3.1791339 3 P 0 N
A 5.2431102 4.1535433 5.2431102 4.1535433 5.2381889 4.1535433 0 P 0 N
A 5.4372204 3.7976772 5.4472204 3.7876772 5.4472204 3.7976772 4 P 0 N
A 5.4372206 3.9059448 5.4472206 3.8959448 5.4472206 3.9059448 4 P 0 N
A 5.4472204 3.8776772 5.4372204 3.8676772 5.4472204 3.8676772 4 P 0 N
A 5.4472206 3.9859448 5.4372206 3.9759448 5.4472206 3.9759448 4 P 0 N
A 5.6772204 3.7876772 5.6872204 3.7976772 5.6772204 3.7976772 4 P 0 N
A 5.6772206 3.8959448 5.6872206 3.9059448 5.6772206 3.9059448 4 P 0 N
A 5.6872204 3.8676772 5.6772204 3.8776772 5.6772204 3.8676772 4 P 0 N
A 5.6872206 3.9759448 5.6772206 3.9859448 5.6772206 3.9759448 4 P 0 N
A 5.8336614 4.1535433 5.8336614 4.1535433 5.8287401 4.1535433 0 P 0 N
A 5.8462598 0.9875197 5.8612598 0.9725197 5.8612598 0.9875197 4 P 0 N
A 5.8612598 1.2125197 5.8462598 1.1975197 5.8612598 1.1975197 4 P 0 N
A 6.0098425 0.8307087 6.0098425 0.8307087 6.0059055 0.8307087 1 P 0 N
A 6.0179291 3.7976772 6.0279291 3.7876772 6.0279291 3.7976772 4 P 0 N
A 6.0179293 3.9059448 6.0279293 3.8959448 6.0279293 3.9059448 4 P 0 N
A 6.0279291 3.8776772 6.0179291 3.8676772 6.0279291 3.8676772 4 P 0 N
A 6.0279293 3.9859448 6.0179293 3.9759448 6.0279293 3.9759448 4 P 0 N
A 6.1545276 0.7169685 6.1645276 0.7069685 6.1645276 0.7169685 4 P 0 N
A 6.1645276 0.7969685 6.1545276 0.7869685 6.1645276 0.7869685 4 P 0 N
A 6.2579291 3.7876772 6.2679291 3.7976772 6.2579291 3.7976772 4 P 0 N
A 6.2579293 3.8959448 6.2679293 3.9059448 6.2579293 3.9059448 4 P 0 N
A 6.2679291 3.8676772 6.2579291 3.8776772 6.2579291 3.8676772 4 P 0 N
A 6.2679293 3.9759448 6.2579293 3.9859448 6.2579293 3.9759448 4 P 0 N
A 6.3945276 0.7069685 6.4045276 0.7169685 6.3945276 0.7169685 4 P 0 N
A 6.4045276 0.7869685 6.3945276 0.7969685 6.3945276 0.7869685 4 P 0 N
A 6.4242126 4.1535433 6.4242126 4.1535433 6.4192913 4.1535433 0 P 0 N
A 6.4812598 0.9725197 6.4962598 0.9875197 6.4812598 0.9875197 4 P 0 N
A 6.4962598 1.1975197 6.4812598 1.2125197 6.4812598 1.1975197 4 P 0 N
A 6.6084802 3.7976772 6.6184802 3.7876772 6.6184802 3.7976772 4 P 0 N
A 6.6084804 3.9059448 6.6184804 3.8959448 6.6184804 3.9059448 4 P 0 N
A 6.6184802 3.8776772 6.6084802 3.8676772 6.6184802 3.8676772 4 P 0 N
A 6.6184804 3.9859448 6.6084804 3.9759448 6.6184804 3.9759448 4 P 0 N
A 6.8484802 3.7876772 6.8584802 3.7976772 6.8484802 3.7976772 4 P 0 N
A 6.8484804 3.8959448 6.8584804 3.9059448 6.8484804 3.9059448 4 P 0 N
A 6.8584802 3.8676772 6.8484802 3.8776772 6.8484802 3.8676772 4 P 0 N
A 6.8584804 3.9759448 6.8484804 3.9859448 6.8484804 3.9759448 4 P 0 N
A 7.0137795 0.8627954 7.0137795 0.8627954 7.0098425 0.8627954 1 P 0 N
A 7.113622 1.4169687 7.133622 1.3969687 7.133622 1.4169687 3 P 0 N
A 7.133622 2.1069685 7.113622 2.0869685 7.133622 2.0869685 3 P 0 N
A 7.2625197 4.1830733 7.304962 4.1124374 7.3425198 4.1830733 5 P 0 N
A 7.2825197 4.1830709 7.3064108 4.1351528 7.3425197 4.1830709 3 P 0 N
A 7.2910967 4.244355 7.2625197 4.1830714 7.3425197 4.1830714 5 P 0 N
A 7.3072526 4.2316105 7.2825197 4.1830695 7.3425197 4.1830695 3 P 0 N
A 7.3794594 4.1357906 7.4025197 4.1830712 7.3425197 4.1830712 3 P 0 N
A 7.3825197 4.1137867 7.4225197 4.1830687 7.3425197 4.1830687 5 P 0 N
A 7.4025197 4.1830706 7.3794594 4.2303512 7.3425197 4.1830706 3 P 0 N
A 7.4136216 1.3969687 7.4336216 1.4169687 7.4136216 1.4169687 3 P 0 N
A 7.4225197 4.1830724 7.3939427 4.244356 7.3425197 4.1830724 5 P 0 N
A 7.4242126 3.8823228 7.4342126 3.8723228 7.4342126 3.8823228 4 P 0 N
A 7.4336216 2.0869685 7.4136216 2.1069685 7.4136216 2.0869685 3 P 0 N
A 7.4342126 3.9623228 7.4242126 3.9523228 7.4342126 3.9523228 4 P 0 N
A 7.6496063 4.0019685 7.6496063 4.0019685 7.6456693 4.0019685 1 P 0 N
A 7.6642126 3.8723228 7.6742126 3.8823228 7.6642126 3.8823228 4 P 0 N
A 7.6712598 1.496063 7.6712598 1.496063 7.6673228 1.496063 1 P 0 N
A 7.6742126 3.9523228 7.6642126 3.9623228 7.6642126 3.9523228 4 P 0 N
L 0.0492126 0.5511811 0.0492126 1.0334646 0 P 0
L 0.0492126 0.5511811 0.4625985 0.5511811 0 P 0
L 0.0492126 0.7923229 0.4625985 0.7923229 0 P 0
L 0.0492126 1.0334646 0.4625985 1.0334646 0 P 0
L 0.0492126 1.4763779 0.0492126 1.9586614 0 P 0
L 0.0492126 1.4763779 0.4625985 1.4763779 0 P 0
L 0.0492126 1.7175197 0.4625985 1.7175197 0 P 0
L 0.0492126 1.9586614 0.4625985 1.9586614 0 P 0
L 0.0492126 2.6968504 0.0492126 3.1791339 0 P 0
L 0.0492126 2.6968504 0.4625985 2.6968504 0 P 0
L 0.0492126 2.9379922 0.4625985 2.9379922 0 P 0
L 0.0492126 3.1791339 0.4625985 3.1791339 0 P 0
L 0.0492126 3.8385827 0.0492126 4.3208662 0 P 0
L 0.0492126 3.8385827 0.4625985 3.8385827 0 P 0
L 0.0492126 4.0797245 0.4625985 4.0797245 0 P 0
L 0.0492126 4.3208662 0.4625985 4.3208662 0 P 0
L 0.1441943 1.1003937 0.1441943 1.3917323 2 P 0
L 0.1441943 1.1003937 0.3705723 1.1003937 2 P 0
L 0.1441943 1.3917323 0.3705723 1.3917323 2 P 0
L 0.3705723 1.1003937 0.3705723 1.3917323 2 P 0
L 0.4625985 0.5511811 0.4625985 1.0334646 0 P 0
L 0.4625985 1.4763779 0.4625985 1.9586614 0 P 0
L 0.4625985 2.6968504 0.4625985 3.1791339 0 P 0
L 0.4625985 3.8385827 0.4625985 4.3208662 0 P 0
L 0.5019684 1.3779527 0.5019684 1.9586614 0 P 0
L 0.5019684 1.3779527 0.6791338 1.3779527 0 P 0
L 0.5019684 1.9586614 0.6791338 1.9586614 0 P 0
L 0.6791338 1.3779527 0.6791338 1.9586614 0 P 0
L 0.6988189 1.3779527 0.6988189 1.9586614 0 P 0
L 0.6988189 1.3779527 0.8759843 1.3779527 0 P 0
L 0.6988189 1.9586614 0.8759843 1.9586614 0 P 0
L 0.7177165 1.0631496 0.7177165 1.0881496 4 P 0
L 0.7177165 1.0631496 0.8177165 1.0631496 4 P 0
L 0.7177165 1.0881496 0.7677165 1.0881496 4 P 0
L 0.7377953 2.2208661 0.7377953 3.9208661 2 P 0
L 0.7377953 2.2208661 1.4377953 2.2208661 2 P 0
L 0.7377953 3.9208661 1.4377953 3.9208661 2 P 0
L 0.7427165 1.2531496 0.7927165 1.2531496 4 P 0
L 0.7677165 1.0881496 0.8177165 1.0881496 4 P 0
L 0.7677165 1.2281496 0.7677165 1.27815 4 P 0
L 0.8133465 4.2102363 0.8433465 4.2102363 4 P 0
L 0.8177165 1.0631496 0.8177165 1.0881496 4 P 0
L 0.8283465 4.1952363 0.8283465 4.2252363 4 P 0
L 0.8759843 1.3779527 0.8759843 1.9586614 0 P 0
L 0.9192498 1.3700788 0.9192498 1.503937 6 P 0
L 0.9192498 1.3700788 0.9271238 1.3700788 6 P 0
L 0.9192498 1.4370079 0.990116 1.4370079 6 P 0
L 0.9192498 1.503937 0.9271238 1.503937 6 P 0
L 0.9192583 1.5403533 0.9192583 1.6742115 6 P 0
L 0.9192583 1.5403533 0.9350064 1.5403533 6 P 0
L 0.9192583 1.6072824 0.9901245 1.6072824 6 P 0
L 0.9192583 1.6742115 0.9350064 1.6742115 6 P 0
L 0.9244094 4.0547242 0.9244094 4.1047242 4 P 0
L 0.9244094 4.0547242 0.9494094 4.0297242 4 P 0
L 0.9244094 4.1047242 0.9494094 4.1297242 4 P 0
L 0.9494094 4.0297242 0.9994094 4.0297242 4 P 0
L 0.9494094 4.1297242 0.9994094 4.1297242 4 P 0
L 0.9743764 1.5403533 0.9901245 1.5403533 6 P 0
L 0.9743764 1.6742115 0.9901245 1.6742115 6 P 0
L 0.982242 1.3700788 0.990116 1.3700788 6 P 0
L 0.982242 1.503937 0.990116 1.503937 6 P 0
L 0.984252 0.0314961 0.984252 0.6417323 5 P 0
L 0.984252 0.0314961 6.8897638 0.0314961 5 P 0
L 0.984252 0.6417323 6.8897638 0.6417323 5 P 0
L 0.9846851 4.2716535 0.9846851 4.8818897 5 P 0
L 0.9846851 4.2716535 6.8901969 4.2716535 5 P 0
L 0.9846851 4.8818897 6.8901969 4.8818897 5 P 0
L 0.990116 1.3700788 0.990116 1.503937 6 P 0
L 0.9901245 1.5403533 0.9901245 1.6742115 6 P 0
L 0.9994094 4.0297242 1.0244094 4.0547242 4 P 0
L 0.9994094 4.1297242 1.0244094 4.1047242 4 P 0
L 1.0002569 1.5245857 1.0002569 1.5295857 6 P 0
L 1.0002569 1.5245857 1.0263199 1.5245857 6 P 0
L 1.0002569 1.5295857 1.0002569 1.7101369 6 P 0
L 1.0002569 1.5295857 1.0263199 1.5295857 6 P 0
L 1.0002569 1.7101369 1.0097451 1.7101369 6 P 0
L 1.0008868 1.3700788 1.0008868 1.503937 6 P 0
L 1.0008868 1.3700788 1.0087608 1.3700788 6 P 0
L 1.0008868 1.4370079 1.071753 1.4370079 6 P 0
L 1.0008868 1.503937 1.0087608 1.503937 6 P 0
L 1.0166349 1.6038377 1.0560049 1.6038377 1 P 0
L 1.0166349 1.6313967 1.0363199 1.6038377 1 P 0
L 1.0166349 1.6313967 1.0520679 1.6313967 1 P 0
L 1.0244094 4.0547242 1.0244094 4.1047242 4 P 0
L 1.0244094 4.0547242 1.0494094 4.0297242 4 P 0
L 1.0244094 4.1047242 1.0494094 4.1297242 4 P 0
L 1.0263199 1.5245857 1.0263199 1.5295857 6 P 0
L 1.0363199 1.5959636 1.0363199 1.6038377 1 P 0
L 1.0363199 1.6038377 1.0520679 1.6313967 1 P 0
L 1.0363199 1.6313967 1.0363199 1.6432077 1 P 0
L 1.0463199 1.5245857 1.0463199 1.5295857 6 P 0
L 1.0463199 1.5245857 1.0723829 1.5245857 6 P 0
L 1.0463199 1.5295857 1.0723829 1.5295857 6 P 0
L 1.0494094 4.0297242 1.0994094 4.0297242 4 P 0
L 1.0494094 4.1297242 1.0994094 4.1297242 4 P 0
L 1.0628947 1.7101369 1.0723829 1.7101369 6 P 0
L 1.063879 1.3700788 1.071753 1.3700788 6 P 0
L 1.063879 1.503937 1.071753 1.503937 6 P 0
L 1.071753 1.3700788 1.071753 1.503937 6 P 0
L 1.0723829 1.5245857 1.0723829 1.5295857 6 P 0
L 1.0723829 1.5295857 1.0723829 1.7101369 6 P 0
L 1.0994094 4.0297242 1.1244094 4.0547242 4 P 0
L 1.0994094 4.1297242 1.1244094 4.1047242 4 P 0
L 1.1122047 0.9009832 1.1122047 1.519685 2 P 0
L 1.1244094 4.0547242 1.1244094 4.1047242 4 P 0
L 1.3303426 3.9872045 1.3303426 4.2135825 2 P 0
L 1.3303426 3.9872045 1.6216812 3.9872045 2 P 0
L 1.3303426 4.2135825 1.6216812 4.2135825 2 P 0
L 1.4377953 2.2208661 1.4377953 3.9208661 2 P 0
L 1.5305118 2.7185039 1.5305118 3.2066929 2 P 0
L 1.5305118 2.7185039 1.7568898 2.7185039 2 P 0
L 1.5305118 3.2066929 1.7568898 3.2066929 2 P 0
L 1.5403543 2.2755905 1.5403543 2.5669291 2 P 0
L 1.5403543 2.2755905 1.7667323 2.2755905 2 P 0
L 1.5403543 2.5669291 1.7667323 2.5669291 2 P 0
L 1.6053543 3.2933854 1.6353543 3.2933854 4 P 0
L 1.6053543 3.6319681 1.6353543 3.6319681 4 P 0
L 1.6153543 3.3843858 1.6153543 3.4043858 4 P 0
L 1.6153543 3.3843858 1.6653543 3.3843858 4 P 0
L 1.6153543 3.4043858 1.7153543 3.4043858 4 P 0
L 1.6153543 3.7229685 1.6153543 3.7429685 4 P 0
L 1.6153543 3.7229685 1.6653543 3.7229685 4 P 0
L 1.6153543 3.7429685 1.7153543 3.7429685 4 P 0
L 1.6203543 3.2783854 1.6203543 3.3083854 4 P 0
L 1.6203543 3.6169681 1.6203543 3.6469681 4 P 0
L 1.6216812 3.9872045 1.6216812 4.2135825 2 P 0
L 1.6633859 0.9001958 1.6633859 1.5167289 2 P 0
L 1.6653543 3.3843858 1.7153543 3.3843858 4 P 0
L 1.6653543 3.7229685 1.7153543 3.7229685 4 P 0
L 1.7153543 3.3843858 1.7153543 3.4043858 4 P 0
L 1.7153543 3.7229685 1.7153543 3.7429685 4 P 0
L 1.7568898 2.7185039 1.7568898 3.2066929 2 P 0
L 1.7667323 2.2755905 1.7667323 2.5669291 2 P 0
L 1.9881889 3.1830708 1.9881891 1.0212598 0 P 0
L 1.9881889 3.1830708 2.373622 3.1830708 0 P 0
L 1.9881891 1.0212598 2.373622 1.0212598 0 P 0
L 2.0637244 3.9205669 2.0637244 4.0085669 5 P 0
L 2.0637244 3.9205669 2.2447244 3.9205669 5 P 0
L 2.0637244 4.0085669 2.2447244 4.0085669 5 P 0
L 2.0661417 4.0811024 2.0661417 4.2661417 2 P 0
L 2.0661417 4.0811024 2.4811023 4.0811024 2 P 0
L 2.0661417 4.2661417 2.4811023 4.2661417 2 P 0
L 2.1055118 3.6025197 2.1055118 3.6275197 4 P 0
L 2.1055118 3.6025197 2.2055118 3.6025197 4 P 0
L 2.1055118 3.6275197 2.1555118 3.6275197 4 P 0
L 2.1305118 3.7925197 2.1805118 3.7925197 4 P 0
L 2.1555118 3.6275197 2.2055118 3.6275197 4 P 0
L 2.1555118 3.7675197 2.1555118 3.8175201 4 P 0
L 2.2055118 3.6025197 2.2055118 3.6275197 4 P 0
L 2.2447244 3.9205669 2.2447244 4.0085669 5 P 0
L 2.3037008 3.9205669 2.3037008 4.0085669 5 P 0
L 2.3037008 3.9205669 2.4847008 3.9205669 5 P 0
L 2.3037008 4.0085669 2.4847008 4.0085669 5 P 0
L 2.3641732 0.6437008 2.3641732 0.8169291 1 P 0
L 2.3641732 0.6437008 2.753937 0.6437008 1 P 0
L 2.3641732 0.6633858 2.753937 0.6633858 1 P 0
L 2.3641732 0.8169291 2.753937 0.8169291 1 P 0
L 2.373622 1.0212598 2.373622 3.1830708 0 P 0
L 2.4811023 4.0811024 2.4811023 4.2661417 2 P 0
L 2.4847008 3.9205669 2.4847008 4.0085669 5 P 0
L 2.488189 3.2244094 2.488189 3.488189 2 P 0
L 2.488189 3.2244094 2.5492126 3.2244094 2 P 0
L 2.488189 3.488189 2.5492126 3.488189 2 P 0
L 2.4892126 3.4362992 2.6092126 3.4362992 2 P 0
L 2.5492126 3.1468504 2.5492126 3.2244094 2 P 0
L 2.5492126 3.2244094 2.6102362 3.2244094 2 P 0
L 2.5492126 3.488189 2.5492126 3.565748 2 P 0
L 2.5492126 3.488189 2.6102362 3.488189 2 P 0
L 2.5531496 1.246063 2.5531496 2.7992125 5 P 0
L 2.5531496 1.246063 2.6584646 1.140748 5 P 0
L 2.5531496 2.7992125 4.2129921 2.7992125 5 P 0
L 2.5629524 4.1394882 2.5929524 4.1394882 4 P 0
L 2.5779524 4.1244882 2.5779524 4.1544882 4 P 0
L 2.6102362 3.2244094 2.6102362 3.488189 2 P 0
L 2.6555118 3.2263779 2.6555118 3.4901575 2 P 0
L 2.6555118 3.2263779 2.7165354 3.2263779 2 P 0
L 2.6555118 3.4901575 2.7165354 3.4901575 2 P 0
L 2.6565354 3.2782677 2.7765354 3.2782677 2 P 0
L 2.6584646 1.140748 4.2129921 1.140748 5 P 0
L 2.6689528 4.0444882 2.6689528 4.0944882 4 P 0
L 2.6689528 4.0444882 2.6889528 4.0444882 4 P 0
L 2.6689528 4.0944882 2.6689528 4.1444882 4 P 0
L 2.6689528 4.1444882 2.6889528 4.1444882 4 P 0
L 2.6889528 4.0444882 2.6889528 4.1444882 4 P 0
L 2.7165354 3.1488189 2.7165354 3.2263779 2 P 0
L 2.7165354 3.2263779 2.777559 3.2263779 2 P 0
L 2.7165354 3.4901575 2.7165354 3.5677165 2 P 0
L 2.7165354 3.4901575 2.777559 3.4901575 2 P 0
L 2.753937 0.6437008 2.753937 0.8169291 1 P 0
L 2.777559 3.2263779 2.777559 3.4901575 2 P 0
L 2.8169292 3.2263779 2.8169292 3.4901575 2 P 0
L 2.8169292 3.2263779 2.8779528 3.2263779 2 P 0
L 2.8169292 3.4901575 2.8779528 3.4901575 2 P 0
L 2.8179528 3.4382677 2.9379528 3.4382677 2 P 0
L 2.8779528 3.1488189 2.8779528 3.2263779 2 P 0
L 2.8779528 3.2263779 2.9389764 3.2263779 2 P 0
L 2.8779528 3.4901575 2.8779528 3.5677165 2 P 0
L 2.8779528 3.4901575 2.9389764 3.4901575 2 P 0
L 2.9389764 3.2263779 2.9389764 3.4901575 2 P 0
L 2.9433071 4.0826772 2.9433071 4.2677165 3 P 0
L 2.9433071 4.0826772 3.3582677 4.0826772 3 P 0
L 2.9433071 4.2677165 3.3582677 4.2677165 3 P 0
L 2.9547244 0.6437008 2.9547244 0.8169291 1 P 0
L 2.9547244 0.6437008 3.3444882 0.6437008 1 P 0
L 2.9547244 0.6633858 3.3444882 0.6633858 1 P 0
L 2.9547244 0.8169291 3.3444882 0.8169291 1 P 0
L 2.9744095 3.2263779 2.9744095 3.4901575 2 P 0
L 2.9744095 3.2263779 3.0354331 3.2263779 2 P 0
L 2.9744095 3.4901575 3.0354331 3.4901575 2 P 0
L 2.9754331 3.2782677 3.0954331 3.2782677 2 P 0
L 3.0354331 3.1488189 3.0354331 3.2263779 2 P 0
L 3.0354331 3.2263779 3.0964567 3.2263779 2 P 0
L 3.0354331 3.4901575 3.0354331 3.5677165 2 P 0
L 3.0354331 3.4901575 3.0964567 3.4901575 2 P 0
L 3.0964567 3.2263779 3.0964567 3.4901575 2 P 0
L 3.1088189 3.9225354 3.1088189 4.0105354 5 P 0
L 3.1088189 3.9225354 3.2898189 3.9225354 5 P 0
L 3.1088189 4.0105354 3.2898189 4.0105354 5 P 0
L 3.1119245 0.9124015 3.1119245 0.9389763 2 P 0
L 3.1119245 0.9124015 3.3284599 0.9124015 2 P 0
L 3.1119245 1.0098425 3.1119245 1.0364173 2 P 0
L 3.1119245 1.0364173 3.3284599 1.0364173 2 P 0
L 3.2898189 3.9225354 3.2898189 4.0105354 5 P 0
L 3.3284599 0.9124015 3.3284599 0.9389763 2 P 0
L 3.3284599 1.0098425 3.3284599 1.0364173 2 P 0
L 3.3444882 0.6437008 3.3444882 0.8169291 1 P 0
L 3.3582677 4.0826772 3.3582677 4.2677165 3 P 0
L 3.5452756 0.6437008 3.5452756 0.8169291 1 P 0
L 3.5452756 0.6437008 3.9350394 0.6437008 1 P 0
L 3.5452756 0.6633858 3.9350394 0.6633858 1 P 0
L 3.5452756 0.8169291 3.9350394 0.8169291 1 P 0
L 3.55 0.9094094 3.55 1.0394094 4 P 0
L 3.565 0.8944094 3.59 0.8944094 4 P 0
L 3.565 1.0544094 3.59 1.0544094 4 P 0
L 3.59 0.8944094 3.595 0.8994094 4 P 0
L 3.59 1.0544094 3.595 1.0494094 4 P 0
L 3.595 0.8994094 3.905 0.8994094 4 P 0
L 3.595 1.0494094 3.905 1.0494094 4 P 0
L 3.5995512 4.0444882 3.5995512 4.1444882 4 P 0
L 3.5995512 4.0444882 3.6195512 4.0444882 4 P 0
L 3.5995512 4.1444882 3.6195512 4.1444882 4 P 0
L 3.6186975 2.9213462 3.6186975 3.1413462 4 P 0
L 3.6186975 2.9213462 4.0187005 2.9213462 4 P 0
L 3.6186975 3.1413462 4.0187005 3.1413462 4 P 0
L 3.6186975 3.3937871 3.6186975 3.6137871 4 P 0
L 3.6186975 3.3937871 4.0187005 3.3937871 4 P 0
L 3.6186975 3.6137871 4.0187005 3.6137871 4 P 0
L 3.6190945 3.1578666 3.6190945 3.3778666 4 P 0
L 3.6190945 3.1578666 4.0190975 3.1578666 4 P 0
L 3.6190945 3.3778666 4.0190975 3.3778666 4 P 0
L 3.6190945 3.6303076 3.6190945 3.8503076 4 P 0
L 3.6190945 3.6303076 4.0190975 3.6303076 4 P 0
L 3.6190945 3.8503076 4.0190975 3.8503076 4 P 0
L 3.6195512 4.0444882 3.6195512 4.0944882 4 P 0
L 3.6195512 4.0944882 3.6195512 4.1444882 4 P 0
L 3.6955516 4.0494882 3.7255516 4.0494882 4 P 0
L 3.7105516 4.0344882 3.7105516 4.0644882 4 P 0
L 3.7286975 3.0313462 3.8187005 3.0313462 4 P 0
L 3.7286975 3.5037871 3.8187005 3.5037871 4 P 0
L 3.7690945 3.2678666 3.8190945 3.2678666 4 P 0
L 3.7690945 3.7403076 3.8190945 3.7403076 4 P 0
L 3.7737005 3.0083462 3.7737005 3.0543462 4 P 0
L 3.7737005 3.0083462 3.8187005 3.0313462 4 P 0
L 3.7737005 3.0543462 3.8187005 3.0313462 4 P 0
L 3.7737005 3.4807871 3.7737005 3.5267871 4 P 0
L 3.7737005 3.4807871 3.8187005 3.5037871 4 P 0
L 3.7737005 3.5267871 3.8187005 3.5037871 4 P 0
L 3.8187005 3.0083462 3.8187005 3.0313462 4 P 0
L 3.8187005 3.0313462 3.8187005 3.0543462 4 P 0
L 3.8187005 3.0313462 3.8687005 3.0313462 4 P 0
L 3.8187005 3.4807871 3.8187005 3.5037871 4 P 0
L 3.8187005 3.5037871 3.8187005 3.5267871 4 P 0
L 3.8187005 3.5037871 3.8687005 3.5037871 4 P 0
L 3.8190945 3.2448666 3.8190945 3.2678666 4 P 0
L 3.8190945 3.2678666 3.8190945 3.2908666 4 P 0
L 3.8190945 3.2678666 3.8640945 3.2448666 4 P 0
L 3.8190945 3.2678666 3.8640945 3.2908666 4 P 0
L 3.8190945 3.2678666 3.9090975 3.2678666 4 P 0
L 3.8190945 3.7173076 3.8190945 3.7403076 4 P 0
L 3.8190945 3.7403076 3.8190945 3.7633076 4 P 0
L 3.8190945 3.7403076 3.8640945 3.7173076 4 P 0
L 3.8190945 3.7403076 3.8640945 3.7633076 4 P 0
L 3.8190945 3.7403076 3.9090975 3.7403076 4 P 0
L 3.8640945 3.2448666 3.8640945 3.2908666 4 P 0
L 3.8640945 3.7173076 3.8640945 3.7633076 4 P 0
L 3.905 0.8994094 3.91 0.8944094 4 P 0
L 3.905 1.0494094 3.91 1.0544094 4 P 0
L 3.91 0.8944094 3.935 0.8944094 4 P 0
L 3.91 1.0544094 3.935 1.0544094 4 P 0
L 3.9350394 0.6437008 3.9350394 0.8169291 1 P 0
L 3.95 0.9094094 3.95 1.0394094 4 P 0
L 4.0187005 2.9213462 4.0187005 3.1413462 4 P 0
L 4.0187005 3.3937871 4.0187005 3.6137871 4 P 0
L 4.0190975 3.1578666 4.0190975 3.3778666 4 P 0
L 4.0190975 3.6303076 4.0190975 3.8503076 4 P 0
L 4.1358268 0.6437008 4.1358268 0.8169291 1 P 0
L 4.1358268 0.6437008 4.5255906 0.6437008 1 P 0
L 4.1358268 0.6633858 4.5255906 0.6633858 1 P 0
L 4.1358268 0.8169291 4.5255906 0.8169291 1 P 0
L 4.2129921 1.140748 4.2129921 2.7942913 5 P 0
L 4.3241745 1.2501969 4.3241745 1.4072835 2 P 0
L 4.3241745 1.2501969 4.3594107 1.2501969 2 P 0
L 4.3241745 1.4072835 4.3594107 1.4072835 2 P 0
L 4.3344882 1.7548425 4.4844094 1.7548425 2 P 0
L 4.3594107 1.1844095 4.3594107 1.2501969 2 P 0
L 4.3594107 1.2501969 4.3946469 1.2501969 2 P 0
L 4.3594107 1.4072835 4.3594107 1.4730709 2 P 0
L 4.3594107 1.4072835 4.3946469 1.4072835 2 P 0
L 4.3946469 1.2501969 4.3946469 1.4072835 2 P 0
L 4.444189 1.2387402 4.444189 1.4197402 5 P 0
L 4.444189 1.2387402 4.532189 1.2387402 5 P 0
L 4.444189 1.4197402 4.532189 1.4197402 5 P 0
L 4.5255906 0.6437008 4.5255906 0.8169291 1 P 0
L 4.532189 1.2387402 4.532189 1.4197402 5 P 0
L 4.5650394 1.2143622 4.5650394 1.2493622 4 P 0
L 4.5650394 1.2493622 4.5750394 1.2593622 4 P 0
L 4.5650394 1.7993622 4.5650394 1.8343622 4 P 0
L 4.5650394 1.7993622 4.5750394 1.7893622 4 P 0
L 4.5750394 1.2593622 4.5750394 1.7893622 4 P 0
L 4.5800394 1.1993622 4.7900394 1.1993622 4 P 0
L 4.5800394 1.8493622 4.7900394 1.8493622 4 P 0
L 4.6732284 4.0840551 4.6732284 4.2690945 1 P 0
L 4.6732284 4.0840551 5.0905512 4.0840551 1 P 0
L 4.6732284 4.2494094 5.0905512 4.2494094 1 P 0
L 4.6732284 4.2690945 5.0905512 4.2690945 1 P 0
L 4.6887795 2.4411024 4.6887795 2.4661024 4 P 0
L 4.6887795 2.4411024 4.8387795 2.4411024 4 P 0
L 4.6887795 2.4661024 4.7637795 2.4661024 4 P 0
L 4.6887795 3.1441339 4.6887795 3.1691339 4 P 0
L 4.6887795 3.1441339 4.7637795 3.1441339 4 P 0
L 4.6887795 3.1691339 4.8387795 3.1691339 4 P 0
L 4.7337795 2.6961028 4.7937795 2.6961028 4 P 0
L 4.7337795 2.9141335 4.7937795 2.9141335 4 P 0
L 4.7637795 2.3511024 4.7637795 2.4061024 4 P 0
L 4.7637795 2.4661024 4.7637795 2.5111024 4 P 0
L 4.7637795 2.4661024 4.8387795 2.4661024 4 P 0
L 4.7637795 2.6661024 4.7637795 2.7261028 4 P 0
L 4.7637795 2.8841335 4.7637795 2.9441339 4 P 0
L 4.7637795 3.0991339 4.7637795 3.1441339 4 P 0
L 4.7637795 3.1441339 4.8387795 3.1441339 4 P 0
L 4.7637795 3.2041339 4.7637795 3.2591339 4 P 0
L 4.7950394 1.2593622 4.7950394 1.7893622 4 P 0
L 4.7950394 1.2593622 4.8050394 1.2493622 4 P 0
L 4.7950394 1.7893622 4.8050394 1.7993622 4 P 0
L 4.8050394 1.2143622 4.8050394 1.2493622 4 P 0
L 4.8050394 1.7993622 4.8050394 1.8343622 4 P 0
L 4.8204173 1.0189921 4.8204173 1.1069921 5 P 0
L 4.8204173 1.0189921 5.0014173 1.0189921 5 P 0
L 4.8204173 1.1069921 5.0014173 1.1069921 5 P 0
L 4.8294724 3.6595118 4.8294724 3.769748 4 P 0
L 4.8294724 3.6595118 5.1144724 3.6595118 4 P 0
L 4.8294724 3.769748 5.1144724 3.769748 4 P 0
L 4.8368898 1.2432677 4.8368898 1.2582677 4 P 0
L 4.8368898 1.2582677 4.8418898 1.2632677 4 P 0
L 4.8368898 1.4582677 4.8368898 1.4732677 4 P 0
L 4.8368898 1.4582677 4.8418898 1.4532677 4 P 0
L 4.8387795 2.4411024 4.8387795 2.4661024 4 P 0
L 4.8387795 3.1441339 4.8387795 3.1691339 4 P 0
L 4.8418898 1.2632677 4.8418898 1.4532677 4 P 0
L 4.8466693 3.7976772 4.8466693 3.8676772 4 P 0
L 4.8466695 3.9059448 4.8466695 3.9759448 4 P 0
L 4.8468898 1.2332677 4.9168898 1.2332677 4 P 0
L 4.8468898 1.4832677 4.9168898 1.4832677 4 P 0
L 4.8566693 3.7876772 4.8716693 3.7876772 4 P 0
L 4.8566693 3.8776772 4.8716693 3.8776772 4 P 0
L 4.8566695 3.8959448 4.8716695 3.8959448 4 P 0
L 4.8566695 3.9859448 4.8716695 3.9859448 4 P 0
L 4.8716693 3.7876772 4.8766693 3.7926772 4 P 0
L 4.8716693 3.8776772 4.8766693 3.8726772 4 P 0
L 4.8716695 3.8959448 4.8766695 3.9009448 4 P 0
L 4.8716695 3.9859448 4.8766695 3.9809448 4 P 0
L 4.8766693 3.7926772 5.0666693 3.7926772 4 P 0
L 4.8766693 3.8726772 5.0666693 3.8726772 4 P 0
L 4.8766695 3.9009448 5.0666695 3.9009448 4 P 0
L 4.8766695 3.9809448 5.0666695 3.9809448 4 P 0
L 4.8914694 3.7096299 4.9814724 3.7096299 4 P 0
L 4.9212599 1.7618111 4.9212599 1.7954725 2 P 0
L 4.9212599 1.7618111 5.1377953 1.7618111 2 P 0
L 4.9212599 1.8659449 4.9212599 1.8996063 2 P 0
L 4.9212599 1.8996063 5.1377953 1.8996063 2 P 0
L 4.9212599 1.928316 4.9212599 1.9619774 2 P 0
L 4.9212599 1.928316 5.1377953 1.928316 2 P 0
L 4.9212599 2.0324498 4.9212599 2.0661112 2 P 0
L 4.9212599 2.0661112 5.1377953 2.0661112 2 P 0
L 4.9218898 1.2632677 4.9218898 1.4532677 4 P 0
L 4.9218898 1.2632677 4.9268898 1.2582677 4 P 0
L 4.9218898 1.4532677 4.9268898 1.4582677 4 P 0
L 4.9268898 1.2432677 4.9268898 1.2582677 4 P 0
L 4.9268898 1.4582677 4.9268898 1.4732677 4 P 0
L 4.9364724 3.6866299 4.9364724 3.7326299 4 P 0
L 4.9364724 3.6866299 4.9814724 3.7096299 4 P 0
L 4.9364724 3.7326299 4.9814724 3.7096299 4 P 0
L 4.9814724 3.6866299 4.9814724 3.7096299 4 P 0
L 4.9814724 3.7096299 4.9814724 3.7326299 4 P 0
L 4.9814724 3.7096299 5.0314724 3.7096299 4 P 0
L 5.0014173 1.0189921 5.0014173 1.1069921 5 P 0
L 5.0042126 1.2432677 5.0042126 1.2582677 4 P 0
L 5.0042126 1.2582677 5.0092126 1.2632677 4 P 0
L 5.0042126 1.4582677 5.0042126 1.4732677 4 P 0
L 5.0042126 1.4582677 5.0092126 1.4532677 4 P 0
L 5.0092126 1.2632677 5.0092126 1.4532677 4 P 0
L 5.0142126 1.2332677 5.0842126 1.2332677 4 P 0
L 5.0142126 1.4832677 5.0842126 1.4832677 4 P 0
L 5.0666693 3.7926772 5.0716693 3.7876772 4 P 0
L 5.0666693 3.8726772 5.0716693 3.8776772 4 P 0
L 5.0666695 3.9009448 5.0716695 3.8959448 4 P 0
L 5.0666695 3.9809448 5.0716695 3.9859448 4 P 0
L 5.0716693 3.7876772 5.0866693 3.7876772 4 P 0
L 5.0716693 3.8776772 5.0866693 3.8776772 4 P 0
L 5.0716695 3.8959448 5.0866695 3.8959448 4 P 0
L 5.0716695 3.9859448 5.0866695 3.9859448 4 P 0
L 5.0892126 1.2632677 5.0892126 1.4532677 4 P 0
L 5.0892126 1.2632677 5.0942126 1.2582677 4 P 0
L 5.0892126 1.4532677 5.0942126 1.4582677 4 P 0
L 5.0905512 4.0840551 5.0905512 4.2690945 1 P 0
L 5.0942126 1.2432677 5.0942126 1.2582677 4 P 0
L 5.0942126 1.4582677 5.0942126 1.4732677 4 P 0
L 5.0966693 3.7976772 5.0966693 3.8676772 4 P 0
L 5.0966695 3.9059448 5.0966695 3.9759448 4 P 0
L 5.1155675 4.015748 5.1155675 4.2322834 2 P 0
L 5.1155675 4.015748 5.1421423 4.015748 2 P 0
L 5.1155675 4.2322834 5.1421423 4.2322834 2 P 0
L 5.1377953 1.7618111 5.1377953 1.7954725 2 P 0
L 5.1377953 1.8659449 5.1377953 1.8996063 2 P 0
L 5.1377953 1.928316 5.1377953 1.9619774 2 P 0
L 5.1377953 2.0324498 5.1377953 2.0661112 2 P 0
L 5.1732283 0.676378 5.1732283 3.076378 0 P 0
L 5.1732283 0.676378 5.5232283 0.676378 0 P 0
L 5.1732283 3.076378 5.5232283 3.076378 0 P 0
L 5.2130085 4.015748 5.2395833 4.015748 2 P 0
L 5.2130085 4.2322834 5.2395833 4.2322834 2 P 0
L 5.2395833 4.015748 5.2395833 4.2322834 2 P 0
L 5.2637795 4.0840551 5.2637795 4.2690945 1 P 0
L 5.2637795 4.0840551 5.6811023 4.0840551 1 P 0
L 5.2637795 4.2494094 5.6811023 4.2494094 1 P 0
L 5.2637795 4.2690945 5.6811023 4.2690945 1 P 0
L 5.4200235 3.6595118 5.4200235 3.769748 4 P 0
L 5.4200235 3.6595118 5.7050235 3.6595118 4 P 0
L 5.4200235 3.769748 5.7050235 3.769748 4 P 0
L 5.4372204 3.7976772 5.4372204 3.8676772 4 P 0
L 5.4372206 3.9059448 5.4372206 3.9759448 4 P 0
L 5.4472204 3.7876772 5.4622204 3.7876772 4 P 0
L 5.4472204 3.8776772 5.4622204 3.8776772 4 P 0
L 5.4472206 3.8959448 5.4622206 3.8959448 4 P 0
L 5.4472206 3.9859448 5.4622206 3.9859448 4 P 0
L 5.4622204 3.7876772 5.4672204 3.7926772 4 P 0
L 5.4622204 3.8776772 5.4672204 3.8726772 4 P 0
L 5.4622206 3.8959448 5.4672206 3.9009448 4 P 0
L 5.4622206 3.9859448 5.4672206 3.9809448 4 P 0
L 5.4672204 3.7926772 5.6572204 3.7926772 4 P 0
L 5.4672204 3.8726772 5.6572204 3.8726772 4 P 0
L 5.4672206 3.9009448 5.6572206 3.9009448 4 P 0
L 5.4672206 3.9809448 5.6572206 3.9809448 4 P 0
L 5.4820205 3.7096299 5.5720235 3.7096299 4 P 0
L 5.5232283 0.676378 5.5232283 3.076378 0 P 0
L 5.5270235 3.6866299 5.5270235 3.7326299 4 P 0
L 5.5270235 3.6866299 5.5720235 3.7096299 4 P 0
L 5.5270235 3.7326299 5.5720235 3.7096299 4 P 0
L 5.5720235 3.6866299 5.5720235 3.7096299 4 P 0
L 5.5720235 3.7096299 5.5720235 3.7326299 4 P 0
L 5.5720235 3.7096299 5.6220235 3.7096299 4 P 0
L 5.6116142 0.7354331 5.6116142 0.9255906 2 P 0
L 5.6116142 0.7354331 5.986811 0.7354331 2 P 0
L 5.6116142 0.9255906 5.986811 0.9255906 2 P 0
L 5.6572204 3.7926772 5.6622204 3.7876772 4 P 0
L 5.6572204 3.8726772 5.6622204 3.8776772 4 P 0
L 5.6572206 3.9009448 5.6622206 3.8959448 4 P 0
L 5.6572206 3.9809448 5.6622206 3.9859448 4 P 0
L 5.6622204 3.7876772 5.6772204 3.7876772 4 P 0
L 5.6622204 3.8776772 5.6772204 3.8776772 4 P 0
L 5.6622206 3.8959448 5.6772206 3.8959448 4 P 0
L 5.6622206 3.9859448 5.6772206 3.9859448 4 P 0
L 5.6811023 4.0840551 5.6811023 4.2690945 1 P 0
L 5.6872204 3.7976772 5.6872204 3.8676772 4 P 0
L 5.6872206 3.9059448 5.6872206 3.9759448 4 P 0
L 5.7061186 4.015748 5.7061186 4.2322834 2 P 0
L 5.7061186 4.015748 5.7326934 4.015748 2 P 0
L 5.7061186 4.2322834 5.7326934 4.2322834 2 P 0
L 5.7185039 2.3917322 5.7185039 3.3562991 1 P 0
L 5.7185039 2.3917322 6.6633858 2.3917322 1 P 0
L 5.7185039 3.3562991 6.6633858 3.3562991 1 P 0
L 5.7795275 1.273622 5.7795275 2.269685 2 P 0
L 5.7795275 1.273622 6.2677165 1.273622 2 P 0
L 5.7795275 2.269685 6.2677165 2.269685 2 P 0
L 5.8035596 4.015748 5.8301344 4.015748 2 P 0
L 5.8035596 4.2322834 5.8301344 4.2322834 2 P 0
L 5.8301344 4.015748 5.8301344 4.2322834 2 P 0
L 5.8462598 0.9875197 5.8462598 1.1975197 4 P 0
L 5.8543307 4.0840551 5.8543307 4.2690945 1 P 0
L 5.8543307 4.0840551 6.2716535 4.0840551 1 P 0
L 5.8543307 4.2494094 6.2716535 4.2494094 1 P 0
L 5.8543307 4.2690945 6.2716535 4.2690945 1 P 0
L 5.8612598 0.9725197 5.8962598 0.9725197 4 P 0
L 5.8612598 1.2125197 5.8962598 1.2125197 4 P 0
L 5.8962598 0.9725197 5.9062598 0.9825197 4 P 0
L 5.8962598 1.2125197 5.9062598 1.2025197 4 P 0
L 5.9062598 0.9825197 6.4362598 0.9825197 4 P 0
L 5.9062598 1.2025197 6.4362598 1.2025197 4 P 0
L 5.986811 0.7354331 5.986811 0.9255906 2 P 0
L 6.0007322 3.6595118 6.0007322 3.769748 4 P 0
L 6.0007322 3.6595118 6.2857322 3.6595118 4 P 0
L 6.0007322 3.769748 6.2857322 3.769748 4 P 0
L 6.0179291 3.7976772 6.0179291 3.8676772 4 P 0
L 6.0179293 3.9059448 6.0179293 3.9759448 4 P 0
L 6.0279291 3.7876772 6.0429291 3.7876772 4 P 0
L 6.0279291 3.8776772 6.0429291 3.8776772 4 P 0
L 6.0279293 3.8959448 6.0429293 3.8959448 4 P 0
L 6.0279293 3.9859448 6.0429293 3.9859448 4 P 0
L 6.0429291 3.7876772 6.0479291 3.7926772 4 P 0
L 6.0429291 3.8776772 6.0479291 3.8726772 4 P 0
L 6.0429293 3.8959448 6.0479293 3.9009448 4 P 0
L 6.0429293 3.9859448 6.0479293 3.9809448 4 P 0
L 6.0479291 3.7926772 6.2379291 3.7926772 4 P 0
L 6.0479291 3.8726772 6.2379291 3.8726772 4 P 0
L 6.0479293 3.9009448 6.2379293 3.9009448 4 P 0
L 6.0479293 3.9809448 6.2379293 3.9809448 4 P 0
L 6.0627292 3.7096299 6.1527322 3.7096299 4 P 0
L 6.1077322 3.6866299 6.1077322 3.7326299 4 P 0
L 6.1077322 3.6866299 6.1527322 3.7096299 4 P 0
L 6.1077322 3.7326299 6.1527322 3.7096299 4 P 0
L 6.1527322 3.6866299 6.1527322 3.7096299 4 P 0
L 6.1527322 3.7096299 6.1527322 3.7326299 4 P 0
L 6.1527322 3.7096299 6.2027322 3.7096299 4 P 0
L 6.1545276 0.7169685 6.1545276 0.7869685 4 P 0
L 6.1645276 0.7069685 6.1795276 0.7069685 4 P 0
L 6.1645276 0.7969685 6.1795276 0.7969685 4 P 0
L 6.1795276 0.7069685 6.1845276 0.7119685 4 P 0
L 6.1795276 0.7969685 6.1845276 0.7919685 4 P 0
L 6.1845276 0.7119685 6.3745276 0.7119685 4 P 0
L 6.1845276 0.7919685 6.3745276 0.7919685 4 P 0
L 6.1885276 0.8319843 6.1885276 0.9199843 5 P 0
L 6.1885276 0.8319843 6.3695276 0.8319843 5 P 0
L 6.1885276 0.9199843 6.3695276 0.9199843 5 P 0
L 6.2379291 3.7926772 6.2429291 3.7876772 4 P 0
L 6.2379291 3.8726772 6.2429291 3.8776772 4 P 0
L 6.2379293 3.9009448 6.2429293 3.8959448 4 P 0
L 6.2379293 3.9809448 6.2429293 3.9859448 4 P 0
L 6.2429291 3.7876772 6.2579291 3.7876772 4 P 0
L 6.2429291 3.8776772 6.2579291 3.8776772 4 P 0
L 6.2429293 3.8959448 6.2579293 3.8959448 4 P 0
L 6.2429293 3.9859448 6.2579293 3.9859448 4 P 0
L 6.2677165 1.273622 6.2677165 2.269685 2 P 0
L 6.2679291 3.7976772 6.2679291 3.8676772 4 P 0
L 6.2679293 3.9059448 6.2679293 3.9759448 4 P 0
L 6.2716535 4.0840551 6.2716535 4.2690945 1 P 0
L 6.2814961 1.273622 6.2814961 2.269685 2 P 0
L 6.2814961 1.273622 6.7696851 1.273622 2 P 0
L 6.2814961 2.269685 6.7696851 2.269685 2 P 0
L 6.2962598 4.015748 6.2962598 4.2322834 2 P 0
L 6.2962598 4.015748 6.3228346 4.015748 2 P 0
L 6.2962598 4.2322834 6.3228346 4.2322834 2 P 0
L 6.3695276 0.8319843 6.3695276 0.9199843 5 P 0
L 6.3745276 0.7119685 6.3795276 0.7069685 4 P 0
L 6.3745276 0.7919685 6.3795276 0.7969685 4 P 0
L 6.3795276 0.7069685 6.3945276 0.7069685 4 P 0
L 6.3795276 0.7969685 6.3945276 0.7969685 4 P 0
L 6.3937008 4.015748 6.4202756 4.015748 2 P 0
L 6.3937008 4.2322834 6.4202756 4.2322834 2 P 0
L 6.4045276 0.7169685 6.4045276 0.7869685 4 P 0
L 6.4202756 4.015748 6.4202756 4.2322834 2 P 0
L 6.4362598 0.9825197 6.4462598 0.9725197 4 P 0
L 6.4362598 1.2025197 6.4462598 1.2125197 4 P 0
L 6.4448819 4.0840551 6.4448819 4.2690945 1 P 0
L 6.4448819 4.0840551 6.8622047 4.0840551 1 P 0
L 6.4448819 4.2494094 6.8622047 4.2494094 1 P 0
L 6.4448819 4.2690945 6.8622047 4.2690945 1 P 0
L 6.4462598 0.9725197 6.4812598 0.9725197 4 P 0
L 6.4462598 1.2125197 6.4812598 1.2125197 4 P 0
L 6.4962598 0.9875197 6.4962598 1.1975197 4 P 0
L 6.5912833 3.6595118 6.5912833 3.769748 4 P 0
L 6.5912833 3.6595118 6.8762833 3.6595118 4 P 0
L 6.5912833 3.769748 6.8762833 3.769748 4 P 0
L 6.6084802 3.7976772 6.6084802 3.8676772 4 P 0
L 6.6084804 3.9059448 6.6084804 3.9759448 4 P 0
L 6.6184802 3.7876772 6.6334802 3.7876772 4 P 0
L 6.6184802 3.8776772 6.6334802 3.8776772 4 P 0
L 6.6184804 3.8959448 6.6334804 3.8959448 4 P 0
L 6.6184804 3.9859448 6.6334804 3.9859448 4 P 0
L 6.6334802 3.7876772 6.6384802 3.7926772 4 P 0
L 6.6334802 3.8776772 6.6384802 3.8726772 4 P 0
L 6.6334804 3.8959448 6.6384804 3.9009448 4 P 0
L 6.6334804 3.9859448 6.6384804 3.9809448 4 P 0
L 6.6384802 3.7926772 6.8284802 3.7926772 4 P 0
L 6.6384802 3.8726772 6.8284802 3.8726772 4 P 0
L 6.6384804 3.9009448 6.8284804 3.9009448 4 P 0
L 6.6384804 3.9809448 6.8284804 3.9809448 4 P 0
L 6.6532803 3.7096299 6.7432833 3.7096299 4 P 0
L 6.6982833 3.6866299 6.6982833 3.7326299 4 P 0
L 6.6982833 3.6866299 6.7432833 3.7096299 4 P 0
L 6.6982833 3.7326299 6.7432833 3.7096299 4 P 0
L 6.7432833 3.6866299 6.7432833 3.7096299 4 P 0
L 6.7432833 3.7096299 6.7432833 3.7326299 4 P 0
L 6.7432833 3.7096299 6.7932833 3.7096299 4 P 0
L 6.7696851 1.273622 6.7696851 2.269685 2 P 0
L 6.7913386 1.4625984 6.7913386 2.0216536 1 P 0
L 6.7913386 1.4625984 7.0944882 1.4625984 1 P 0
L 6.7913386 2.0216536 7.0944882 2.0216536 1 P 0
L 6.8284802 3.7926772 6.8334802 3.7876772 4 P 0
L 6.8284802 3.8726772 6.8334802 3.8776772 4 P 0
L 6.8284804 3.9009448 6.8334804 3.8959448 4 P 0
L 6.8284804 3.9809448 6.8334804 3.9859448 4 P 0
L 6.8334802 3.7876772 6.8484802 3.7876772 4 P 0
L 6.8334802 3.8776772 6.8484802 3.8776772 4 P 0
L 6.8334804 3.8959448 6.8484804 3.8959448 4 P 0
L 6.8334804 3.9859448 6.8484804 3.9859448 4 P 0
L 6.8405512 2.3917323 7.7854331 2.3917322 1 P 0
L 6.8405512 3.3562991 7.7854331 3.3562992 1 P 0
L 6.8584802 3.7976772 6.8584802 3.8676772 4 P 0
L 6.8584804 3.9059448 6.8584804 3.9759448 4 P 0
L 6.8622047 4.0840551 6.8622047 4.2690945 1 P 0
L 6.8897638 0.0314961 6.8897638 0.6417323 5 P 0
L 6.8901969 4.2716535 6.8901969 4.8818897 5 P 0
L 6.8966535 4.0157481 6.8966535 4.2322835 2 P 0
L 6.8966535 4.0157481 6.9232283 4.0157481 2 P 0
L 6.8966535 4.2322835 6.9232283 4.2322835 2 P 0
L 6.9114174 0.5767718 6.9114174 0.8031498 2 P 0
L 6.9114174 0.5767718 7.202756 0.5767718 2 P 0
L 6.9114174 0.8031498 7.202756 0.8031498 2 P 0
L 6.9222441 0.9318898 6.9222441 1.1917324 2 P 0
L 6.9222441 0.9318898 6.9742126 0.9318898 2 P 0
L 6.9222441 1.1917324 6.9742126 1.1917324 2 P 0
L 6.9940945 4.0157481 7.0206693 4.0157481 2 P 0
L 6.9940945 4.2322835 7.0206693 4.2322835 2 P 0
L 7.0206693 4.0157481 7.0206693 4.2322835 2 P 0
L 7.0944882 1.4625984 7.0944882 2.0216536 1 P 0
L 7.113622 1.4169687 7.113622 2.0869685 3 P 0
L 7.133622 1.3969687 7.4136216 1.3969687 3 P 0
L 7.133622 2.1069685 7.4136216 2.1069685 3 P 0
L 7.202756 0.5767718 7.202756 0.8031498 2 P 0
L 7.223622 1.5519685 7.273622 1.5519685 7 P 0
L 7.223622 1.5869685 7.273622 1.5869685 7 P 0
L 7.2263779 0.5757875 7.2263779 0.8021655 2 P 0
L 7.2263779 0.5757875 7.5177165 0.5757875 2 P 0
L 7.2263779 0.8021655 7.5177165 0.8021655 2 P 0
L 7.273622 1.5119685 7.273622 1.5519685 3 P 0
L 7.273622 1.5519685 7.323622 1.5519685 7 P 0
L 7.273622 1.5869685 7.273622 1.9919685 3 P 0
L 7.273622 1.5869685 7.323622 1.5869685 7 P 0
L 7.4242126 3.8823228 7.4242126 3.9523228 4 P 0
L 7.4336216 1.4169687 7.4336216 2.0869685 3 P 0
L 7.4342126 3.8723228 7.4492126 3.8723228 4 P 0
L 7.4342126 3.9623228 7.4492126 3.9623228 4 P 0
L 7.4492126 3.8723228 7.4542126 3.8773228 4 P 0
L 7.4492126 3.9623228 7.4542126 3.9573228 4 P 0
L 7.4542126 3.8773228 7.6442126 3.8773228 4 P 0
L 7.4542126 3.9573228 7.6442126 3.9573228 4 P 0
L 7.503937 4.0271654 7.503937 4.3389764 2 P 0
L 7.503937 4.0271654 7.8444882 4.0271654 2 P 0
L 7.503937 4.3389764 7.8444882 4.3389764 2 P 0
L 7.5098425 1.5665354 7.5098425 1.9374016 2 P 0
L 7.5098425 1.5665354 7.5885826 1.5665354 2 P 0
L 7.5098425 1.9374016 7.5885826 1.9374016 2 P 0
L 7.5177165 0.5757875 7.5177165 0.8021655 2 P 0
L 7.5511812 0.573819 7.5511812 0.800197 2 P 0
L 7.5511812 0.573819 7.8425198 0.573819 2 P 0
L 7.5511812 0.800197 7.8425198 0.800197 2 P 0
L 7.5885826 1.5192913 7.5885826 1.5665354 2 P 0
L 7.5885826 1.5192913 7.8444882 1.5192913 2 P 0
L 7.5885826 1.9374016 7.5885826 1.9846457 2 P 0
L 7.5885826 1.9846457 7.8444882 1.9846457 2 P 0
L 7.6442126 3.8773228 7.6492126 3.8723228 4 P 0
L 7.6442126 3.9573228 7.6492126 3.9623228 4 P 0
L 7.6454724 0.9318898 7.6974409 0.9318898 2 P 0
L 7.6454724 1.1917324 7.6974409 1.1917324 2 P 0
L 7.6492126 3.8723228 7.6642126 3.8723228 4 P 0
L 7.6492126 3.9623228 7.6642126 3.9623228 4 P 0
L 7.6742126 3.8823228 7.6742126 3.9523228 4 P 0
L 7.6974409 0.9318898 7.6974409 1.1917324 2 P 0
L 7.7854331 2.3917323 7.7854331 3.3562992 1 P 0
L 7.8425198 0.573819 7.8425198 0.800197 2 P 0
L 7.8444882 1.5192913 7.8444882 1.9846457 2 P 0
L 7.8444882 4.0271654 7.8444882 4.3389764 2 P 0
P 0.7672105 1.0916559 11 P 0 0
P 0.7677105 1.0146559 10 P 0 0
P 0.7677105 1.0306559 12 P 0 0
P 1.6653477 3.7719677 13 P 0 0
P 1.6653493 3.4333805 13 P 0 0
P 2.1550037 3.6310193 11 P 0 0
P 2.1555037 3.5540193 10 P 0 0
P 2.1555037 3.5700193 12 P 0 0
P 2.7179527 4.0944881 25 P 0 0
P 3.5134999 0.9744089 23 P 0 0
P 3.5705513 4.0944883 25 P 0 0
P 3.5802983 3.0313467 19 P 0 0
P 3.5802983 3.5037807 19 P 0 0
P 3.5804934 3.7403159 20 P 0 0
P 3.5804966 3.2678813 20 P 0 0
P 3.6524934 3.7403159 21 P 0 0
P 3.6524966 3.2678813 21 P 0 0
P 3.7838983 3.0309967 18 P 0 0
P 3.7838983 3.5034307 18 P 0 0
P 3.7958983 3.0309967 17 P 0 0
P 3.7958983 3.5034307 17 P 0 0
P 3.8418963 3.2682127 17 P 0 0
P 3.8418985 3.7406587 17 P 0 0
P 3.8538963 3.2682127 18 P 0 0
P 3.8538985 3.7406587 18 P 0 0
P 3.9852918 3.0313347 21 P 0 0
P 3.9852998 3.5037767 21 P 0 0
P 3.9864999 0.9744089 23 P 0 0
P 4.0572918 3.0313347 20 P 0 0
P 4.0572998 3.5037767 20 P 0 0
P 4.0574963 3.2678627 19 P 0 0
P 4.0574985 3.7403087 19 P 0 0
P 4.6850439 1.1538629 26 P 0 0
P 4.6850439 1.8948629 26 P 0 0
P 4.7637817 2.4086025 9 P 0 0
P 4.7637829 3.2016323 9 P 0 0
P 4.8276669 3.8326771 24 P 0 0
P 4.8276729 3.9409457 24 P 0 0
P 4.8818899 1.2142711 27 P 0 0
P 4.8818899 1.5022711 27 P 0 0
P 4.9459699 3.7101297 15 P 0 0
P 4.9574699 3.7091297 16 P 0 0
P 5.0492119 1.2142701 27 P 0 0
P 5.0492119 1.5022701 27 P 0 0
P 5.0974633 3.71463 14 P 0 0
P 5.1156669 3.8326771 24 P 0 0
P 5.1156729 3.9409457 24 P 0 0
P 5.4035431 3.2008183 8 P 0 0
P 5.4035439 3.3311339 8 P 0 0
P 5.4182181 3.8326771 24 P 0 0
P 5.4182229 3.9409447 24 P 0 0
P 5.5365211 3.7101299 15 P 0 0
P 5.5480211 3.7091299 16 P 0 0
P 5.6880153 3.7146298 14 P 0 0
P 5.7062181 3.8326771 24 P 0 0
P 5.7062229 3.9409447 24 P 0 0
P 5.8007605 1.0925205 22 P 0 0
P 5.9989275 3.8326773 24 P 0 0
P 5.9989317 3.9409455 24 P 0 0
P 6.1172307 3.7101299 15 P 0 0
P 6.1287307 3.7091299 16 P 0 0
P 6.1355269 0.7519691 24 P 0 0
P 6.2687223 3.71463 14 P 0 0
P 6.2869275 3.8326773 24 P 0 0
P 6.2869317 3.9409455 24 P 0 0
P 6.4235269 0.7519691 24 P 0 0
P 6.5417605 1.0925205 22 P 0 0
P 6.5894777 3.8326771 24 P 0 0
P 6.5894817 3.9409441 24 P 0 0
P 6.7077811 3.7101299 15 P 0 0
P 6.7192811 3.7091299 16 P 0 0
P 6.8592735 3.71463 14 P 0 0
P 6.8774777 3.8326771 24 P 0 0
P 6.8774817 3.9409441 24 P 0 0
P 7.4052161 3.9173235 24 P 0 0
P 7.6932161 3.9173235 24 P 0 0
S P 0
OB 0.0383834 1.3292776 I
OS 0.0383834 1.307166
OS 0.019685 1.307166
OS 0.019685 1.3779528
OS 0.0383834 1.3779528
OS 0.0383834 1.355396
OS 0.0950722 1.355396
OS 0.0950722 1.3779528
OS 0.1125834 1.3779528
OS 0.1125834 1.376172
OS 0.1127318 1.3748364
OS 0.1127318 1.3733524
OS 0.1128802 1.37172
OS 0.113177 1.3681584
OS 0.113177 1.36801
OS 0.1133254 1.367268
OS 0.1134738 1.3663776
OS 0.1136222 1.3653388
OS 0.1143642 1.362816
OS 0.1148094 1.3614804
OS 0.1152546 1.3602932
OS 0.115403 1.3601448
OS 0.1155514 1.3596996
OS 0.1159966 1.359106
OS 0.1164418 1.358364
OS 0.1179258 1.3565832
OS 0.119855 1.3549508
OS 0.1200034 1.3548024
OS 0.1204486 1.354654
OS 0.1210422 1.3543572
OS 0.1219326 1.353912
OS 0.1229714 1.3536152
OS 0.124307 1.3533184
OS 0.1256426 1.3530216
OS 0.127275 1.3528732
OS 0.127275 1.3292776
OS 0.0383834 1.3292776
OE
OB 0.1290558 1.2488448 I
OS 0.1289074 1.2472124
OS 0.128759 1.2454316
OS 0.1284622 1.243354
OS 0.1281654 1.241128
OS 0.1271266 1.2365276
OS 0.1263846 1.2340048
OS 0.1256426 1.2316304
OS 0.1246038 1.229256
OS 0.1234166 1.22703
OS 0.122081 1.2249524
OS 0.120597 1.2230232
OS 0.1204486 1.2228748
OS 0.1201518 1.222578
OS 0.1197066 1.2221328
OS 0.119113 1.2213908
OS 0.1182226 1.2206488
OS 0.1171838 1.2199068
OS 0.1158482 1.2190164
OS 0.1145126 1.2179776
OS 0.1128802 1.2170872
OS 0.1110994 1.2161968
OS 0.1090218 1.2154548
OS 0.1069442 1.2145644
OS 0.1047182 1.2139708
OS 0.1021954 1.2135256
OS 0.0995242 1.2132288
OS 0.0967046 1.2130804
OS 0.0965562 1.2130804
OS 0.0962594 1.2130804
OS 0.0958142 1.2130804
OS 0.0950722 1.2130804
OS 0.0941818 1.2132288
OS 0.093143 1.2133772
OS 0.0907686 1.213674
OS 0.0878006 1.2142676
OS 0.0846842 1.2150096
OS 0.081271 1.2161968
OS 0.0778578 1.2176808
OS 0.0777094 1.2176808
OS 0.0774126 1.2178292
OS 0.0769674 1.218126
OS 0.0762254 1.2185712
OS 0.0754834 1.2190164
OS 0.0744446 1.21961
OS 0.0720702 1.2212424
OS 0.0691022 1.22332
OS 0.0658374 1.2258428
OS 0.0622758 1.2289592
OS 0.0584174 1.2325208
OS 0.0581206 1.2328176
OS 0.0573786 1.2335596
OS 0.056043 1.2348952
OS 0.054559 1.2365276
OS 0.0527782 1.2384568
OS 0.050849 1.2405344
OS 0.0468422 1.2451348
OS 0.0466938 1.2454316
OS 0.0461002 1.2461736
OS 0.0452098 1.2472124
OS 0.044171 1.248548
OS 0.0417966 1.251516
OS 0.0407578 1.2528516
OS 0.0398674 1.2540388
OS 0.0398674 1.2083316
OS 0.019685 1.2083316
OS 0.019685 1.2872804
OS 0.0370478 1.2872804
OS 0.0371962 1.287132
OS 0.0373446 1.2868352
OS 0.0377898 1.2862416
OS 0.0383834 1.285648
OS 0.0391254 1.2847576
OS 0.0400158 1.2837188
OS 0.041945 1.2813444
OS 0.044171 1.2785248
OS 0.0466938 1.2755568
OS 0.049365 1.2724404
OS 0.0520362 1.269324
OS 0.0521846 1.2691756
OS 0.052333 1.2690272
OS 0.0527782 1.268582
OS 0.0532234 1.2679884
OS 0.054559 1.2665044
OS 0.0563398 1.2645752
OS 0.0584174 1.2623492
OS 0.0607918 1.2599748
OS 0.0631662 1.2576004
OS 0.0655406 1.255226
OS 0.065689 1.2550776
OS 0.0659858 1.2549292
OS 0.0662826 1.254484
OS 0.0668762 1.2538904
OS 0.0685086 1.2525548
OS 0.0704378 1.250774
OS 0.0728122 1.2489932
OS 0.0751866 1.247064
OS 0.0777094 1.2452832
OS 0.0800838 1.2437992
OS 0.0803806 1.2436508
OS 0.0811226 1.2432056
OS 0.0824582 1.242612
OS 0.0840906 1.2420184
OS 0.0860198 1.2414248
OS 0.0880974 1.2408312
OS 0.0904718 1.240386
OS 0.0929946 1.2402376
OS 0.093143 1.2402376
OS 0.0932914 1.2402376
OS 0.0941818 1.2402376
OS 0.0956658 1.2405344
OS 0.0972982 1.2408312
OS 0.099079 1.2414248
OS 0.1010082 1.2421668
OS 0.1029374 1.243354
OS 0.1045698 1.244838
OS 0.1047182 1.2449864
OS 0.1051634 1.24558
OS 0.1059054 1.2466188
OS 0.1066474 1.2481028
OS 0.107241 1.2498836
OS 0.107983 1.2519612
OS 0.1084282 1.254484
OS 0.1085766 1.2573036
OS 0.1085766 1.2587876
OS 0.1084282 1.2598264
OS 0.1082798 1.2610136
OS 0.1081314 1.2622008
OS 0.1075378 1.2650204
OS 0.1075378 1.2651688
OS 0.1073894 1.265614
OS 0.1070926 1.266356
OS 0.1067958 1.2673948
OS 0.106499 1.2684336
OS 0.1059054 1.2697692
OS 0.1048666 1.2724404
OS 0.1048666 1.2725888
OS 0.1045698 1.273034
OS 0.104273 1.273776
OS 0.1038278 1.2746664
OS 0.102789 1.276744
OS 0.1014534 1.2788216
OS 0.1014534 1.27897
OS 0.1011566 1.2792668
OS 0.100563 1.2801572
OS 0.099821 1.2814928
OS 0.099079 1.2825316
OS 0.099079 1.2846092
OS 0.1223778 1.2846092
OS 0.1225262 1.2844608
OS 0.122823 1.2837188
OS 0.1232682 1.28268
OS 0.1237134 1.281196
OS 0.1244554 1.2792668
OS 0.1251974 1.276744
OS 0.1259394 1.2739244
OS 0.1268298 1.2705112
OS 0.1268298 1.2703628
OS 0.1269782 1.270066
OS 0.1271266 1.2696208
OS 0.127275 1.2688788
OS 0.1274234 1.2679884
OS 0.1275718 1.2669496
OS 0.128017 1.2645752
OS 0.1284622 1.2617556
OS 0.1289074 1.2586392
OS 0.1290558 1.2553744
OS 0.1292042 1.2519612
OS 0.1292042 1.2501804
OS 0.1290558 1.2488448
OE
OB 0.019685 1.1403644 I
OS 0.019685 1.1685604
OS 0.1269782 1.2053636
OS 0.1269782 1.1774644
OS 0.0539654 1.1540172
OS 0.1269782 1.13057
OS 0.1269782 1.1034128
OS 0.019685 1.1403644
OE
SE
S P 0
OB 0.1368208 0.4896473 I
OS 0.1366724 0.4869761
OS 0.136524 0.4841565
OS 0.1363756 0.4811885
OS 0.1360788 0.4783689
OS 0.135782 0.4758461
OS 0.135782 0.4755493
OS 0.1356336 0.4748073
OS 0.1353368 0.4736201
OS 0.13504 0.4721361
OS 0.1344464 0.4703553
OS 0.1338528 0.4684261
OS 0.1331108 0.4664969
OS 0.132072 0.4644193
OS 0.1319236 0.4641225
OS 0.1314784 0.4635289
OS 0.1308848 0.4624901
OS 0.129846 0.4611545
OS 0.1286588 0.4598189
OS 0.1273232 0.4583349
OS 0.1255424 0.4569993
OS 0.1237616 0.4558121
OS 0.1234648 0.4556637
OS 0.1228712 0.4553669
OS 0.1218324 0.4549217
OS 0.1203484 0.4543281
OS 0.1185676 0.4537345
OS 0.11649 0.4532893
OS 0.114264 0.4529925
OS 0.1117412 0.4528441
OS 0.1115928 0.4528441
OS 0.1114444 0.4528441
OS 0.1109992 0.4528441
OS 0.1104056 0.4528441
OS 0.1089216 0.4529925
OS 0.1069924 0.4532893
OS 0.1049148 0.4538829
OS 0.1025404 0.4544765
OS 0.100166 0.4555153
OS 0.0977916 0.4568509
OS 0.0974948 0.4569993
OS 0.0967528 0.4575929
OS 0.095714 0.4584833
OS 0.0943784 0.4596705
OS 0.0928944 0.4611545
OS 0.0914104 0.4630837
OS 0.0899264 0.4651613
OS 0.0887392 0.4676841
OS 0.0881456 0.4676841
OS 0.0881456 0.4675357
OS 0.0879972 0.4672389
OS 0.0878488 0.4667937
OS 0.0877004 0.4660517
OS 0.0874036 0.4651613
OS 0.0871068 0.4642709
OS 0.0863648 0.4618965
OS 0.0851776 0.4593737
OS 0.0836936 0.4568509
OS 0.0817644 0.4541797
OS 0.0795384 0.4518053
OS 0.0792416 0.4515085
OS 0.0783512 0.4509149
OS 0.0770156 0.4498761
OS 0.074938 0.4486889
OS 0.0725636 0.4476501
OS 0.0695956 0.4466113
OS 0.0661824 0.4460177
OS 0.062324 0.4457209
OS 0.0621756 0.4457209
OS 0.0620272 0.4457209
OS 0.061582 0.4457209
OS 0.0609884 0.4457209
OS 0.0595044 0.4458693
OS 0.0575752 0.4461661
OS 0.0553492 0.4464629
OS 0.0529748 0.4470565
OS 0.0506004 0.4477985
OS 0.048226 0.4488373
OS 0.0479292 0.4489857
OS 0.0471872 0.4494309
OS 0.0461484 0.4500245
OS 0.0446644 0.4509149
OS 0.0431804 0.4521021
OS 0.0413996 0.4535861
OS 0.0397672 0.4552185
OS 0.0382832 0.4569993
OS 0.0381348 0.4572961
OS 0.0375412 0.4580381
OS 0.0366508 0.4592253
OS 0.035612 0.4608577
OS 0.0345732 0.4627869
OS 0.033386 0.4650129
OS 0.0323472 0.4675357
OS 0.0314568 0.4702069
OS 0.0314568 0.4703553
OS 0.0313084 0.4705037
OS 0.0313084 0.4709489
OS 0.03116 0.4715425
OS 0.0310116 0.4722845
OS 0.0308632 0.4730265
OS 0.0305664 0.4752525
OS 0.0301212 0.4779237
OS 0.0298244 0.4810401
OS 0.029676 0.4846017
OS 0.0295276 0.4886085
OS 0.0295276 0.5314961
OS 0.1368208 0.5314961
OS 0.1368208 0.4896473
OE
OB 0.1368208 0.4056529 I
OS 0.1368208 0.3764181
OS 0.0295276 0.3400601
OS 0.0295276 0.3678109
OS 0.0513424 0.3744889
OS 0.0513424 0.4083241
OS 0.0295276 0.4150021
OS 0.0295276 0.4418625
OS 0.1368208 0.4056529
OE
OB 0.08681 0.1944797 I
OS 0.0669244 0.1944797
OS 0.0669244 0.2422645
OS 0.08681 0.2422645
OS 0.08681 0.1944797
OE
OB 0.1368208 0.2499813 I
OS 0.1163416 0.2499813
OS 0.1163416 0.2817389
OS 0.0295276 0.2817389
OS 0.0295276 0.3087477
OS 0.1163416 0.3087477
OS 0.1163416 0.3405053
OS 0.1368208 0.3405053
OS 0.1368208 0.2499813
OE
OB 0.117232 0.5046357 H
OS 0.0943784 0.5046357
OS 0.0943784 0.4912797
OS 0.0945268 0.4906861
OS 0.0946752 0.4899441
OS 0.0951204 0.4880149
OS 0.0960108 0.4859373
OS 0.0960108 0.4857889
OS 0.0963076 0.4853437
OS 0.0966044 0.4848985
OS 0.0970496 0.4841565
OS 0.0983852 0.4826725
OS 0.0992756 0.4820789
OS 0.100166 0.4814853
OS 0.1003144 0.4814853
OS 0.1006112 0.4813369
OS 0.1012048 0.4810401
OS 0.1019468 0.4807433
OS 0.1028372 0.4805949
OS 0.103876 0.4802981
OS 0.1063988 0.4801497
OS 0.1065472 0.4801497
OS 0.106844 0.4801497
OS 0.1074376 0.4801497
OS 0.1080312 0.4802981
OS 0.109812 0.4807433
OS 0.1117412 0.4814853
OS 0.1118896 0.4814853
OS 0.1121864 0.4817821
OS 0.1126316 0.4820789
OS 0.1133736 0.4825241
OS 0.1145608 0.4838597
OS 0.1153028 0.4846017
OS 0.115748 0.4856405
OS 0.115748 0.4857889
OS 0.1158964 0.4860857
OS 0.1161932 0.4866793
OS 0.1163416 0.4874213
OS 0.1166384 0.4883117
OS 0.1167868 0.4894989
OS 0.1170836 0.4920217
OS 0.1170836 0.4935057
OS 0.117232 0.4946929
OS 0.117232 0.5046357
OE
OB 0.0759768 0.5046357 H
OS 0.0491164 0.5046357
OS 0.0491164 0.4880149
OS 0.0492648 0.4872729
OS 0.0494132 0.4862341
OS 0.04971 0.4850469
OS 0.0500068 0.4835629
OS 0.0506004 0.4820789
OS 0.051194 0.4805949
OS 0.0513424 0.4804465
OS 0.0514908 0.4800013
OS 0.0517876 0.4792593
OS 0.0523812 0.4785173
OS 0.0529748 0.4776269
OS 0.0537168 0.4767365
OS 0.0547556 0.4759945
OS 0.0557944 0.4752525
OS 0.0559428 0.4751041
OS 0.056388 0.4749557
OS 0.0569816 0.4746589
OS 0.057872 0.4743621
OS 0.0589108 0.4740653
OS 0.060098 0.4737685
OS 0.0614336 0.4734717
OS 0.0627692 0.4734717
OS 0.0629176 0.4734717
OS 0.0635112 0.4734717
OS 0.0644016 0.4736201
OS 0.0655888 0.4737685
OS 0.0681116 0.4743621
OS 0.0692988 0.4748073
OS 0.070486 0.4755493
OS 0.0706344 0.4756977
OS 0.0709312 0.4759945
OS 0.0715248 0.4764397
OS 0.0721184 0.4770333
OS 0.072712 0.4779237
OS 0.073454 0.4789625
OS 0.074196 0.4801497
OS 0.0747896 0.4816337
OS 0.0747896 0.4817821
OS 0.074938 0.4820789
OS 0.0750864 0.4826725
OS 0.0752348 0.4834145
OS 0.0753832 0.4843049
OS 0.07568 0.4854921
OS 0.07568 0.4868277
OS 0.0758284 0.4883117
OS 0.0758284 0.4900925
OS 0.0759768 0.4912797
OS 0.0759768 0.5046357
OE
OB 0.0709312 0.4023881 H
OS 0.0709312 0.3804249
OS 0.1062504 0.3914065
OS 0.0709312 0.4023881
OE
SE
S P 0
OB 0.2057184 2.3105134 I
OS 0.20557 2.3078422
OS 0.2054216 2.3050226
OS 0.2052732 2.3020546
OS 0.2049764 2.299235
OS 0.2046796 2.2967122
OS 0.2046796 2.2964154
OS 0.2045312 2.2956734
OS 0.2042344 2.2944862
OS 0.2039376 2.2930022
OS 0.203344 2.2912214
OS 0.2027504 2.2892922
OS 0.2020084 2.287363
OS 0.2009696 2.2852854
OS 0.2008212 2.2849886
OS 0.200376 2.284395
OS 0.1997824 2.2833562
OS 0.1987436 2.2820206
OS 0.1975564 2.280685
OS 0.1962208 2.279201
OS 0.19444 2.2778654
OS 0.1926592 2.2766782
OS 0.1923624 2.2765298
OS 0.1917688 2.276233
OS 0.19073 2.2757878
OS 0.189246 2.2751942
OS 0.1874652 2.2746006
OS 0.1853876 2.2741554
OS 0.1831616 2.2738586
OS 0.1806388 2.2737102
OS 0.1804904 2.2737102
OS 0.180342 2.2737102
OS 0.1798968 2.2737102
OS 0.1793032 2.2737102
OS 0.1778192 2.2738586
OS 0.17589 2.2741554
OS 0.1738124 2.274749
OS 0.171438 2.2753426
OS 0.1690636 2.2763814
OS 0.1666892 2.277717
OS 0.1663924 2.2778654
OS 0.1656504 2.278459
OS 0.1646116 2.2793494
OS 0.163276 2.2805366
OS 0.161792 2.2820206
OS 0.160308 2.2839498
OS 0.158824 2.2860274
OS 0.1576368 2.2885502
OS 0.1570432 2.2885502
OS 0.1570432 2.2884018
OS 0.1568948 2.288105
OS 0.1567464 2.2876598
OS 0.156598 2.2869178
OS 0.1563012 2.2860274
OS 0.1560044 2.285137
OS 0.1552624 2.2827626
OS 0.1540752 2.2802398
OS 0.1525912 2.277717
OS 0.150662 2.2750458
OS 0.148436 2.2726714
OS 0.1481392 2.2723746
OS 0.1472488 2.271781
OS 0.1459132 2.2707422
OS 0.1438356 2.269555
OS 0.1414612 2.2685162
OS 0.1384932 2.2674774
OS 0.13508 2.2668838
OS 0.1312216 2.266587
OS 0.1310732 2.266587
OS 0.1309248 2.266587
OS 0.1304796 2.266587
OS 0.129886 2.266587
OS 0.128402 2.2667354
OS 0.1264728 2.2670322
OS 0.1242468 2.267329
OS 0.1218724 2.2679226
OS 0.119498 2.2686646
OS 0.1171236 2.2697034
OS 0.1168268 2.2698518
OS 0.1160848 2.270297
OS 0.115046 2.2708906
OS 0.113562 2.271781
OS 0.112078 2.2729682
OS 0.1102972 2.2744522
OS 0.1086648 2.2760846
OS 0.1071808 2.2778654
OS 0.1070324 2.2781622
OS 0.1064388 2.2789042
OS 0.1055484 2.2800914
OS 0.1045096 2.2817238
OS 0.1034708 2.283653
OS 0.1022836 2.285879
OS 0.1012448 2.2884018
OS 0.1003544 2.291073
OS 0.1003544 2.2912214
OS 0.100206 2.2913698
OS 0.100206 2.291815
OS 0.1000576 2.2924086
OS 0.0999092 2.2931506
OS 0.0997608 2.2938926
OS 0.099464 2.2961186
OS 0.0990188 2.2987898
OS 0.098722 2.3019062
OS 0.0985736 2.3054678
OS 0.0984252 2.3094746
OS 0.0984252 2.3523622
OS 0.2057184 2.3523622
OS 0.2057184 2.3105134
OE
OB 0.2057184 2.226519 I
OS 0.2057184 2.1972842
OS 0.0984252 2.1609262
OS 0.0984252 2.188677
OS 0.12024 2.195355
OS 0.12024 2.2291902
OS 0.0984252 2.2358682
OS 0.0984252 2.2627286
OS 0.2057184 2.226519
OE
OB 0.1549656 2.0200946 I
OS 0.1917688 2.0200946
OS 0.1917688 2.0010994
OS 0.1549656 2.0010994
OS 0.1549656 1.9642962
OS 0.1364156 1.9642962
OS 0.1364156 2.0010994
OS 0.0996124 2.0010994
OS 0.0996124 2.0200946
OS 0.1364156 2.0200946
OS 0.1364156 2.0568978
OS 0.1549656 2.0568978
OS 0.1549656 2.0200946
OE
OB 0.2057184 2.0708474 I
OS 0.1852392 2.0708474
OS 0.1852392 2.102605
OS 0.0984252 2.102605
OS 0.0984252 2.1296138
OS 0.1852392 2.1296138
OS 0.1852392 2.1613714
OS 0.2057184 2.1613714
OS 0.2057184 2.0708474
OE
OB 0.1861296 2.3255018 H
OS 0.163276 2.3255018
OS 0.163276 2.3121458
OS 0.1634244 2.3115522
OS 0.1635728 2.3108102
OS 0.164018 2.308881
OS 0.1649084 2.3068034
OS 0.1649084 2.306655
OS 0.1652052 2.3062098
OS 0.165502 2.3057646
OS 0.1659472 2.3050226
OS 0.1672828 2.3035386
OS 0.1681732 2.302945
OS 0.1690636 2.3023514
OS 0.169212 2.3023514
OS 0.1695088 2.302203
OS 0.1701024 2.3019062
OS 0.1708444 2.3016094
OS 0.1717348 2.301461
OS 0.1727736 2.3011642
OS 0.1752964 2.3010158
OS 0.1754448 2.3010158
OS 0.1757416 2.3010158
OS 0.1763352 2.3010158
OS 0.1769288 2.3011642
OS 0.1787096 2.3016094
OS 0.1806388 2.3023514
OS 0.1807872 2.3023514
OS 0.181084 2.3026482
OS 0.1815292 2.302945
OS 0.1822712 2.3033902
OS 0.1834584 2.3047258
OS 0.1842004 2.3054678
OS 0.1846456 2.3065066
OS 0.1846456 2.306655
OS 0.184794 2.3069518
OS 0.1850908 2.3075454
OS 0.1852392 2.3082874
OS 0.185536 2.3091778
OS 0.1856844 2.310365
OS 0.1859812 2.3128878
OS 0.1859812 2.3143718
OS 0.1861296 2.315559
OS 0.1861296 2.3255018
OE
OB 0.1448744 2.3255018 H
OS 0.118014 2.3255018
OS 0.118014 2.308881
OS 0.1181624 2.308139
OS 0.1183108 2.3071002
OS 0.1186076 2.305913
OS 0.1189044 2.304429
OS 0.119498 2.302945
OS 0.1200916 2.301461
OS 0.12024 2.3013126
OS 0.1203884 2.3008674
OS 0.1206852 2.3001254
OS 0.1212788 2.2993834
OS 0.1218724 2.298493
OS 0.1226144 2.2976026
OS 0.1236532 2.2968606
OS 0.124692 2.2961186
OS 0.1248404 2.2959702
OS 0.1252856 2.2958218
OS 0.1258792 2.295525
OS 0.1267696 2.2952282
OS 0.1278084 2.2949314
OS 0.1289956 2.2946346
OS 0.1303312 2.2943378
OS 0.1316668 2.2943378
OS 0.1318152 2.2943378
OS 0.1324088 2.2943378
OS 0.1332992 2.2944862
OS 0.1344864 2.2946346
OS 0.1370092 2.2952282
OS 0.1381964 2.2956734
OS 0.1393836 2.2964154
OS 0.139532 2.2965638
OS 0.1398288 2.2968606
OS 0.1404224 2.2973058
OS 0.141016 2.2978994
OS 0.1416096 2.2987898
OS 0.1423516 2.2998286
OS 0.1430936 2.3010158
OS 0.1436872 2.3024998
OS 0.1436872 2.3026482
OS 0.1438356 2.302945
OS 0.143984 2.3035386
OS 0.1441324 2.3042806
OS 0.1442808 2.305171
OS 0.1445776 2.3063582
OS 0.1445776 2.3076938
OS 0.144726 2.3091778
OS 0.144726 2.3109586
OS 0.1448744 2.3121458
OS 0.1448744 2.3255018
OE
OB 0.1398288 2.2232542 H
OS 0.1398288 2.201291
OS 0.175148 2.2122726
OS 0.1398288 2.2232542
OE
SE
S P 0
OB 0.4417904 2.6322821 I
OS 0.4417904 2.6307981
OS 0.441642 2.6275333
OS 0.4413452 2.6239717
OS 0.4409 2.6202617
OS 0.4404548 2.6165517
OS 0.4404548 2.6161065
OS 0.4403064 2.6155129
OS 0.440158 2.6149193
OS 0.4400096 2.6140289
OS 0.4397128 2.6129901
OS 0.4389708 2.6104673
OS 0.4380804 2.6076477
OS 0.4368932 2.6045313
OS 0.4354092 2.6012665
OS 0.43348 2.5980017
OS 0.4333316 2.5978533
OS 0.4331832 2.5975565
OS 0.432738 2.5969629
OS 0.4322928 2.5962209
OS 0.4315508 2.5953305
OS 0.4306604 2.5942917
OS 0.4285828 2.5919173
OS 0.42606 2.5892461
OS 0.4227952 2.5865749
OS 0.4192336 2.5839037
OS 0.4150784 2.5813809
OS 0.41493 2.5812325
OS 0.4146332 2.5810841
OS 0.4138912 2.5807873
OS 0.4130008 2.5803421
OS 0.411962 2.5798969
OS 0.4106264 2.5794517
OS 0.4091424 2.5788581
OS 0.4073616 2.5782645
OS 0.4055808 2.5776709
OS 0.4035032 2.5770773
OS 0.4012772 2.5766321
OS 0.3989028 2.5761869
OS 0.3937088 2.5754449
OS 0.3880696 2.5751481
OS 0.3879212 2.5751481
OS 0.387476 2.5751481
OS 0.3865856 2.5751481
OS 0.3855468 2.5752965
OS 0.3842112 2.5752965
OS 0.3827272 2.5754449
OS 0.3809464 2.5757417
OS 0.3791656 2.5760385
OS 0.374862 2.5767805
OS 0.37041 2.5779677
OS 0.3658096 2.5796001
OS 0.3634352 2.5806389
OS 0.3612092 2.5818261
OS 0.3610608 2.5818261
OS 0.360764 2.5821229
OS 0.360022 2.5824197
OS 0.35928 2.5830133
OS 0.3582412 2.5836069
OS 0.3572024 2.5843489
OS 0.3545312 2.5862781
OS 0.3517116 2.5886525
OS 0.3485952 2.5914721
OS 0.3457756 2.5947369
OS 0.3431044 2.5982985
OS 0.3431044 2.5984469
OS 0.3428076 2.5987437
OS 0.3426592 2.5991889
OS 0.342214 2.5997825
OS 0.3417688 2.6005245
OS 0.3413236 2.6014149
OS 0.3401364 2.6036409
OS 0.3389492 2.6064605
OS 0.3379104 2.6094285
OS 0.3368716 2.6128417
OS 0.3361296 2.6165517
OS 0.3361296 2.6169969
OS 0.3359812 2.6175905
OS 0.3358328 2.6181841
OS 0.3358328 2.6192229
OS 0.3356844 2.6202617
OS 0.335536 2.6214489
OS 0.3353876 2.6227845
OS 0.3350908 2.6259009
OS 0.3349424 2.6294625
OS 0.3346456 2.6333209
OS 0.3346456 2.6708661
OS 0.4419388 2.6708661
OS 0.4419388 2.6334693
OS 0.4417904 2.6322821
OE
OB 0.4440164 2.5091101 I
OS 0.4440164 2.5073293
OS 0.443868 2.5054001
OS 0.4434228 2.5015417
OS 0.4434228 2.5012449
OS 0.4432744 2.5006513
OS 0.443126 2.4996125
OS 0.4428292 2.4982769
OS 0.4425324 2.4967929
OS 0.4422356 2.4951605
OS 0.4413452 2.4915989
OS 0.4413452 2.4914505
OS 0.4411968 2.4910053
OS 0.4409 2.4902633
OS 0.4406032 2.4892245
OS 0.440158 2.4880373
OS 0.4397128 2.4867017
OS 0.4383772 2.4837337
OS 0.4382288 2.4835853
OS 0.4380804 2.4829917
OS 0.4377836 2.4822497
OS 0.4373384 2.4812109
OS 0.4362996 2.4788365
OS 0.435706 2.4776493
OS 0.4351124 2.4766105
OS 0.409736 2.4766105
OS 0.409736 2.4794301
OS 0.4098844 2.4795785
OS 0.4100328 2.4797269
OS 0.4103296 2.4801721
OS 0.4109232 2.4807657
OS 0.4121104 2.4822497
OS 0.4137428 2.4843273
OS 0.4138912 2.4844757
OS 0.414188 2.4847725
OS 0.4146332 2.4855145
OS 0.4152268 2.4862565
OS 0.4159688 2.4872953
OS 0.4167108 2.4883341
OS 0.4184916 2.4910053
OS 0.41864 2.4911537
OS 0.4189368 2.4915989
OS 0.4192336 2.4924893
OS 0.4198272 2.4933797
OS 0.4204208 2.4947153
OS 0.4210144 2.4960509
OS 0.4217564 2.4976833
OS 0.42235 2.4993157
OS 0.4224984 2.4994641
OS 0.4226468 2.5000577
OS 0.4229436 2.5009481
OS 0.4232404 2.5021353
OS 0.4235372 2.5036193
OS 0.4236856 2.5051033
OS 0.4239824 2.5068841
OS 0.4239824 2.5097037
OS 0.423834 2.5107425
OS 0.4236856 2.5122265
OS 0.4235372 2.5138589
OS 0.4232404 2.5156397
OS 0.4226468 2.5174205
OS 0.4220532 2.5193497
OS 0.4219048 2.5194981
OS 0.4217564 2.5200917
OS 0.4213112 2.5211305
OS 0.4205692 2.5223177
OS 0.4196788 2.5236533
OS 0.41864 2.5252857
OS 0.4173044 2.5269181
OS 0.415672 2.5285505
OS 0.4155236 2.5286989
OS 0.41493 2.5291441
OS 0.4140396 2.5298861
OS 0.4128524 2.5309249
OS 0.41122 2.5319637
OS 0.4092908 2.5330025
OS 0.4070648 2.5340413
OS 0.404542 2.5350801
OS 0.4043936 2.5350801
OS 0.4042452 2.5352285
OS 0.4038 2.5353769
OS 0.4033548 2.5355253
OS 0.4018708 2.5358221
OS 0.3999416 2.5362673
OS 0.3974188 2.5368609
OS 0.3945992 2.5371577
OS 0.3914828 2.5374545
OS 0.3880696 2.5376029
OS 0.3879212 2.5376029
OS 0.3876244 2.5376029
OS 0.3871792 2.5376029
OS 0.3864372 2.5376029
OS 0.3855468 2.5374545
OS 0.384508 2.5374545
OS 0.382282 2.5373061
OS 0.3796108 2.5370093
OS 0.3767912 2.5365641
OS 0.3739716 2.5359705
OS 0.3713004 2.5350801
OS 0.3710036 2.5349317
OS 0.3701132 2.5346349
OS 0.368926 2.5340413
OS 0.367442 2.5331509
OS 0.3656612 2.5322605
OS 0.363732 2.5310733
OS 0.3619512 2.5295893
OS 0.3603188 2.5281053
OS 0.3601704 2.5279569
OS 0.3597252 2.5273633
OS 0.3589832 2.5264729
OS 0.3580928 2.5252857
OS 0.3572024 2.5239501
OS 0.3561636 2.5223177
OS 0.3552732 2.5205369
OS 0.3545312 2.5187561
OS 0.3545312 2.5184593
OS 0.3542344 2.5178657
OS 0.3539376 2.5168269
OS 0.3536408 2.5154913
OS 0.353344 2.5140073
OS 0.3530472 2.5122265
OS 0.3528988 2.5104457
OS 0.3527504 2.5085165
OS 0.3527504 2.5076261
OS 0.3528988 2.5065873
OS 0.3528988 2.5052517
OS 0.3531956 2.5037677
OS 0.3534924 2.5019869
OS 0.3537892 2.5002061
OS 0.3543828 2.4984253
OS 0.3545312 2.4982769
OS 0.3546796 2.4975349
OS 0.3551248 2.4966445
OS 0.35557 2.4956057
OS 0.3561636 2.4942701
OS 0.3567572 2.4929345
OS 0.3576476 2.4915989
OS 0.3583896 2.4902633
OS 0.358538 2.4901149
OS 0.3588348 2.4896697
OS 0.35928 2.4889277
OS 0.3597252 2.4880373
OS 0.3612092 2.4859597
OS 0.3628416 2.4838821
OS 0.36299 2.4837337
OS 0.3632868 2.4834369
OS 0.3635836 2.4829917
OS 0.3641772 2.4822497
OS 0.3655128 2.4807657
OS 0.3669968 2.4791333
OS 0.3669968 2.4766105
OS 0.3417688 2.4766105
OS 0.3417688 2.4767589
OS 0.341472 2.4772041
OS 0.3411752 2.4777977
OS 0.3408784 2.4785397
OS 0.3402848 2.4795785
OS 0.3398396 2.4807657
OS 0.338504 2.4835853
OS 0.338504 2.4837337
OS 0.3382072 2.4841789
OS 0.3379104 2.4850693
OS 0.3374652 2.4859597
OS 0.33702 2.4871469
OS 0.3365748 2.4884825
OS 0.335536 2.4914505
OS 0.335536 2.4915989
OS 0.3353876 2.4923409
OS 0.3350908 2.4932313
OS 0.334794 2.4945669
OS 0.3344972 2.4960509
OS 0.334052 2.4975349
OS 0.3334584 2.5009481
OS 0.3334584 2.5010965
OS 0.33331 2.5016901
OS 0.3331616 2.5027289
OS 0.3330132 2.5040645
OS 0.3328648 2.5056969
OS 0.3327164 2.5077745
OS 0.332568 2.5102973
OS 0.332568 2.5140073
OS 0.3327164 2.5153429
OS 0.3328648 2.5169753
OS 0.3330132 2.5190529
OS 0.33331 2.5214273
OS 0.3337552 2.5239501
OS 0.3343488 2.5267697
OS 0.3350908 2.5298861
OS 0.3361296 2.5330025
OS 0.3373168 2.5361189
OS 0.3386524 2.5393837
OS 0.3404332 2.5425001
OS 0.3423624 2.5456165
OS 0.3445884 2.5484361
OS 0.3471112 2.5512557
OS 0.3472596 2.5514041
OS 0.3478532 2.5518493
OS 0.3485952 2.5525913
OS 0.3497824 2.5534817
OS 0.3512664 2.5545205
OS 0.3530472 2.5557077
OS 0.3552732 2.5570433
OS 0.3576476 2.5582305
OS 0.3604672 2.5595661
OS 0.3635836 2.5609017
OS 0.3668484 2.5620889
OS 0.3705584 2.5631277
OS 0.3745652 2.5640181
OS 0.3788688 2.5647601
OS 0.3833208 2.5652053
OS 0.388218 2.5653537
OS 0.3883664 2.5653537
OS 0.3885148 2.5653537
OS 0.3894052 2.5653537
OS 0.3907408 2.5652053
OS 0.3925216 2.5650569
OS 0.3945992 2.5649085
OS 0.397122 2.5646117
OS 0.3999416 2.5641665
OS 0.4029096 2.5635729
OS 0.406026 2.5628309
OS 0.4094392 2.5619405
OS 0.412704 2.5607533
OS 0.4161172 2.5594177
OS 0.4195304 2.5577853
OS 0.4227952 2.5558561
OS 0.4259116 2.5537785
OS 0.4288796 2.5512557
OS 0.429028 2.5511073
OS 0.4294732 2.5506621
OS 0.4303636 2.5497717
OS 0.431254 2.5485845
OS 0.4324412 2.5472489
OS 0.4337768 2.5454681
OS 0.4351124 2.5433905
OS 0.4365964 2.5411645
OS 0.437932 2.5384933
OS 0.4392676 2.5356737
OS 0.4406032 2.5325573
OS 0.4417904 2.5291441
OS 0.4428292 2.5254341
OS 0.4435712 2.5215757
OS 0.4440164 2.5174205
OS 0.4441648 2.5129685
OS 0.4441648 2.5107425
OS 0.4440164 2.5091101
OE
OB 0.391186 2.4019653 I
OS 0.391186 2.3651621
OS 0.372636 2.3651621
OS 0.372636 2.4019653
OS 0.3358328 2.4019653
OS 0.3358328 2.4209605
OS 0.372636 2.4209605
OS 0.372636 2.4577637
OS 0.391186 2.4577637
OS 0.391186 2.4209605
OS 0.4279892 2.4209605
OS 0.4279892 2.4019653
OS 0.391186 2.4019653
OE
OB 0.4219048 2.6376245 H
OS 0.4219048 2.6438573
OS 0.354828 2.6438573
OS 0.354828 2.6380697
OS 0.3549764 2.6356953
OS 0.3549764 2.6306497
OS 0.3551248 2.6282753
OS 0.3551248 2.6279785
OS 0.3552732 2.6272365
OS 0.3554216 2.6260493
OS 0.3557184 2.6244169
OS 0.3561636 2.6226361
OS 0.3569056 2.6205585
OS 0.357796 2.6184809
OS 0.3589832 2.6164033
OS 0.3589832 2.6162549
OS 0.3591316 2.6161065
OS 0.3597252 2.6153645
OS 0.3606156 2.6141773
OS 0.3619512 2.6126933
OS 0.3635836 2.6110609
OS 0.3655128 2.6094285
OS 0.3678872 2.6077961
OS 0.37041 2.6064605
OS 0.3705584 2.6064605
OS 0.3707068 2.6063121
OS 0.371152 2.6061637
OS 0.3717456 2.6058669
OS 0.3724876 2.6055701
OS 0.373378 2.6052733
OS 0.3754556 2.6046797
OS 0.3781268 2.6040861
OS 0.3810948 2.6034925
OS 0.384508 2.6030473
OS 0.3883664 2.6028989
OS 0.3885148 2.6028989
OS 0.3888116 2.6028989
OS 0.3894052 2.6028989
OS 0.3901472 2.6028989
OS 0.3910376 2.6030473
OS 0.3920764 2.6030473
OS 0.3945992 2.6033441
OS 0.3974188 2.6037893
OS 0.4003868 2.6045313
OS 0.4035032 2.6054217
OS 0.4064712 2.6066089
OS 0.4066196 2.6066089
OS 0.406768 2.6067573
OS 0.4076584 2.6073509
OS 0.4091424 2.6080929
OS 0.4107748 2.6092801
OS 0.412704 2.6109125
OS 0.4146332 2.6128417
OS 0.4165624 2.6150677
OS 0.4181948 2.6177389
OS 0.4183432 2.6180357
OS 0.41864 2.6186293
OS 0.4192336 2.6198165
OS 0.4198272 2.6211521
OS 0.4204208 2.6229329
OS 0.4210144 2.6248621
OS 0.4213112 2.6269397
OS 0.421608 2.6291657
OS 0.421608 2.6302045
OS 0.4217564 2.6315401
OS 0.4217564 2.6352501
OS 0.4219048 2.6376245
OE
SE
S P 0
OB 0.4417905 3.7803136 I
OS 0.4417905 3.7788296
OS 0.4416421 3.7755648
OS 0.4413453 3.7720032
OS 0.4409001 3.7682932
OS 0.4404549 3.7645832
OS 0.4404549 3.764138
OS 0.4403065 3.7635444
OS 0.4401581 3.7629508
OS 0.4400097 3.7620604
OS 0.4397129 3.7610216
OS 0.4389709 3.7584988
OS 0.4380805 3.7556792
OS 0.4368933 3.7525628
OS 0.4354093 3.749298
OS 0.4334801 3.7460332
OS 0.4333317 3.7458848
OS 0.4331833 3.745588
OS 0.4327381 3.7449944
OS 0.4322929 3.7442524
OS 0.4315509 3.743362
OS 0.4306605 3.7423232
OS 0.4285829 3.7399488
OS 0.4260601 3.7372776
OS 0.4227953 3.7346064
OS 0.4192337 3.7319352
OS 0.4150785 3.7294124
OS 0.4149301 3.729264
OS 0.4146333 3.7291156
OS 0.4138913 3.7288188
OS 0.4130009 3.7283736
OS 0.4119621 3.7279284
OS 0.4106265 3.7274832
OS 0.4091425 3.7268896
OS 0.4073617 3.726296
OS 0.4055809 3.7257024
OS 0.4035033 3.7251088
OS 0.4012773 3.7246636
OS 0.3989029 3.7242184
OS 0.3937089 3.7234764
OS 0.3880697 3.7231796
OS 0.3879213 3.7231796
OS 0.3874761 3.7231796
OS 0.3865857 3.7231796
OS 0.3855469 3.723328
OS 0.3842113 3.723328
OS 0.3827273 3.7234764
OS 0.3809465 3.7237732
OS 0.3791657 3.72407
OS 0.3748621 3.724812
OS 0.3704101 3.7259992
OS 0.3658097 3.7276316
OS 0.3634353 3.7286704
OS 0.3612093 3.7298576
OS 0.3610609 3.7298576
OS 0.3607641 3.7301544
OS 0.3600221 3.7304512
OS 0.3592801 3.7310448
OS 0.3582413 3.7316384
OS 0.3572025 3.7323804
OS 0.3545313 3.7343096
OS 0.3517117 3.736684
OS 0.3485953 3.7395036
OS 0.3457757 3.7427684
OS 0.3431045 3.74633
OS 0.3431045 3.7464784
OS 0.3428077 3.7467752
OS 0.3426593 3.7472204
OS 0.3422141 3.747814
OS 0.3417689 3.748556
OS 0.3413237 3.7494464
OS 0.3401365 3.7516724
OS 0.3389493 3.754492
OS 0.3379105 3.75746
OS 0.3368717 3.7608732
OS 0.3361297 3.7645832
OS 0.3361297 3.7650284
OS 0.3359813 3.765622
OS 0.3358329 3.7662156
OS 0.3358329 3.7672544
OS 0.3356845 3.7682932
OS 0.3355361 3.7694804
OS 0.3353877 3.770816
OS 0.3350909 3.7739324
OS 0.3349425 3.777494
OS 0.3346457 3.7813524
OS 0.3346457 3.8188976
OS 0.4419389 3.8188976
OS 0.4419389 3.7815008
OS 0.4417905 3.7803136
OE
OB 0.4440165 3.6571416 I
OS 0.4440165 3.6553608
OS 0.4438681 3.6534316
OS 0.4434229 3.6495732
OS 0.4434229 3.6492764
OS 0.4432745 3.6486828
OS 0.4431261 3.647644
OS 0.4428293 3.6463084
OS 0.4425325 3.6448244
OS 0.4422357 3.643192
OS 0.4413453 3.6396304
OS 0.4413453 3.639482
OS 0.4411969 3.6390368
OS 0.4409001 3.6382948
OS 0.4406033 3.637256
OS 0.4401581 3.6360688
OS 0.4397129 3.6347332
OS 0.4383773 3.6317652
OS 0.4382289 3.6316168
OS 0.4380805 3.6310232
OS 0.4377837 3.6302812
OS 0.4373385 3.6292424
OS 0.4362997 3.626868
OS 0.4357061 3.6256808
OS 0.4351125 3.624642
OS 0.4097361 3.624642
OS 0.4097361 3.6274616
OS 0.4098845 3.62761
OS 0.4100329 3.6277584
OS 0.4103297 3.6282036
OS 0.4109233 3.6287972
OS 0.4121105 3.6302812
OS 0.4137429 3.6323588
OS 0.4138913 3.6325072
OS 0.4141881 3.632804
OS 0.4146333 3.633546
OS 0.4152269 3.634288
OS 0.4159689 3.6353268
OS 0.4167109 3.6363656
OS 0.4184917 3.6390368
OS 0.4186401 3.6391852
OS 0.4189369 3.6396304
OS 0.4192337 3.6405208
OS 0.4198273 3.6414112
OS 0.4204209 3.6427468
OS 0.4210145 3.6440824
OS 0.4217565 3.6457148
OS 0.4223501 3.6473472
OS 0.4224985 3.6474956
OS 0.4226469 3.6480892
OS 0.4229437 3.6489796
OS 0.4232405 3.6501668
OS 0.4235373 3.6516508
OS 0.4236857 3.6531348
OS 0.4239825 3.6549156
OS 0.4239825 3.6577352
OS 0.4238341 3.658774
OS 0.4236857 3.660258
OS 0.4235373 3.6618904
OS 0.4232405 3.6636712
OS 0.4226469 3.665452
OS 0.4220533 3.6673812
OS 0.4219049 3.6675296
OS 0.4217565 3.6681232
OS 0.4213113 3.669162
OS 0.4205693 3.6703492
OS 0.4196789 3.6716848
OS 0.4186401 3.6733172
OS 0.4173045 3.6749496
OS 0.4156721 3.676582
OS 0.4155237 3.6767304
OS 0.4149301 3.6771756
OS 0.4140397 3.6779176
OS 0.4128525 3.6789564
OS 0.4112201 3.6799952
OS 0.4092909 3.681034
OS 0.4070649 3.6820728
OS 0.4045421 3.6831116
OS 0.4043937 3.6831116
OS 0.4042453 3.68326
OS 0.4038001 3.6834084
OS 0.4033549 3.6835568
OS 0.4018709 3.6838536
OS 0.3999417 3.6842988
OS 0.3974189 3.6848924
OS 0.3945993 3.6851892
OS 0.3914829 3.685486
OS 0.3880697 3.6856344
OS 0.3879213 3.6856344
OS 0.3876245 3.6856344
OS 0.3871793 3.6856344
OS 0.3864373 3.6856344
OS 0.3855469 3.685486
OS 0.3845081 3.685486
OS 0.3822821 3.6853376
OS 0.3796109 3.6850408
OS 0.3767913 3.6845956
OS 0.3739717 3.684002
OS 0.3713005 3.6831116
OS 0.3710037 3.6829632
OS 0.3701133 3.6826664
OS 0.3689261 3.6820728
OS 0.3674421 3.6811824
OS 0.3656613 3.680292
OS 0.3637321 3.6791048
OS 0.3619513 3.6776208
OS 0.3603189 3.6761368
OS 0.3601705 3.6759884
OS 0.3597253 3.6753948
OS 0.3589833 3.6745044
OS 0.3580929 3.6733172
OS 0.3572025 3.6719816
OS 0.3561637 3.6703492
OS 0.3552733 3.6685684
OS 0.3545313 3.6667876
OS 0.3545313 3.6664908
OS 0.3542345 3.6658972
OS 0.3539377 3.6648584
OS 0.3536409 3.6635228
OS 0.3533441 3.6620388
OS 0.3530473 3.660258
OS 0.3528989 3.6584772
OS 0.3527505 3.656548
OS 0.3527505 3.6556576
OS 0.3528989 3.6546188
OS 0.3528989 3.6532832
OS 0.3531957 3.6517992
OS 0.3534925 3.6500184
OS 0.3537893 3.6482376
OS 0.3543829 3.6464568
OS 0.3545313 3.6463084
OS 0.3546797 3.6455664
OS 0.3551249 3.644676
OS 0.3555701 3.6436372
OS 0.3561637 3.6423016
OS 0.3567573 3.640966
OS 0.3576477 3.6396304
OS 0.3583897 3.6382948
OS 0.3585381 3.6381464
OS 0.3588349 3.6377012
OS 0.3592801 3.6369592
OS 0.3597253 3.6360688
OS 0.3612093 3.6339912
OS 0.3628417 3.6319136
OS 0.3629901 3.6317652
OS 0.3632869 3.6314684
OS 0.3635837 3.6310232
OS 0.3641773 3.6302812
OS 0.3655129 3.6287972
OS 0.3669969 3.6271648
OS 0.3669969 3.624642
OS 0.3417689 3.624642
OS 0.3417689 3.6247904
OS 0.3414721 3.6252356
OS 0.3411753 3.6258292
OS 0.3408785 3.6265712
OS 0.3402849 3.62761
OS 0.3398397 3.6287972
OS 0.3385041 3.6316168
OS 0.3385041 3.6317652
OS 0.3382073 3.6322104
OS 0.3379105 3.6331008
OS 0.3374653 3.6339912
OS 0.3370201 3.6351784
OS 0.3365749 3.636514
OS 0.3355361 3.639482
OS 0.3355361 3.6396304
OS 0.3353877 3.6403724
OS 0.3350909 3.6412628
OS 0.3347941 3.6425984
OS 0.3344973 3.6440824
OS 0.3340521 3.6455664
OS 0.3334585 3.6489796
OS 0.3334585 3.649128
OS 0.3333101 3.6497216
OS 0.3331617 3.6507604
OS 0.3330133 3.652096
OS 0.3328649 3.6537284
OS 0.3327165 3.655806
OS 0.3325681 3.6583288
OS 0.3325681 3.6620388
OS 0.3327165 3.6633744
OS 0.3328649 3.6650068
OS 0.3330133 3.6670844
OS 0.3333101 3.6694588
OS 0.3337553 3.6719816
OS 0.3343489 3.6748012
OS 0.3350909 3.6779176
OS 0.3361297 3.681034
OS 0.3373169 3.6841504
OS 0.3386525 3.6874152
OS 0.3404333 3.6905316
OS 0.3423625 3.693648
OS 0.3445885 3.6964676
OS 0.3471113 3.6992872
OS 0.3472597 3.6994356
OS 0.3478533 3.6998808
OS 0.3485953 3.7006228
OS 0.3497825 3.7015132
OS 0.3512665 3.702552
OS 0.3530473 3.7037392
OS 0.3552733 3.7050748
OS 0.3576477 3.706262
OS 0.3604673 3.7075976
OS 0.3635837 3.7089332
OS 0.3668485 3.7101204
OS 0.3705585 3.7111592
OS 0.3745653 3.7120496
OS 0.3788689 3.7127916
OS 0.3833209 3.7132368
OS 0.3882181 3.7133852
OS 0.3883665 3.7133852
OS 0.3885149 3.7133852
OS 0.3894053 3.7133852
OS 0.3907409 3.7132368
OS 0.3925217 3.7130884
OS 0.3945993 3.71294
OS 0.3971221 3.7126432
OS 0.3999417 3.712198
OS 0.4029097 3.7116044
OS 0.4060261 3.7108624
OS 0.4094393 3.709972
OS 0.4127041 3.7087848
OS 0.4161173 3.7074492
OS 0.4195305 3.7058168
OS 0.4227953 3.7038876
OS 0.4259117 3.70181
OS 0.4288797 3.6992872
OS 0.4290281 3.6991388
OS 0.4294733 3.6986936
OS 0.4303637 3.6978032
OS 0.4312541 3.696616
OS 0.4324413 3.6952804
OS 0.4337769 3.6934996
OS 0.4351125 3.691422
OS 0.4365965 3.689196
OS 0.4379321 3.6865248
OS 0.4392677 3.6837052
OS 0.4406033 3.6805888
OS 0.4417905 3.6771756
OS 0.4428293 3.6734656
OS 0.4435713 3.6696072
OS 0.4440165 3.665452
OS 0.4441649 3.661
OS 0.4441649 3.658774
OS 0.4440165 3.6571416
OE
OB 0.3720425 3.5642432 I
OS 0.3720425 3.612028
OS 0.3919281 3.612028
OS 0.3919281 3.5642432
OS 0.3720425 3.5642432
OE
OB 0.4219049 3.785656 H
OS 0.4219049 3.7918888
OS 0.3548281 3.7918888
OS 0.3548281 3.7861012
OS 0.3549765 3.7837268
OS 0.3549765 3.7786812
OS 0.3551249 3.7763068
OS 0.3551249 3.77601
OS 0.3552733 3.775268
OS 0.3554217 3.7740808
OS 0.3557185 3.7724484
OS 0.3561637 3.7706676
OS 0.3569057 3.76859
OS 0.3577961 3.7665124
OS 0.3589833 3.7644348
OS 0.3589833 3.7642864
OS 0.3591317 3.764138
OS 0.3597253 3.763396
OS 0.3606157 3.7622088
OS 0.3619513 3.7607248
OS 0.3635837 3.7590924
OS 0.3655129 3.75746
OS 0.3678873 3.7558276
OS 0.3704101 3.754492
OS 0.3705585 3.754492
OS 0.3707069 3.7543436
OS 0.3711521 3.7541952
OS 0.3717457 3.7538984
OS 0.3724877 3.7536016
OS 0.3733781 3.7533048
OS 0.3754557 3.7527112
OS 0.3781269 3.7521176
OS 0.3810949 3.751524
OS 0.3845081 3.7510788
OS 0.3883665 3.7509304
OS 0.3885149 3.7509304
OS 0.3888117 3.7509304
OS 0.3894053 3.7509304
OS 0.3901473 3.7509304
OS 0.3910377 3.7510788
OS 0.3920765 3.7510788
OS 0.3945993 3.7513756
OS 0.3974189 3.7518208
OS 0.4003869 3.7525628
OS 0.4035033 3.7534532
OS 0.4064713 3.7546404
OS 0.4066197 3.7546404
OS 0.4067681 3.7547888
OS 0.4076585 3.7553824
OS 0.4091425 3.7561244
OS 0.4107749 3.7573116
OS 0.4127041 3.758944
OS 0.4146333 3.7608732
OS 0.4165625 3.7630992
OS 0.4181949 3.7657704
OS 0.4183433 3.7660672
OS 0.4186401 3.7666608
OS 0.4192337 3.767848
OS 0.4198273 3.7691836
OS 0.4204209 3.7709644
OS 0.4210145 3.7728936
OS 0.4213113 3.7749712
OS 0.4216081 3.7771972
OS 0.4216081 3.778236
OS 0.4217565 3.7795716
OS 0.4217565 3.7832816
OS 0.4219049 3.785656
OE
SE
S P 0
OB 0.4131155 1.166741 I
OS 0.4131155 1.2041252
OS 0.4286729 1.2041252
OS 0.4286729 1.166741
OS 0.4131155 1.166741
OE
SE
S P 0
OB 0.4280924 1.2949291 I
OS 0.4280924 1.2661363
OS 0.4135799 1.2661363
OS 0.4135799 1.2949291
OS 0.3847871 1.2949291
OS 0.3847871 1.3097899
OS 0.4135799 1.3097899
OS 0.4135799 1.3385827
OS 0.4280924 1.3385827
OS 0.4280924 1.3097899
OS 0.4568852 1.3097899
OS 0.4568852 1.2949291
OS 0.4280924 1.2949291
OE
SE
S P 0
OB 0.7617543 4.6872098 I
OS 0.7626706 4.6872098
OS 0.7635869 4.6871265
OS 0.7657527 4.6868766
OS 0.7659193 4.6868766
OS 0.7662525 4.6867933
OS 0.7667523 4.68671
OS 0.7674187 4.6866267
OS 0.7687515 4.6864601
OS 0.7694179 4.6862935
OS 0.7699177 4.6862102
OS 0.7699177 4.6744649
OS 0.7686682 4.6744649
OS 0.7685849 4.6745482
OS 0.768335 4.6746315
OS 0.7679185 4.6747981
OS 0.767502 4.6749647
OS 0.7669189 4.6751313
OS 0.7661692 4.6753812
OS 0.7653362 4.6756311
OS 0.7652529 4.6756311
OS 0.7649197 4.6757144
OS 0.7644199 4.675881
OS 0.7637535 4.6759643
OS 0.7629205 4.6761309
OS 0.7620042 4.6762142
OS 0.7609213 4.6762975
OS 0.7590887 4.6762975
OS 0.7585889 4.6762142
OS 0.7580058 4.6762142
OS 0.7573394 4.6761309
OS 0.7557567 4.6757977
OS 0.7540074 4.6753812
OS 0.7521748 4.6747148
OS 0.7504255 4.6737985
OS 0.7495925 4.6732154
OS 0.7488428 4.672549
OS 0.7486762 4.6723824
OS 0.7485096 4.6721325
OS 0.7482597 4.6718826
OS 0.7479265 4.6714661
OS 0.7475933 4.6709663
OS 0.7468436 4.6698001
OS 0.7460106 4.6683007
OS 0.7452609 4.6664681
OS 0.7445945 4.6643023
OS 0.7440947 4.6618866
OS 0.7442613 4.6619699
OS 0.7445945 4.6622198
OS 0.7451776 4.662553
OS 0.7460106 4.6629695
OS 0.7468436 4.663386
OS 0.7479265 4.6639691
OS 0.7500923 4.6648854
OS 0.7502589 4.6649687
OS 0.7506754 4.665052
OS 0.7512585 4.6652186
OS 0.7520915 4.6654685
OS 0.7531744 4.6657184
OS 0.7543406 4.665885
OS 0.7555901 4.6659683
OS 0.7570062 4.6660516
OS 0.7575893 4.6660516
OS 0.7581724 4.6659683
OS 0.7590054 4.6659683
OS 0.7599217 4.6658017
OS 0.7609213 4.6656351
OS 0.7620042 4.6654685
OS 0.7630871 4.6651353
OS 0.7632537 4.6651353
OS 0.7635869 4.6649687
OS 0.7640867 4.6648021
OS 0.7647531 4.6645522
OS 0.7655861 4.6641357
OS 0.7664191 4.6637192
OS 0.7681684 4.6626363
OS 0.768335 4.662553
OS 0.7686682 4.6622198
OS 0.7692513 4.6616367
OS 0.7699177 4.6609703
OS 0.7707507 4.660054
OS 0.7715837 4.6589711
OS 0.7723334 4.6577216
OS 0.7730831 4.6563055
OS 0.7730831 4.6562222
OS 0.7731664 4.6561389
OS 0.7732497 4.655889
OS 0.7734163 4.6556391
OS 0.7736662 4.6548061
OS 0.7740827 4.6536399
OS 0.7744159 4.6522238
OS 0.7746658 4.6504745
OS 0.7749157 4.6485586
OS 0.774999 4.6463928
OS 0.774999 4.6463095
OS 0.774999 4.6459763
OS 0.774999 4.6454765
OS 0.7749157 4.6448101
OS 0.7748324 4.6439771
OS 0.7746658 4.6430608
OS 0.7744992 4.6420612
OS 0.7742493 4.640895
OS 0.7739161 4.6396455
OS 0.7734996 4.638396
OS 0.7729998 4.6371465
OS 0.7724167 4.6358137
OS 0.7717503 4.6344809
OS 0.7709173 4.6332314
OS 0.770001 4.6319819
OS 0.7689181 4.6308157
OS 0.7688348 4.6307324
OS 0.7686682 4.6305658
OS 0.768335 4.6302326
OS 0.7678352 4.6298994
OS 0.7671688 4.6293996
OS 0.7665024 4.6288998
OS 0.7655861 4.6283167
OS 0.7645865 4.6278169
OS 0.7635036 4.6272338
OS 0.7622541 4.6266507
OS 0.7609213 4.6261509
OS 0.7594219 4.6256511
OS 0.7578392 4.6253179
OS 0.7561732 4.6249847
OS 0.7543406 4.6248181
OS 0.7524247 4.6247348
OS 0.7515084 4.6247348
OS 0.7510919 4.6248181
OS 0.7505088 4.6248181
OS 0.7492593 4.6249014
OS 0.7478432 4.625068
OS 0.7462605 4.6254012
OS 0.7445945 4.6257344
OS 0.7430118 4.6262342
OS 0.7429285 4.6262342
OS 0.7428452 4.6263175
OS 0.7423454 4.6264841
OS 0.7415957 4.6269006
OS 0.7405961 4.6273171
OS 0.7395132 4.6279835
OS 0.738347 4.6287332
OS 0.7371808 4.6296495
OS 0.7360146 4.6306491
OS 0.735848 4.6308157
OS 0.7354315 4.6313155
OS 0.7348484 4.6320652
OS 0.7340987 4.6330648
OS 0.7332657 4.6343976
OS 0.7323494 4.635897
OS 0.7315164 4.6376463
OS 0.7307667 4.6396455
OS 0.7307667 4.6397288
OS 0.7306834 4.6398954
OS 0.7306001 4.6402286
OS 0.7305168 4.6406451
OS 0.7303502 4.6411449
OS 0.7301836 4.6418113
OS 0.730017 4.642561
OS 0.7299337 4.643394
OS 0.7297671 4.6443103
OS 0.7296005 4.6453099
OS 0.7292673 4.647559
OS 0.7291007 4.650058
OS 0.7290174 4.6528069
OS 0.7290174 4.6528902
OS 0.7290174 4.6531401
OS 0.7290174 4.6535566
OS 0.7290174 4.6541397
OS 0.7291007 4.6548061
OS 0.7291007 4.6556391
OS 0.729184 4.6565554
OS 0.7292673 4.657555
OS 0.7294339 4.6597208
OS 0.7296838 4.6620532
OS 0.7301003 4.6644689
OS 0.7306834 4.6668013
OS 0.7306834 4.6668846
OS 0.7307667 4.6670512
OS 0.73085 4.6673844
OS 0.7310166 4.6678009
OS 0.7311832 4.668384
OS 0.7314331 4.6689671
OS 0.7320162 4.6704665
OS 0.7327659 4.6722158
OS 0.7336822 4.6740484
OS 0.7348484 4.675881
OS 0.7361812 4.6777136
OS 0.7362645 4.6777969
OS 0.7363478 4.6778802
OS 0.7365977 4.6781301
OS 0.7368476 4.6784633
OS 0.7376806 4.6792963
OS 0.7387635 4.6802959
OS 0.7401796 4.6813788
OS 0.7418456 4.682545
OS 0.7437615 4.6837112
OS 0.745844 4.6847108
OS 0.7459273 4.6847108
OS 0.7460939 4.6847941
OS 0.7464271 4.6849607
OS 0.7469269 4.6851273
OS 0.7474267 4.6852939
OS 0.7481764 4.6855438
OS 0.7489261 4.6857937
OS 0.7498424 4.6860436
OS 0.750842 4.6862102
OS 0.7518416 4.6864601
OS 0.7530078 4.68671
OS 0.7542573 4.6868766
OS 0.7570062 4.6872098
OS 0.7599217 4.6872931
OS 0.7610046 4.6872931
OS 0.7617543 4.6872098
OE
OB 0.7196045 4.6477256 I
OS 0.7196045 4.6476423
OS 0.7196045 4.6472258
OS 0.7196045 4.6466427
OS 0.7195212 4.645893
OS 0.7194379 4.6449767
OS 0.7192713 4.6438938
OS 0.7191047 4.6427276
OS 0.7187715 4.6414781
OS 0.7184383 4.640062
OS 0.7180218 4.6387292
OS 0.717522 4.6372298
OS 0.7169389 4.6358137
OS 0.7161892 4.6344809
OS 0.7152729 4.6331481
OS 0.7143566 4.6318153
OS 0.7131904 4.6306491
OS 0.7131071 4.6305658
OS 0.7128572 4.6303992
OS 0.712524 4.630066
OS 0.7120242 4.6297328
OS 0.7113578 4.6293163
OS 0.7105248 4.6288165
OS 0.7096085 4.6282334
OS 0.7084423 4.6277336
OS 0.7071928 4.6271505
OS 0.7057767 4.6265674
OS 0.7042773 4.6260676
OS 0.7026113 4.6256511
OS 0.7007787 4.6253179
OS 0.6987795 4.6249847
OS 0.6966137 4.6248181
OS 0.6943646 4.6247348
OS 0.6931984 4.6247348
OS 0.6923654 4.6248181
OS 0.6913658 4.6249014
OS 0.6901996 4.625068
OS 0.6889501 4.6252346
OS 0.687534 4.6254845
OS 0.6860346 4.6257344
OS 0.6845352 4.6261509
OS 0.6829525 4.6266507
OS 0.6814531 4.6272338
OS 0.6799537 4.6279002
OS 0.6784543 4.6286499
OS 0.6770382 4.6295662
OS 0.6757887 4.6305658
OS 0.6757054 4.6306491
OS 0.6755388 4.6308157
OS 0.6752056 4.6311489
OS 0.6747891 4.6316487
OS 0.6742893 4.6322318
OS 0.6737062 4.6329815
OS 0.6731231 4.6338978
OS 0.67254 4.6348974
OS 0.6719569 4.6360636
OS 0.6713738 4.6373131
OS 0.6707907 4.6387292
OS 0.6702909 4.6402286
OS 0.6698744 4.6419779
OS 0.6695412 4.6437272
OS 0.6693746 4.6456431
OS 0.6692913 4.6477256
OS 0.6692913 4.6862102
OS 0.6844519 4.6862102
OS 0.6844519 4.6486419
OS 0.6844519 4.6485586
OS 0.6844519 4.648392
OS 0.6844519 4.6480588
OS 0.6844519 4.6476423
OS 0.6845352 4.6470592
OS 0.6846185 4.6464761
OS 0.6847851 4.64506
OS 0.685035 4.6435606
OS 0.6854515 4.6419779
OS 0.6860346 4.6405618
OS 0.6867843 4.639229
OS 0.6868676 4.6390624
OS 0.6872008 4.6387292
OS 0.6877839 4.6383127
OS 0.6886169 4.6377296
OS 0.6896998 4.6371465
OS 0.6909493 4.63673
OS 0.692532 4.6363968
OS 0.6943646 4.6362302
OS 0.6948644 4.6362302
OS 0.6951976 4.6363135
OS 0.6961139 4.6363968
OS 0.6972801 4.6365634
OS 0.6984463 4.6369799
OS 0.6997791 4.6374797
OS 0.7009453 4.6381461
OS 0.7019449 4.6391457
OS 0.7020282 4.6393123
OS 0.7023614 4.6397288
OS 0.7027779 4.6403952
OS 0.7031944 4.6413948
OS 0.7036942 4.6427276
OS 0.7040274 4.6443936
OS 0.704194 4.6453099
OS 0.7043606 4.6463095
OS 0.7044439 4.6474757
OS 0.7044439 4.6486419
OS 0.7044439 4.6862102
OS 0.7196045 4.6862102
OS 0.7196045 4.6477256
OE
OB 0.7504255 4.6555558 H
OS 0.7498424 4.6555558
OS 0.7494259 4.6554725
OS 0.7484263 4.6553892
OS 0.7471768 4.6551393
OS 0.7470935 4.6551393
OS 0.7469269 4.655056
OS 0.7465937 4.6549727
OS 0.7461772 4.6548894
OS 0.7451776 4.6545562
OS 0.7440114 4.6541397
OS 0.7440114 4.6540564
OS 0.7440114 4.6538065
OS 0.7440114 4.65339
OS 0.7440114 4.6527236
OS 0.7440114 4.652557
OS 0.7440114 4.6520572
OS 0.7440114 4.6513908
OS 0.7440114 4.6503912
OS 0.7440114 4.6503079
OS 0.7440114 4.6501413
OS 0.7440114 4.6498914
OS 0.7440114 4.6495582
OS 0.7440947 4.6485586
OS 0.7440947 4.6473924
OS 0.744178 4.6460596
OS 0.7443446 4.6447268
OS 0.7445945 4.6433107
OS 0.7448444 4.6420612
OS 0.7449277 4.6418946
OS 0.745011 4.6415614
OS 0.7451776 4.6409783
OS 0.7455108 4.6403119
OS 0.7461772 4.6388125
OS 0.746677 4.6380628
OS 0.7471768 4.6373964
OS 0.7472601 4.6373131
OS 0.7473434 4.6371465
OS 0.7478432 4.6366467
OS 0.7485929 4.6360636
OS 0.7495092 4.6354805
OS 0.7495925 4.6354805
OS 0.7497591 4.6353972
OS 0.750009 4.6353139
OS 0.7504255 4.6352306
OS 0.7513418 4.635064
OS 0.7524247 4.6349807
OS 0.7528412 4.6349807
OS 0.7531744 4.635064
OS 0.7540074 4.6352306
OS 0.755007 4.6355638
OS 0.7550903 4.6355638
OS 0.7552569 4.6356471
OS 0.7555068 4.6358137
OS 0.75584 4.6359803
OS 0.7565897 4.6365634
OS 0.7574227 4.6373964
OS 0.757506 4.6374797
OS 0.7575893 4.6376463
OS 0.7578392 4.6378962
OS 0.7580891 4.6383127
OS 0.7586722 4.6393123
OS 0.759172 4.6404785
OS 0.759172 4.6405618
OS 0.7592553 4.6408117
OS 0.7594219 4.6412282
OS 0.7595052 4.6418113
OS 0.7596718 4.642561
OS 0.7597551 4.643394
OS 0.7598384 4.6444769
OS 0.7598384 4.6457264
OS 0.7598384 4.645893
OS 0.7598384 4.6462262
OS 0.7598384 4.646726
OS 0.7597551 4.6473924
OS 0.7596718 4.6481421
OS 0.7595052 4.6489751
OS 0.7593386 4.6497248
OS 0.7590887 4.6504745
OS 0.7590887 4.6505578
OS 0.7589221 4.6508077
OS 0.7587555 4.6511409
OS 0.7585889 4.6515574
OS 0.7579225 4.652557
OS 0.7570062 4.6535566
OS 0.7569229 4.6536399
OS 0.7567563 4.6537232
OS 0.7565064 4.6538898
OS 0.7561732 4.6541397
OS 0.7551736 4.6546395
OS 0.7540074 4.655056
OS 0.7539241 4.655056
OS 0.7537575 4.6551393
OS 0.753341 4.6552226
OS 0.7529245 4.6553059
OS 0.7524247 4.6553892
OS 0.7517583 4.6554725
OS 0.7504255 4.6555558
OE
SE
S P 0
OB 0.8136721 0.6955352 I
OS 0.8260838 0.6955352
OS 0.8260838 0.6850394
OS 0.7863497 0.6850394
OS 0.7863497 0.6955352
OS 0.7990113 0.6955352
OS 0.7990113 0.7273558
OS 0.7863497 0.7273558
OS 0.7863497 0.7371852
OS 0.7873493 0.7371852
OS 0.788099 0.7372685
OS 0.788932 0.7372685
OS 0.7898483 0.7373518
OS 0.7918475 0.7375184
OS 0.7919308 0.7375184
OS 0.7923473 0.7376017
OS 0.7928471 0.737685
OS 0.7934302 0.7377683
OS 0.7948463 0.7381848
OS 0.795596 0.7384347
OS 0.7962624 0.7386846
OS 0.7963457 0.7387679
OS 0.7965956 0.7388512
OS 0.7969288 0.7391011
OS 0.7973453 0.739351
OS 0.7983449 0.740184
OS 0.7992612 0.7412669
OS 0.7993445 0.7413502
OS 0.7994278 0.7416001
OS 0.7995944 0.7419333
OS 0.7998443 0.7424331
OS 0.8000109 0.7430162
OS 0.8001775 0.7437659
OS 0.8003441 0.7445156
OS 0.8004274 0.7454319
OS 0.8136721 0.7454319
OS 0.8136721 0.6955352
OE
OB 0.7533629 0.7464315 I
OS 0.7542792 0.7463482
OS 0.7552788 0.7462649
OS 0.756445 0.7460983
OS 0.7576945 0.7459317
OS 0.7602768 0.7453486
OS 0.7616929 0.7449321
OS 0.7630257 0.7445156
OS 0.7643585 0.7439325
OS 0.765608 0.7432661
OS 0.7667742 0.7425164
OS 0.7678571 0.7416834
OS 0.7679404 0.7416001
OS 0.768107 0.7414335
OS 0.7683569 0.7411836
OS 0.7687734 0.7408504
OS 0.7691899 0.7403506
OS 0.7696064 0.7397675
OS 0.7701062 0.7390178
OS 0.7706893 0.7382681
OS 0.7711891 0.7373518
OS 0.7716889 0.7363522
OS 0.7721054 0.735186
OS 0.7726052 0.7340198
OS 0.7729384 0.7327703
OS 0.7731883 0.7313542
OS 0.7733549 0.7298548
OS 0.7734382 0.7282721
OS 0.7734382 0.7281888
OS 0.7734382 0.7280222
OS 0.7734382 0.7277723
OS 0.7734382 0.7273558
OS 0.7733549 0.726856
OS 0.7732716 0.7262729
OS 0.773105 0.7249401
OS 0.7727718 0.7232741
OS 0.7723553 0.7215248
OS 0.7716889 0.7196089
OS 0.7708559 0.717693
OS 0.7708559 0.7176097
OS 0.7707726 0.7174431
OS 0.770606 0.7171932
OS 0.7703561 0.7167767
OS 0.7701062 0.7163602
OS 0.769773 0.7157771
OS 0.7688567 0.7144443
OS 0.7676905 0.7127783
OS 0.7662744 0.7109457
OS 0.7645251 0.7089465
OS 0.7625259 0.7067807
OS 0.7623593 0.7066141
OS 0.7619428 0.7061976
OS 0.7611931 0.7054479
OS 0.7602768 0.7046149
OS 0.7591939 0.7036153
OS 0.7580277 0.7025324
OS 0.7554454 0.7002833
OS 0.7552788 0.7002
OS 0.7548623 0.6998668
OS 0.7542792 0.699367
OS 0.7535295 0.6987839
OS 0.7518635 0.6974511
OS 0.7511138 0.696868
OS 0.7504474 0.6963682
OS 0.7761038 0.6963682
OS 0.7761038 0.6850394
OS 0.7317882 0.6850394
OS 0.7317882 0.6947855
OS 0.7318715 0.6948688
OS 0.7320381 0.6949521
OS 0.7323713 0.695202
OS 0.7327045 0.6955352
OS 0.7332043 0.6959517
OS 0.7337874 0.6964515
OS 0.7351202 0.6975344
OS 0.7367029 0.6987839
OS 0.7383689 0.7002
OS 0.7401182 0.7016994
OS 0.7418675 0.7031988
OS 0.7419508 0.7032821
OS 0.7420341 0.7033654
OS 0.742284 0.7036153
OS 0.7426172 0.7038652
OS 0.7434502 0.7046149
OS 0.7445331 0.7056145
OS 0.7457826 0.7067807
OS 0.7471154 0.7081135
OS 0.7484482 0.7094463
OS 0.749781 0.7107791
OS 0.7498643 0.7108624
OS 0.7499476 0.711029
OS 0.7501975 0.7111956
OS 0.7505307 0.7115288
OS 0.7512804 0.7124451
OS 0.75228 0.713528
OS 0.7532796 0.7148608
OS 0.7543625 0.7161936
OS 0.7553621 0.7176097
OS 0.7561951 0.7189425
OS 0.7562784 0.7191091
OS 0.7565283 0.7195256
OS 0.7568615 0.7202753
OS 0.7571947 0.7211916
OS 0.7575279 0.7222745
OS 0.7578611 0.7234407
OS 0.758111 0.7247735
OS 0.7581943 0.7261896
OS 0.7581943 0.7262729
OS 0.7581943 0.7263562
OS 0.7581943 0.726856
OS 0.7580277 0.727689
OS 0.7578611 0.7286053
OS 0.7575279 0.7296049
OS 0.7571114 0.7306878
OS 0.756445 0.7317707
OS 0.755612 0.732687
OS 0.7555287 0.7327703
OS 0.7551955 0.7330202
OS 0.7546124 0.7334367
OS 0.7537794 0.7338532
OS 0.7527798 0.7341864
OS 0.7516136 0.7346029
OS 0.7501975 0.7348528
OS 0.7486148 0.7349361
OS 0.7477818 0.7349361
OS 0.7471987 0.7348528
OS 0.7465323 0.7347695
OS 0.7458659 0.7346862
OS 0.7442832 0.734353
OS 0.7441999 0.734353
OS 0.74395 0.7342697
OS 0.7435335 0.7341031
OS 0.7429504 0.7339365
OS 0.7423673 0.7337699
OS 0.7416176 0.7334367
OS 0.7401182 0.7328536
OS 0.7400349 0.7328536
OS 0.739785 0.732687
OS 0.7393685 0.7325204
OS 0.7388687 0.7322705
OS 0.7377025 0.7316874
OS 0.7365363 0.7309377
OS 0.736453 0.7309377
OS 0.7362864 0.7307711
OS 0.7357866 0.7304379
OS 0.7350369 0.7300214
OS 0.7344538 0.7296049
OS 0.7332876 0.7296049
OS 0.7332876 0.742683
OS 0.7333709 0.7427663
OS 0.7337874 0.7429329
OS 0.7343705 0.7431828
OS 0.7352035 0.7434327
OS 0.7362864 0.7438492
OS 0.7377025 0.7442657
OS 0.7392852 0.7446822
OS 0.7412011 0.745182
OS 0.7412844 0.745182
OS 0.741451 0.7452653
OS 0.7417009 0.7453486
OS 0.7421174 0.7454319
OS 0.7426172 0.7455152
OS 0.7432003 0.7455985
OS 0.7445331 0.7458484
OS 0.7461158 0.7460983
OS 0.7478651 0.7463482
OS 0.7496977 0.7464315
OS 0.7516136 0.7465148
OS 0.7526132 0.7465148
OS 0.7533629 0.7464315
OE
OB 0.704799 0.7464315 I
OS 0.7057986 0.7464315
OS 0.7068815 0.7463482
OS 0.7090473 0.7460983
OS 0.7092139 0.7460983
OS 0.7095471 0.746015
OS 0.7101302 0.7459317
OS 0.7108799 0.7457651
OS 0.7117129 0.7455985
OS 0.7126292 0.7454319
OS 0.7146284 0.7449321
OS 0.7147117 0.7449321
OS 0.7149616 0.7448488
OS 0.7153781 0.7446822
OS 0.7159612 0.7445156
OS 0.7166276 0.7442657
OS 0.7173773 0.7440158
OS 0.7190433 0.7432661
OS 0.7191266 0.7431828
OS 0.7194598 0.7430995
OS 0.7198763 0.7429329
OS 0.7204594 0.742683
OS 0.7217922 0.7420999
OS 0.7224586 0.7417667
OS 0.7230417 0.7414335
OS 0.7230417 0.7271892
OS 0.721459 0.7271892
OS 0.7213757 0.7272725
OS 0.7212924 0.7273558
OS 0.7210425 0.7275224
OS 0.7207093 0.7278556
OS 0.7198763 0.728522
OS 0.7187101 0.7294383
OS 0.7186268 0.7295216
OS 0.7184602 0.7296882
OS 0.7180437 0.7299381
OS 0.7176272 0.7302713
OS 0.7170441 0.7306878
OS 0.716461 0.7311043
OS 0.7149616 0.7321039
OS 0.7148783 0.7321872
OS 0.7146284 0.7323538
OS 0.7141286 0.7325204
OS 0.7136288 0.7328536
OS 0.7128791 0.7331868
OS 0.7121294 0.73352
OS 0.7112131 0.7339365
OS 0.7102968 0.7342697
OS 0.7102135 0.734353
OS 0.7098803 0.7344363
OS 0.7093805 0.7346029
OS 0.7087141 0.7347695
OS 0.7078811 0.7349361
OS 0.7070481 0.7350194
OS 0.7060485 0.735186
OS 0.7044658 0.735186
OS 0.7038827 0.7351027
OS 0.7030497 0.7350194
OS 0.7021334 0.7349361
OS 0.7011338 0.7347695
OS 0.7001342 0.7344363
OS 0.6990513 0.7341031
OS 0.698968 0.7340198
OS 0.6986348 0.7339365
OS 0.6980517 0.7336866
OS 0.6973853 0.7332701
OS 0.6966356 0.7327703
OS 0.6957193 0.7321872
OS 0.694803 0.7314375
OS 0.6938867 0.7305212
OS 0.6938034 0.7304379
OS 0.6935535 0.7301047
OS 0.693137 0.7296049
OS 0.6925539 0.7289385
OS 0.6919708 0.7280222
OS 0.6913877 0.7269393
OS 0.6908046 0.7256898
OS 0.6902215 0.7242737
OS 0.6902215 0.7241904
OS 0.6901382 0.7241071
OS 0.6900549 0.7238572
OS 0.6899716 0.7236073
OS 0.689805 0.7227743
OS 0.6895551 0.7216914
OS 0.6892219 0.7202753
OS 0.6890553 0.7186926
OS 0.6888887 0.7169433
OS 0.6888054 0.7150274
OS 0.6888054 0.7149441
OS 0.6888054 0.7147775
OS 0.6888054 0.7145276
OS 0.6888054 0.7141111
OS 0.6888887 0.7136113
OS 0.6888887 0.7130282
OS 0.688972 0.7117787
OS 0.6891386 0.7102793
OS 0.6893885 0.7086966
OS 0.6897217 0.7071139
OS 0.6902215 0.7056145
OS 0.6903048 0.7054479
OS 0.6904714 0.7049481
OS 0.6908046 0.7042817
OS 0.6913044 0.7034487
OS 0.6918042 0.7024491
OS 0.6924706 0.7013662
OS 0.6933036 0.7003666
OS 0.6941366 0.6994503
OS 0.6942199 0.699367
OS 0.6945531 0.6991171
OS 0.6950529 0.6987006
OS 0.6957193 0.6982008
OS 0.696469 0.697701
OS 0.6973853 0.6971179
OS 0.6983849 0.6966181
OS 0.6993845 0.6962016
OS 0.6995511 0.6962016
OS 0.6998843 0.696035
OS 0.7004674 0.6958684
OS 0.7012171 0.6957018
OS 0.7020501 0.6955352
OS 0.7030497 0.6953686
OS 0.7040493 0.6952853
OS 0.7051322 0.695202
OS 0.705632 0.695202
OS 0.7062151 0.6952853
OS 0.7069648 0.6952853
OS 0.7077978 0.6954519
OS 0.7087974 0.6956185
OS 0.709797 0.6957851
OS 0.7107966 0.6961183
OS 0.7108799 0.6962016
OS 0.7112964 0.6962849
OS 0.7117962 0.6965348
OS 0.7123793 0.6967847
OS 0.713129 0.6971179
OS 0.7138787 0.6974511
OS 0.7146284 0.6979509
OS 0.7153781 0.6983674
OS 0.7154614 0.6984507
OS 0.7157113 0.6986173
OS 0.7161278 0.6988672
OS 0.7166276 0.6991171
OS 0.7177938 0.6999501
OS 0.71896 0.7008664
OS 0.7190433 0.7009497
OS 0.7192099 0.7011163
OS 0.7194598 0.7012829
OS 0.7198763 0.7016161
OS 0.7207093 0.7023658
OS 0.7216256 0.7031988
OS 0.7230417 0.7031988
OS 0.7230417 0.6890378
OS 0.7229584 0.6890378
OS 0.7227085 0.6888712
OS 0.7223753 0.6887046
OS 0.7219588 0.688538
OS 0.7213757 0.6882048
OS 0.7207093 0.6879549
OS 0.7191266 0.6872052
OS 0.7190433 0.6872052
OS 0.7187934 0.6870386
OS 0.7182936 0.686872
OS 0.7177938 0.6866221
OS 0.7171274 0.6863722
OS 0.7163777 0.6861223
OS 0.7147117 0.6855392
OS 0.7146284 0.6855392
OS 0.7142119 0.6854559
OS 0.7137121 0.6852893
OS 0.7129624 0.6851227
OS 0.7121294 0.6849561
OS 0.7112964 0.6847062
OS 0.7093805 0.684373
OS 0.7092972 0.684373
OS 0.708964 0.6842897
OS 0.7083809 0.6842064
OS 0.7076312 0.6841231
OS 0.7067149 0.6840398
OS 0.7055487 0.6839565
OS 0.7041326 0.6838732
OS 0.7020501 0.6838732
OS 0.7013004 0.6839565
OS 0.7003841 0.6840398
OS 0.6992179 0.6841231
OS 0.6978851 0.6842897
OS 0.696469 0.6845396
OS 0.6948863 0.6848728
OS 0.693137 0.6852893
OS 0.6913877 0.6858724
OS 0.6896384 0.6865388
OS 0.6878058 0.6872885
OS 0.6860565 0.6882881
OS 0.6843072 0.689371
OS 0.6827245 0.6906205
OS 0.6811418 0.6920366
OS 0.6810585 0.6921199
OS 0.6808086 0.6924531
OS 0.6803921 0.6928696
OS 0.6798923 0.693536
OS 0.6793092 0.694369
OS 0.6786428 0.6953686
OS 0.6778931 0.6966181
OS 0.6772267 0.6979509
OS 0.676477 0.6995336
OS 0.6757273 0.7012829
OS 0.6750609 0.7031155
OS 0.6744778 0.705198
OS 0.673978 0.7074471
OS 0.6735615 0.7098628
OS 0.6733116 0.7123618
OS 0.6732283 0.7151107
OS 0.6732283 0.715194
OS 0.6732283 0.7152773
OS 0.6732283 0.7157771
OS 0.6733116 0.7165268
OS 0.6733949 0.7175264
OS 0.6734782 0.7186926
OS 0.6736448 0.7201087
OS 0.6738947 0.7216914
OS 0.6742279 0.7233574
OS 0.6746444 0.7251067
OS 0.6751442 0.7270226
OS 0.6758106 0.7288552
OS 0.6765603 0.7307711
OS 0.6774766 0.732687
OS 0.6785595 0.7345196
OS 0.6797257 0.7362689
OS 0.6811418 0.7379349
OS 0.6812251 0.7380182
OS 0.681475 0.7382681
OS 0.6819748 0.7387679
OS 0.6826412 0.7392677
OS 0.6833909 0.7399341
OS 0.6843905 0.7406838
OS 0.6855567 0.7414335
OS 0.6868062 0.7422665
OS 0.6883056 0.7430162
OS 0.6898883 0.7437659
OS 0.6916376 0.7445156
OS 0.6935535 0.745182
OS 0.695636 0.7457651
OS 0.6978018 0.7461816
OS 0.7001342 0.7464315
OS 0.7026332 0.7465148
OS 0.7038827 0.7465148
OS 0.704799 0.7464315
OE
SE
S P 0
OB 0.831456 4.0009708 I
OS 0.8057996 3.9527401
OS 0.7890563 3.9527401
OS 0.8157956 4.0016372
OS 0.7872237 4.0016372
OS 0.7872237 4.012966
OS 0.831456 4.012966
OS 0.831456 4.0009708
OE
OB 0.7770611 3.9744814 I
OS 0.7770611 3.9743981
OS 0.7770611 3.9739816
OS 0.7770611 3.9733985
OS 0.7769778 3.9726488
OS 0.7768945 3.9717325
OS 0.7767279 3.9706496
OS 0.7765613 3.9694834
OS 0.7762281 3.9682339
OS 0.7758949 3.9668178
OS 0.7754784 3.965485
OS 0.7749786 3.9639856
OS 0.7743955 3.9625695
OS 0.7736458 3.9612367
OS 0.7727295 3.9599039
OS 0.7718132 3.9585711
OS 0.770647 3.9574049
OS 0.7705637 3.9573216
OS 0.7703138 3.957155
OS 0.7699806 3.9568218
OS 0.7694808 3.9564886
OS 0.7688144 3.9560721
OS 0.7679814 3.9555723
OS 0.7670651 3.9549892
OS 0.7658989 3.9544894
OS 0.7646494 3.9539063
OS 0.7632333 3.9533232
OS 0.7617339 3.9528234
OS 0.7600679 3.9524069
OS 0.7582353 3.9520737
OS 0.7562361 3.9517405
OS 0.7540703 3.9515739
OS 0.7518212 3.9514906
OS 0.750655 3.9514906
OS 0.749822 3.9515739
OS 0.7488224 3.9516572
OS 0.7476562 3.9518238
OS 0.7464067 3.9519904
OS 0.7449906 3.9522403
OS 0.7434912 3.9524902
OS 0.7419918 3.9529067
OS 0.7404091 3.9534065
OS 0.7389097 3.9539896
OS 0.7374103 3.954656
OS 0.7359109 3.9554057
OS 0.7344948 3.956322
OS 0.7332453 3.9573216
OS 0.733162 3.9574049
OS 0.7329954 3.9575715
OS 0.7326622 3.9579047
OS 0.7322457 3.9584045
OS 0.7317459 3.9589876
OS 0.7311628 3.9597373
OS 0.7305797 3.9606536
OS 0.7299966 3.9616532
OS 0.7294135 3.9628194
OS 0.7288304 3.9640689
OS 0.7282473 3.965485
OS 0.7277475 3.9669844
OS 0.727331 3.9687337
OS 0.7269978 3.970483
OS 0.7268312 3.9723989
OS 0.7267479 3.9744814
OS 0.7267479 4.012966
OS 0.7419085 4.012966
OS 0.7419085 3.9753977
OS 0.7419085 3.9753144
OS 0.7419085 3.9751478
OS 0.7419085 3.9748146
OS 0.7419085 3.9743981
OS 0.7419918 3.973815
OS 0.7420751 3.9732319
OS 0.7422417 3.9718158
OS 0.7424916 3.9703164
OS 0.7429081 3.9687337
OS 0.7434912 3.9673176
OS 0.7442409 3.9659848
OS 0.7443242 3.9658182
OS 0.7446574 3.965485
OS 0.7452405 3.9650685
OS 0.7460735 3.9644854
OS 0.7471564 3.9639023
OS 0.7484059 3.9634858
OS 0.7499886 3.9631526
OS 0.7518212 3.962986
OS 0.752321 3.962986
OS 0.7526542 3.9630693
OS 0.7535705 3.9631526
OS 0.7547367 3.9633192
OS 0.7559029 3.9637357
OS 0.7572357 3.9642355
OS 0.7584019 3.9649019
OS 0.7594015 3.9659015
OS 0.7594848 3.9660681
OS 0.759818 3.9664846
OS 0.7602345 3.967151
OS 0.760651 3.9681506
OS 0.7611508 3.9694834
OS 0.761484 3.9711494
OS 0.7616506 3.9720657
OS 0.7618172 3.9730653
OS 0.7619005 3.9742315
OS 0.7619005 3.9753977
OS 0.7619005 4.012966
OS 0.7770611 4.012966
OS 0.7770611 3.9744814
OE
SE
S P 0
OB 0.9965903 1.3566677 I
OS 0.9978398 1.3566677
OS 0.9993392 1.3565011
OS 1.0009219 1.3563345
OS 1.0025046 1.3560846
OS 1.004004 1.3557514
OS 1.0041706 1.3557514
OS 1.0046704 1.3555848
OS 1.0054201 1.3553349
OS 1.0063364 1.355085
OS 1.007336 1.3546685
OS 1.0085022 1.354252
OS 1.0096684 1.3536689
OS 1.0107513 1.3530858
OS 1.0109179 1.3530025
OS 1.0112511 1.3527526
OS 1.0118342 1.3523361
OS 1.0125006 1.351753
OS 1.0132503 1.3510866
OS 1.014 1.3502536
OS 1.0147497 1.3493373
OS 1.0153328 1.3482544
OS 1.0154161 1.3480878
OS 1.0155827 1.3477546
OS 1.0158326 1.3471715
OS 1.0161658 1.3463385
OS 1.0164157 1.3453389
OS 1.0166656 1.344256
OS 1.0168322 1.3430065
OS 1.0169155 1.3416737
OS 1.0169155 1.3415904
OS 1.0169155 1.3414238
OS 1.0169155 1.3411739
OS 1.0168322 1.3408407
OS 1.0167489 1.3398411
OS 1.0165823 1.3385916
OS 1.0161658 1.3371755
OS 1.015666 1.3356761
OS 1.0149163 1.3341767
OS 1.0139167 1.3326773
OS 1.0137501 1.3325107
OS 1.0134169 1.3320942
OS 1.0127505 1.3314278
OS 1.0118342 1.3305948
OS 1.010668 1.3297618
OS 1.0093352 1.3289288
OS 1.0078358 1.3282624
OS 1.0060865 1.3276793
OS 1.0060865 1.3270962
OS 1.0061698 1.3270962
OS 1.0064197 1.3270129
OS 1.0069195 1.3269296
OS 1.0074193 1.3268463
OS 1.0080857 1.3266797
OS 1.0087521 1.3265131
OS 1.0102515 1.3260133
OS 1.0103348 1.3260133
OS 1.0105847 1.3258467
OS 1.0110012 1.3256801
OS 1.011501 1.3254302
OS 1.0121674 1.325097
OS 1.0128338 1.3246805
OS 1.0135002 1.3240974
OS 1.0142499 1.3235143
OS 1.0143332 1.323431
OS 1.0145831 1.3232644
OS 1.0149163 1.3228479
OS 1.0153328 1.3224314
OS 1.0157493 1.3218483
OS 1.0163324 1.3210986
OS 1.0167489 1.3203489
OS 1.0172487 1.3194326
OS 1.017332 1.3193493
OS 1.0174153 1.3190161
OS 1.0176652 1.318433
OS 1.0179151 1.3177666
OS 1.0180817 1.3169336
OS 1.0183316 1.3158507
OS 1.0184149 1.3147678
OS 1.0184982 1.3135183
OS 1.0184982 1.313435
OS 1.0184982 1.3133517
OS 1.0184982 1.3131018
OS 1.0184982 1.3127686
OS 1.0184149 1.3119356
OS 1.0183316 1.3108527
OS 1.0180817 1.3096032
OS 1.0178318 1.3082704
OS 1.0174153 1.3068543
OS 1.0168322 1.3054382
OS 1.0167489 1.3052716
OS 1.016499 1.3048551
OS 1.0161658 1.3041887
OS 1.0155827 1.3032724
OS 1.0149163 1.3023561
OS 1.0140833 1.3012732
OS 1.0130837 1.3002736
OS 1.0120008 1.299274
OS 1.0118342 1.2991907
OS 1.0114177 1.2988575
OS 1.0107513 1.2983577
OS 1.0099183 1.2978579
OS 1.0087521 1.2971915
OS 1.0075026 1.2965251
OS 1.0060865 1.295942
OS 1.0045038 1.2953589
OS 1.0044205 1.2953589
OS 1.0043372 1.2952756
OS 1.0040873 1.2952756
OS 1.0037541 1.2951923
OS 1.0033376 1.2950257
OS 1.0028378 1.2949424
OS 1.0015883 1.2946925
OS 1.0000889 1.2944426
OS 0.9983396 1.294276
OS 0.9963404 1.2941094
OS 0.9940913 1.2940261
OS 0.9922587 1.2940261
OS 0.9915923 1.2941094
OS 0.9907593 1.2941094
OS 0.9899263 1.2941927
OS 0.9880104 1.294276
OS 0.9860112 1.2945259
OS 0.9839287 1.2947758
OS 0.9819295 1.2951923
OS 0.9818462 1.2951923
OS 0.9816796 1.2952756
OS 0.9814297 1.2952756
OS 0.9810965 1.2953589
OS 0.9801802 1.2956088
OS 0.979014 1.295942
OS 0.9777645 1.2963585
OS 0.9764317 1.296775
OS 0.9750989 1.2972748
OS 0.9738494 1.2977746
OS 0.9738494 1.3108527
OS 0.9752655 1.3108527
OS 0.9754321 1.3107694
OS 0.9758486 1.3105195
OS 0.976515 1.310103
OS 0.9775146 1.3096032
OS 0.9785975 1.3090201
OS 0.9799303 1.3083537
OS 0.9814297 1.3076873
OS 0.9830124 1.3071042
OS 0.9830957 1.3071042
OS 0.983179 1.3070209
OS 0.9834289 1.3069376
OS 0.9837621 1.3068543
OS 0.9845951 1.3066044
OS 0.9857613 1.3063545
OS 0.9870108 1.3061046
OS 0.9883436 1.3058547
OS 0.9897597 1.3056881
OS 0.9911758 1.3056048
OS 0.9920088 1.3056048
OS 0.9925919 1.3056881
OS 0.9933416 1.3056881
OS 0.9940913 1.3057714
OS 0.9959239 1.305938
OS 0.9960072 1.305938
OS 0.9963404 1.3060213
OS 0.9968402 1.3061046
OS 0.9974233 1.3063545
OS 0.9988394 1.3068543
OS 0.9995891 1.3072708
OS 1.0002555 1.3076873
OS 1.0003388 1.3077706
OS 1.0005054 1.3078539
OS 1.0007553 1.3081038
OS 1.0010885 1.3083537
OS 1.0018382 1.3091867
OS 1.0025046 1.3101863
OS 1.0025046 1.3102696
OS 1.0026712 1.3104362
OS 1.0027545 1.3107694
OS 1.0029211 1.3112692
OS 1.0030877 1.3118523
OS 1.003171 1.312602
OS 1.0033376 1.313435
OS 1.0033376 1.3144346
OS 1.0033376 1.3145179
OS 1.0033376 1.3148511
OS 1.0032543 1.3153509
OS 1.003171 1.315934
OS 1.0030044 1.3166004
OS 1.0028378 1.3172668
OS 1.0025046 1.3179332
OS 1.0020881 1.3185163
OS 1.0020048 1.3185996
OS 1.0018382 1.3187662
OS 1.0015883 1.3190161
OS 1.0012551 1.3193493
OS 1.0008386 1.3196825
OS 1.0003388 1.320099
OS 0.999006 1.3206821
OS 0.9989227 1.3206821
OS 0.9986728 1.3207654
OS 0.9982563 1.320932
OS 0.9976732 1.3210986
OS 0.9970068 1.3211819
OS 0.9962571 1.3213485
OS 0.9953408 1.3214318
OS 0.9943412 1.3215151
OS 0.9933416 1.3215151
OS 0.9927585 1.3215984
OS 0.9870108 1.3215984
OS 0.9870108 1.3320942
OS 0.9910092 1.3320942
OS 0.9917589 1.3321775
OS 0.9925919 1.3321775
OS 0.9943412 1.3322608
OS 0.9944245 1.3322608
OS 0.9947577 1.3323441
OS 0.9951742 1.3323441
OS 0.995674 1.3325107
OS 0.9970068 1.3327606
OS 0.9982563 1.3332604
OS 0.9983396 1.3332604
OS 0.9985062 1.333427
OS 0.9988394 1.3335936
OS 0.9991726 1.3338435
OS 1.0000889 1.3344266
OS 1.0008386 1.3353429
OS 1.0009219 1.3354262
OS 1.0010052 1.3355928
OS 1.0011718 1.335926
OS 1.0013384 1.3363425
OS 1.001505 1.3369256
OS 1.0015883 1.337592
OS 1.0017549 1.3383417
OS 1.0017549 1.3391747
OS 1.0017549 1.339258
OS 1.0017549 1.3395079
OS 1.0016716 1.3397578
OS 1.0016716 1.3401743
OS 1.0013384 1.3411739
OS 1.0011718 1.3416737
OS 1.0008386 1.3420902
OS 1.0008386 1.3421735
OS 1.000672 1.3422568
OS 1.0002555 1.3427566
OS 0.9995891 1.3433397
OS 0.9987561 1.3439228
OS 0.9986728 1.3439228
OS 0.9985062 1.3440061
OS 0.998173 1.3441727
OS 0.9978398 1.3443393
OS 0.99734 1.3445059
OS 0.9967569 1.3446725
OS 0.9953408 1.3449224
OS 0.9952575 1.3449224
OS 0.9950076 1.3450057
OS 0.9946744 1.3450057
OS 0.9942579 1.345089
OS 0.993175 1.3451723
OS 0.9912591 1.3451723
OS 0.990676 1.345089
OS 0.9900096 1.3450057
OS 0.9891766 1.3449224
OS 0.9875106 1.3445892
OS 0.9874273 1.3445892
OS 0.9870941 1.3445059
OS 0.9866776 1.3444226
OS 0.9860945 1.344256
OS 0.9854281 1.3440061
OS 0.9846784 1.3438395
OS 0.9830957 1.3432564
OS 0.9830124 1.3432564
OS 0.9828458 1.3431731
OS 0.9824293 1.3430065
OS 0.9820128 1.3428399
OS 0.981513 1.34259
OS 0.9808466 1.3422568
OS 0.9795138 1.3415904
OS 0.9794305 1.3415904
OS 0.9791806 1.3414238
OS 0.9789307 1.3412572
OS 0.9785142 1.3410073
OS 0.9775979 1.3405075
OS 0.9771814 1.3403409
OS 0.9768482 1.340091
OS 0.9755987 1.340091
OS 0.9755987 1.3529192
OS 0.9757653 1.3530025
OS 0.9761818 1.3531691
OS 0.9768482 1.353419
OS 0.9777645 1.3537522
OS 0.979014 1.3541687
OS 0.9804301 1.3545852
OS 0.9820961 1.3550017
OS 0.9839287 1.3555015
OS 0.984012 1.3555015
OS 0.9841786 1.3555848
OS 0.9844285 1.3555848
OS 0.984845 1.3556681
OS 0.9853448 1.3558347
OS 0.9858446 1.355918
OS 0.9872607 1.3561679
OS 0.9888434 1.3563345
OS 0.990676 1.3565844
OS 0.9926752 1.3566677
OS 0.9946744 1.356751
OS 0.9960905 1.356751
OS 0.9965903 1.3566677
OE
OB 1.0504021 1.3566677 I
OS 1.0509852 1.3566677
OS 1.0525679 1.3565011
OS 1.0542339 1.3562512
OS 1.0560665 1.3558347
OS 1.0578991 1.3553349
OS 1.0595651 1.3546685
OS 1.0596484 1.3546685
OS 1.0597317 1.3545852
OS 1.0599816 1.3544186
OS 1.0603148 1.354252
OS 1.0610645 1.3538355
OS 1.0620641 1.3531691
OS 1.0632303 1.3522528
OS 1.0643965 1.3512532
OS 1.065646 1.3500037
OS 1.0667289 1.3485876
OS 1.0667289 1.3485043
OS 1.0668122 1.348421
OS 1.0669788 1.3481711
OS 1.0671454 1.3478379
OS 1.0676452 1.3470049
OS 1.0682283 1.3458387
OS 1.0688947 1.3444226
OS 1.0695611 1.3427566
OS 1.0702275 1.3408407
OS 1.0707273 1.3387582
OS 1.0707273 1.3386749
OS 1.0708106 1.3385083
OS 1.0708106 1.3381751
OS 1.0708939 1.3377586
OS 1.0710605 1.3371755
OS 1.0711438 1.3365091
OS 1.0712271 1.3357594
OS 1.0713937 1.3349264
OS 1.071477 1.3339268
OS 1.0715603 1.3329272
OS 1.0718102 1.3306781
OS 1.0718935 1.3280958
OS 1.0719768 1.3253469
OS 1.0719768 1.3252636
OS 1.0719768 1.3250137
OS 1.0719768 1.3245972
OS 1.0719768 1.3240141
OS 1.0719768 1.3233477
OS 1.0718935 1.322598
OS 1.0718935 1.3216817
OS 1.0718102 1.3207654
OS 1.0716436 1.3185996
OS 1.0713937 1.3163505
OS 1.0710605 1.3139348
OS 1.070644 1.3116857
OS 1.070644 1.3116024
OS 1.0705607 1.3114358
OS 1.0704774 1.3111026
OS 1.0703941 1.3106861
OS 1.0703108 1.3101863
OS 1.0701442 1.3096032
OS 1.0696444 1.3082704
OS 1.0691446 1.306771
OS 1.0683949 1.305105
OS 1.0676452 1.3035223
OS 1.0666456 1.3019396
OS 1.0666456 1.3018563
OS 1.0665623 1.301773
OS 1.0661458 1.3012732
OS 1.0655627 1.3006068
OS 1.0647297 1.2997738
OS 1.0637301 1.2987742
OS 1.0624806 1.2977746
OS 1.0610645 1.2968583
OS 1.0594818 1.2960253
OS 1.0593985 1.2960253
OS 1.0593152 1.295942
OS 1.0590653 1.2958587
OS 1.0587321 1.2956921
OS 1.0583156 1.2955255
OS 1.0578158 1.2953589
OS 1.056483 1.2950257
OS 1.0549836 1.2946925
OS 1.053151 1.2943593
OS 1.0510685 1.2941094
OS 1.0487361 1.2940261
OS 1.0476532 1.2940261
OS 1.0471534 1.2941094
OS 1.046487 1.2941094
OS 1.0449876 1.294276
OS 1.0433216 1.2945259
OS 1.0415723 1.2948591
OS 1.0397397 1.2953589
OS 1.0379904 1.2960253
OS 1.0379071 1.2960253
OS 1.0378238 1.2961086
OS 1.0375739 1.2962752
OS 1.0372407 1.2964418
OS 1.036491 1.2968583
OS 1.0354081 1.2975247
OS 1.0343252 1.2983577
OS 1.0330757 1.2994406
OS 1.0319095 1.3006068
OS 1.0308266 1.3020229
OS 1.0308266 1.3021062
OS 1.0307433 1.3021895
OS 1.0305767 1.3024394
OS 1.0304101 1.3026893
OS 1.0299103 1.3036056
OS 1.0293272 1.3046885
OS 1.0286608 1.3061046
OS 1.0279944 1.3077706
OS 1.027328 1.3096865
OS 1.0268282 1.311769
OS 1.0268282 1.3118523
OS 1.0267449 1.3120189
OS 1.0267449 1.3123521
OS 1.0266616 1.3127686
OS 1.0265783 1.3133517
OS 1.0264117 1.3140181
OS 1.0263284 1.3147678
OS 1.0262451 1.3156841
OS 1.0260785 1.3166004
OS 1.0259952 1.3176833
OS 1.0257453 1.3199324
OS 1.025662 1.3225147
OS 1.0255787 1.3253469
OS 1.0255787 1.3254302
OS 1.0255787 1.3256801
OS 1.0255787 1.3260966
OS 1.0255787 1.3266797
OS 1.0255787 1.3273461
OS 1.025662 1.3281791
OS 1.025662 1.3290954
OS 1.0257453 1.330095
OS 1.0258286 1.3321775
OS 1.0260785 1.3345099
OS 1.0263284 1.336759
OS 1.0267449 1.3390081
OS 1.0267449 1.3390914
OS 1.0268282 1.339258
OS 1.0269115 1.3395912
OS 1.0269948 1.3399244
OS 1.0271614 1.3404242
OS 1.027328 1.3410073
OS 1.0277445 1.3423401
OS 1.0283276 1.3438395
OS 1.028994 1.3455055
OS 1.0299103 1.3471715
OS 1.0309099 1.3487542
OS 1.0309099 1.3488375
OS 1.0310765 1.3489208
OS 1.0314097 1.3494206
OS 1.0320761 1.350087
OS 1.0329091 1.3510033
OS 1.0339087 1.3520029
OS 1.0351582 1.3530025
OS 1.0365743 1.3539188
OS 1.038157 1.3547518
OS 1.0382403 1.3547518
OS 1.0383236 1.3548351
OS 1.0385735 1.3549184
OS 1.0389067 1.355085
OS 1.0394065 1.3552516
OS 1.0399063 1.3554182
OS 1.0411558 1.3557514
OS 1.0426552 1.3560846
OS 1.0444878 1.3564178
OS 1.046487 1.3566677
OS 1.0487361 1.356751
OS 1.049819 1.356751
OS 1.0504021 1.3566677
OE
OB 0.9429451 1.3554182 I
OS 0.9442779 1.3553349
OS 0.945694 1.3552516
OS 0.9471934 1.355085
OS 0.9486095 1.3548351
OS 0.9487761 1.3548351
OS 0.9492759 1.3546685
OS 0.9499423 1.3545019
OS 0.9508586 1.354252
OS 0.9519415 1.3539188
OS 0.9531077 1.3535023
OS 0.9543572 1.3529192
OS 0.9555234 1.3522528
OS 0.95569 1.3521695
OS 0.9560232 1.3519196
OS 0.9566896 1.3514198
OS 0.957356 1.3508367
OS 0.958189 1.350087
OS 0.9591053 1.3491707
OS 0.9599383 1.3481711
OS 0.960688 1.3470049
OS 0.9607713 1.3468383
OS 0.9610212 1.3464218
OS 0.9612711 1.3457554
OS 0.9616876 1.3448391
OS 0.9620208 1.3436729
OS 0.9622707 1.3422568
OS 0.9625206 1.3406741
OS 0.9626039 1.3389248
OS 0.9626039 1.3388415
OS 0.9626039 1.3385916
OS 0.9626039 1.3382584
OS 0.9625206 1.3377586
OS 0.9625206 1.3371755
OS 0.9624373 1.3365091
OS 0.9621874 1.3349264
OS 0.9618542 1.3331771
OS 0.9612711 1.3312612
OS 0.9605214 1.3294286
OS 0.9594385 1.3276793
OS 0.9594385 1.327596
OS 0.9592719 1.3275127
OS 0.9591053 1.3272628
OS 0.9588554 1.3269296
OS 0.958189 1.3261799
OS 0.9572727 1.3251803
OS 0.9560232 1.3240974
OS 0.9546071 1.3230145
OS 0.9529411 1.3218483
OS 0.9511085 1.3208487
OS 0.9714337 1.2952756
OS 0.9529411 1.2952756
OS 0.9361978 1.3173501
OS 0.9308666 1.3173501
OS 0.9308666 1.2952756
OS 0.9157893 1.2952756
OS 0.9157893 1.3555015
OS 0.9416956 1.3555015
OS 0.9429451 1.3554182
OE
OB 0.9376139 1.3445059 H
OS 0.9308666 1.3445059
OS 0.9308666 1.3281791
OS 0.9361978 1.3281791
OS 0.9369475 1.3282624
OS 0.9377805 1.3282624
OS 0.9386968 1.3283457
OS 0.9396131 1.328429
OS 0.9404461 1.3285123
OS 0.9405294 1.3285123
OS 0.9407793 1.3285956
OS 0.9411958 1.3286789
OS 0.9416956 1.3288455
OS 0.9429451 1.3294286
OS 0.9441113 1.3301783
OS 0.9441946 1.3302616
OS 0.9443612 1.3304282
OS 0.9446111 1.3305948
OS 0.9449443 1.330928
OS 0.945694 1.3318443
OS 0.9462771 1.3329272
OS 0.9462771 1.3330105
OS 0.9463604 1.3331771
OS 0.946527 1.3335936
OS 0.9466936 1.3340101
OS 0.9467769 1.3346765
OS 0.9469435 1.3353429
OS 0.9470268 1.3361759
OS 0.9470268 1.3370922
OS 0.9470268 1.3371755
OS 0.9470268 1.3375087
OS 0.9469435 1.3379252
OS 0.9469435 1.338425
OS 0.9466103 1.3396745
OS 0.9464437 1.3403409
OS 0.9461105 1.3410073
OS 0.9461105 1.3410906
OS 0.9459439 1.3412572
OS 0.9457773 1.3415904
OS 0.9454441 1.3419236
OS 0.9450276 1.3423401
OS 0.9445278 1.3427566
OS 0.9439447 1.3431731
OS 0.9432783 1.3435063
OS 0.943195 1.3435063
OS 0.9430284 1.3435896
OS 0.9427785 1.3437562
OS 0.942362 1.3438395
OS 0.9413624 1.3441727
OS 0.9401129 1.3443393
OS 0.9397797 1.3443393
OS 0.9394465 1.3444226
OS 0.9382803 1.3444226
OS 0.9376139 1.3445059
OE
OB 1.0487361 1.3456721 H
OS 1.0485695 1.3456721
OS 1.0480697 1.3455888
OS 1.0472367 1.3454222
OS 1.0463204 1.345089
OS 1.0453208 1.3445892
OS 1.0443212 1.3437562
OS 1.0438214 1.3432564
OS 1.0434049 1.34259
OS 1.0429051 1.3419236
OS 1.0425719 1.3410906
OS 1.0425719 1.3410073
OS 1.0424886 1.3408407
OS 1.0424053 1.3405908
OS 1.042322 1.3401743
OS 1.0421554 1.3396745
OS 1.0419888 1.3390914
OS 1.0418222 1.3383417
OS 1.0416556 1.3374254
OS 1.041489 1.3364258
OS 1.0413224 1.3352596
OS 1.0411558 1.3340101
OS 1.0409892 1.332594
OS 1.0409059 1.3310113
OS 1.0408226 1.329262
OS 1.0407393 1.3273461
OS 1.0407393 1.3253469
OS 1.0407393 1.3252636
OS 1.0407393 1.3248471
OS 1.0407393 1.324264
OS 1.0407393 1.3235143
OS 1.0408226 1.3226813
OS 1.0408226 1.3215984
OS 1.0409059 1.3204322
OS 1.0409892 1.319266
OS 1.0411558 1.3166837
OS 1.041489 1.3141014
OS 1.0417389 1.3128519
OS 1.0419888 1.3116857
OS 1.0422387 1.3106028
OS 1.0425719 1.3096865
OS 1.0425719 1.3096032
OS 1.0426552 1.3095199
OS 1.0429051 1.3089368
OS 1.0434049 1.3082704
OS 1.0440713 1.3074374
OS 1.0449043 1.3065211
OS 1.0459872 1.3058547
OS 1.0472367 1.3052716
OS 1.0479864 1.3051883
OS 1.0487361 1.305105
OS 1.0489027 1.305105
OS 1.0494858 1.3051883
OS 1.0502355 1.3053549
OS 1.0511518 1.3056881
OS 1.0521514 1.3061879
OS 1.053151 1.3070209
OS 1.0536508 1.307604
OS 1.0541506 1.3081871
OS 1.0545671 1.3088535
OS 1.0549003 1.3096865
OS 1.0549003 1.3097698
OS 1.0549836 1.3099364
OS 1.0550669 1.3101863
OS 1.0552335 1.3106028
OS 1.0553168 1.3111026
OS 1.0554834 1.3116857
OS 1.05565 1.3125187
OS 1.0558999 1.3133517
OS 1.0560665 1.3143513
OS 1.0562331 1.3155175
OS 1.0563997 1.316767
OS 1.056483 1.3182664
OS 1.0566496 1.3197658
OS 1.0567329 1.3215151
OS 1.0568162 1.3233477
OS 1.0568162 1.3253469
OS 1.0568162 1.3255135
OS 1.0568162 1.3258467
OS 1.0568162 1.3264298
OS 1.0568162 1.3271795
OS 1.0567329 1.3280958
OS 1.0567329 1.3291787
OS 1.0566496 1.3302616
OS 1.0565663 1.3315111
OS 1.0563164 1.3341767
OS 1.0559832 1.336759
OS 1.0558166 1.3380085
OS 1.0555667 1.3390914
OS 1.0552335 1.3401743
OS 1.0549003 1.3410906
OS 1.0549003 1.3411739
OS 1.054817 1.3412572
OS 1.0545671 1.3418403
OS 1.0540673 1.3425067
OS 1.0534842 1.343423
OS 1.0525679 1.344256
OS 1.0515683 1.3449224
OS 1.0502355 1.3455055
OS 1.0494858 1.3455888
OS 1.0487361 1.3456721
OE
SE
S P 0
OB 1.0577927 4.1601021 I
OS 1.0702044 4.1601021
OS 1.0702044 4.1496063
OS 1.0304703 4.1496063
OS 1.0304703 4.1601021
OS 1.0431319 4.1601021
OS 1.0431319 4.1919227
OS 1.0304703 4.1919227
OS 1.0304703 4.2017521
OS 1.0314699 4.2017521
OS 1.0322196 4.2018354
OS 1.0330526 4.2018354
OS 1.0339689 4.2019187
OS 1.0359681 4.2020853
OS 1.0360514 4.2020853
OS 1.0364679 4.2021686
OS 1.0369677 4.2022519
OS 1.0375508 4.2023352
OS 1.0389669 4.2027517
OS 1.0397166 4.2030016
OS 1.040383 4.2032515
OS 1.0404663 4.2033348
OS 1.0407162 4.2034181
OS 1.0410494 4.203668
OS 1.0414659 4.2039179
OS 1.0424655 4.2047509
OS 1.0433818 4.2058338
OS 1.0434651 4.2059171
OS 1.0435484 4.206167
OS 1.043715 4.2065002
OS 1.0439649 4.207
OS 1.0441315 4.2075831
OS 1.0442981 4.2083328
OS 1.0444647 4.2090825
OS 1.044548 4.2099988
OS 1.0577927 4.2099988
OS 1.0577927 4.1601021
OE
OB 0.999566 4.2097489 I
OS 1.0008155 4.2097489
OS 1.0022316 4.2095823
OS 1.003731 4.2094157
OS 1.0052304 4.2091658
OS 1.0067298 4.2088326
OS 1.0068964 4.2088326
OS 1.0073962 4.208666
OS 1.0080626 4.2084161
OS 1.0089789 4.2080829
OS 1.0100618 4.2076664
OS 1.011228 4.2071666
OS 1.0123942 4.2065835
OS 1.0135604 4.2058338
OS 1.013727 4.2057505
OS 1.0141435 4.2054173
OS 1.0147266 4.2049175
OS 1.0154763 4.2042511
OS 1.0163093 4.2033348
OS 1.0172256 4.2023352
OS 1.0180586 4.2010857
OS 1.0188083 4.1997529
OS 1.0188916 4.1995863
OS 1.0191415 4.1990865
OS 1.0193914 4.1982535
OS 1.0198079 4.1972539
OS 1.0201411 4.1959211
OS 1.020391 4.1943384
OS 1.0206409 4.1926724
OS 1.0207242 4.1907565
OS 1.0207242 4.1906732
OS 1.0207242 4.1905899
OS 1.0207242 4.19034
OS 1.0207242 4.1900901
OS 1.0206409 4.1892571
OS 1.0205576 4.1881742
OS 1.020391 4.187008
OS 1.0201411 4.1855919
OS 1.0198079 4.1841758
OS 1.0193914 4.1827597
OS 1.0193081 4.1825931
OS 1.0191415 4.1820933
OS 1.0188083 4.1814269
OS 1.0183918 4.1805106
OS 1.017892 4.179511
OS 1.0171423 4.1785114
OS 1.0163926 4.1774285
OS 1.0154763 4.1764289
OS 1.015393 4.1763456
OS 1.0152264 4.176179
OS 1.0148932 4.1758458
OS 1.0144767 4.1755126
OS 1.0139769 4.1750128
OS 1.0134771 4.174513
OS 1.0121443 4.1735134
OS 1.012061 4.1734301
OS 1.0118111 4.1732635
OS 1.0114779 4.1730136
OS 1.0109781 4.1727637
OS 1.0103117 4.1723472
OS 1.0096453 4.1719307
OS 1.0080626 4.171181
OS 1.0079793 4.171181
OS 1.0076461 4.1710144
OS 1.0072296 4.1708478
OS 1.0066465 4.1706812
OS 1.0058968 4.1704313
OS 1.0051471 4.1701814
OS 1.0042308 4.1699315
OS 1.0032312 4.1697649
OS 1.0031479 4.1697649
OS 1.0028147 4.1696816
OS 1.0022316 4.1695983
OS 1.0015652 4.169515
OS 1.0006489 4.1694317
OS 0.9996493 4.1693484
OS 0.9985664 4.1692651
OS 0.98957 4.1692651
OS 0.98957 4.1496063
OS 0.9744094 4.1496063
OS 0.9744094 4.2098322
OS 0.9990662 4.2098322
OS 0.999566 4.2097489
OE
OB 0.9939016 4.1985867 H
OS 0.98957 4.1985867
OS 0.98957 4.1805106
OS 0.9957342 4.1805106
OS 0.9968171 4.1805939
OS 0.9979 4.1807605
OS 0.9979833 4.1807605
OS 0.9980666 4.1808438
OS 0.9983165 4.1808438
OS 0.9986497 4.1809271
OS 0.9994827 4.1812603
OS 1.000399 4.1815935
OS 1.0004823 4.1815935
OS 1.0006489 4.1816768
OS 1.001232 4.18201
OS 1.0018984 4.1824265
OS 1.0024815 4.1829263
OS 1.0025648 4.1830096
OS 1.0027314 4.1831762
OS 1.0029813 4.1835094
OS 1.0033145 4.1838426
OS 1.0039809 4.1848422
OS 1.0043141 4.1854253
OS 1.004564 4.1860084
OS 1.004564 4.1860917
OS 1.0046473 4.1863416
OS 1.0047306 4.1866748
OS 1.0048972 4.1871746
OS 1.0049805 4.187841
OS 1.0050638 4.1885907
OS 1.0051471 4.1894237
OS 1.0051471 4.1904233
OS 1.0051471 4.1905066
OS 1.0051471 4.1908398
OS 1.0050638 4.1913396
OS 1.0049805 4.1919227
OS 1.0048139 4.1925891
OS 1.0046473 4.1933388
OS 1.0043141 4.1940052
OS 1.0038976 4.1947549
OS 1.0038143 4.1948382
OS 1.003731 4.1950881
OS 1.0033978 4.1954213
OS 1.0030646 4.1958378
OS 1.0021483 4.1966708
OS 1.0016485 4.197004
OS 1.0009821 4.1973372
OS 1.0008988 4.1974205
OS 1.0006489 4.1975038
OS 1.0002324 4.1976704
OS 0.9997326 4.197837
OS 0.9990662 4.1980036
OS 0.9983998 4.1981702
OS 0.9969004 4.1984201
OS 0.9965672 4.1984201
OS 0.9961507 4.1985034
OS 0.9948179 4.1985034
OS 0.9939016 4.1985867
OE
SE
S P 0
OB 0.9227503 1.8588177 I
OS 0.9228336 1.859734
OS 0.9229169 1.8607336
OS 0.9230835 1.8618998
OS 0.9232501 1.8631493
OS 0.9238332 1.8657316
OS 0.9242497 1.8671477
OS 0.9246662 1.8684805
OS 0.9252493 1.8698133
OS 0.9259157 1.8710628
OS 0.9266654 1.872229
OS 0.9274984 1.8733119
OS 0.9275817 1.8733952
OS 0.9277483 1.8735618
OS 0.9279982 1.8738117
OS 0.9283314 1.8742282
OS 0.9288312 1.8746447
OS 0.9294143 1.8750612
OS 0.930164 1.875561
OS 0.9309137 1.8761441
OS 0.93183 1.8766439
OS 0.9328296 1.8771437
OS 0.9339958 1.8775602
OS 0.935162 1.87806
OS 0.9364115 1.8783932
OS 0.9378276 1.8786431
OS 0.939327 1.8788097
OS 0.9409097 1.878893
OS 0.940993 1.878893
OS 0.9411596 1.878893
OS 0.9414095 1.878893
OS 0.941826 1.878893
OS 0.9423258 1.8788097
OS 0.9429089 1.8787264
OS 0.9442417 1.8785598
OS 0.9459077 1.8782266
OS 0.947657 1.8778101
OS 0.9495729 1.8771437
OS 0.9514888 1.8763107
OS 0.9515721 1.8763107
OS 0.9517387 1.8762274
OS 0.9519886 1.8760608
OS 0.9524051 1.8758109
OS 0.9528216 1.875561
OS 0.9534047 1.8752278
OS 0.9547375 1.8743115
OS 0.9564035 1.8731453
OS 0.9582361 1.8717292
OS 0.9602353 1.8699799
OS 0.9624011 1.8679807
OS 0.9625677 1.8678141
OS 0.9629842 1.8673976
OS 0.9637339 1.8666479
OS 0.9645669 1.8657316
OS 0.9655665 1.8646487
OS 0.9666494 1.8634825
OS 0.9688985 1.8609002
OS 0.9689818 1.8607336
OS 0.969315 1.8603171
OS 0.9698148 1.859734
OS 0.9703979 1.8589843
OS 0.9717307 1.8573183
OS 0.9723138 1.8565686
OS 0.9728136 1.8559022
OS 0.9728136 1.8815586
OS 0.9841424 1.8815586
OS 0.9841424 1.837243
OS 0.9743963 1.837243
OS 0.974313 1.8373263
OS 0.9742297 1.8374929
OS 0.9739798 1.8378261
OS 0.9736466 1.8381593
OS 0.9732301 1.8386591
OS 0.9727303 1.8392422
OS 0.9716474 1.840575
OS 0.9703979 1.8421577
OS 0.9689818 1.8438237
OS 0.9674824 1.845573
OS 0.965983 1.8473223
OS 0.9658997 1.8474056
OS 0.9658164 1.8474889
OS 0.9655665 1.8477388
OS 0.9653166 1.848072
OS 0.9645669 1.848905
OS 0.9635673 1.8499879
OS 0.9624011 1.8512374
OS 0.9610683 1.8525702
OS 0.9597355 1.853903
OS 0.9584027 1.8552358
OS 0.9583194 1.8553191
OS 0.9581528 1.8554024
OS 0.9579862 1.8556523
OS 0.957653 1.8559855
OS 0.9567367 1.8567352
OS 0.9556538 1.8577348
OS 0.954321 1.8587344
OS 0.9529882 1.8598173
OS 0.9515721 1.8608169
OS 0.9502393 1.8616499
OS 0.9500727 1.8617332
OS 0.9496562 1.8619831
OS 0.9489065 1.8623163
OS 0.9479902 1.8626495
OS 0.9469073 1.8629827
OS 0.9457411 1.8633159
OS 0.9444083 1.8635658
OS 0.9429922 1.8636491
OS 0.9429089 1.8636491
OS 0.9428256 1.8636491
OS 0.9423258 1.8636491
OS 0.9414928 1.8634825
OS 0.9405765 1.8633159
OS 0.9395769 1.8629827
OS 0.938494 1.8625662
OS 0.9374111 1.8618998
OS 0.9364948 1.8610668
OS 0.9364115 1.8609835
OS 0.9361616 1.8606503
OS 0.9357451 1.8600672
OS 0.9353286 1.8592342
OS 0.9349954 1.8582346
OS 0.9345789 1.8570684
OS 0.934329 1.8556523
OS 0.9342457 1.8540696
OS 0.9342457 1.8532366
OS 0.934329 1.8526535
OS 0.9344123 1.8519871
OS 0.9344956 1.8513207
OS 0.9348288 1.849738
OS 0.9348288 1.8496547
OS 0.9349121 1.8494048
OS 0.9350787 1.8489883
OS 0.9352453 1.8484052
OS 0.9354119 1.8478221
OS 0.9357451 1.8470724
OS 0.9363282 1.845573
OS 0.9363282 1.8454897
OS 0.9364948 1.8452398
OS 0.9366614 1.8448233
OS 0.9369113 1.8443235
OS 0.9374944 1.8431573
OS 0.9382441 1.8419911
OS 0.9382441 1.8419078
OS 0.9384107 1.8417412
OS 0.9387439 1.8412414
OS 0.9391604 1.8404917
OS 0.9395769 1.8399086
OS 0.9395769 1.8387424
OS 0.9264988 1.8387424
OS 0.9264155 1.8388257
OS 0.9262489 1.8392422
OS 0.925999 1.8398253
OS 0.9257491 1.8406583
OS 0.9253326 1.8417412
OS 0.9249161 1.8431573
OS 0.9244996 1.84474
OS 0.9239998 1.8466559
OS 0.9239998 1.8467392
OS 0.9239165 1.8469058
OS 0.9238332 1.8471557
OS 0.9237499 1.8475722
OS 0.9236666 1.848072
OS 0.9235833 1.8486551
OS 0.9233334 1.8499879
OS 0.9230835 1.8515706
OS 0.9228336 1.8533199
OS 0.9227503 1.8551525
OS 0.922667 1.8570684
OS 0.922667 1.858068
OS 0.9227503 1.8588177
OE
OB 0.9227503 1.8053391 I
OS 0.9227503 1.8065886
OS 0.9229169 1.808088
OS 0.9230835 1.8096707
OS 0.9233334 1.8112534
OS 0.9236666 1.8127528
OS 0.9236666 1.8129194
OS 0.9238332 1.8134192
OS 0.9240831 1.8141689
OS 0.924333 1.8150852
OS 0.9247495 1.8160848
OS 0.925166 1.817251
OS 0.9257491 1.8184172
OS 0.9263322 1.8195001
OS 0.9264155 1.8196667
OS 0.9266654 1.8199999
OS 0.9270819 1.820583
OS 0.927665 1.8212494
OS 0.9283314 1.8219991
OS 0.9291644 1.8227488
OS 0.9300807 1.8234985
OS 0.9311636 1.8240816
OS 0.9313302 1.8241649
OS 0.9316634 1.8243315
OS 0.9322465 1.8245814
OS 0.9330795 1.8249146
OS 0.9340791 1.8251645
OS 0.935162 1.8254144
OS 0.9364115 1.825581
OS 0.9377443 1.8256643
OS 0.9378276 1.8256643
OS 0.9379942 1.8256643
OS 0.9382441 1.8256643
OS 0.9385773 1.825581
OS 0.9395769 1.8254977
OS 0.9408264 1.8253311
OS 0.9422425 1.8249146
OS 0.9437419 1.8244148
OS 0.9452413 1.8236651
OS 0.9467407 1.8226655
OS 0.9469073 1.8224989
OS 0.9473238 1.8221657
OS 0.9479902 1.8214993
OS 0.9488232 1.820583
OS 0.9496562 1.8194168
OS 0.9504892 1.818084
OS 0.9511556 1.8165846
OS 0.9517387 1.8148353
OS 0.9523218 1.8148353
OS 0.9523218 1.8149186
OS 0.9524051 1.8151685
OS 0.9524884 1.8156683
OS 0.9525717 1.8161681
OS 0.9527383 1.8168345
OS 0.9529049 1.8175009
OS 0.9534047 1.8190003
OS 0.9534047 1.8190836
OS 0.9535713 1.8193335
OS 0.9537379 1.81975
OS 0.9539878 1.8202498
OS 0.954321 1.8209162
OS 0.9547375 1.8215826
OS 0.9553206 1.822249
OS 0.9559037 1.8229987
OS 0.955987 1.823082
OS 0.9561536 1.8233319
OS 0.9565701 1.8236651
OS 0.9569866 1.8240816
OS 0.9575697 1.8244981
OS 0.9583194 1.8250812
OS 0.9590691 1.8254977
OS 0.9599854 1.8259975
OS 0.9600687 1.8260808
OS 0.9604019 1.8261641
OS 0.960985 1.826414
OS 0.9616514 1.8266639
OS 0.9624844 1.8268305
OS 0.9635673 1.8270804
OS 0.9646502 1.8271637
OS 0.9658997 1.827247
OS 0.965983 1.827247
OS 0.9660663 1.827247
OS 0.9663162 1.827247
OS 0.9666494 1.827247
OS 0.9674824 1.8271637
OS 0.9685653 1.8270804
OS 0.9698148 1.8268305
OS 0.9711476 1.8265806
OS 0.9725637 1.8261641
OS 0.9739798 1.825581
OS 0.9741464 1.8254977
OS 0.9745629 1.8252478
OS 0.9752293 1.8249146
OS 0.9761456 1.8243315
OS 0.9770619 1.8236651
OS 0.9781448 1.8228321
OS 0.9791444 1.8218325
OS 0.980144 1.8207496
OS 0.9802273 1.820583
OS 0.9805605 1.8201665
OS 0.9810603 1.8195001
OS 0.9815601 1.8186671
OS 0.9822265 1.8175009
OS 0.9828929 1.8162514
OS 0.983476 1.8148353
OS 0.9840591 1.8132526
OS 0.9840591 1.8131693
OS 0.9841424 1.813086
OS 0.9841424 1.8128361
OS 0.9842257 1.8125029
OS 0.9843923 1.8120864
OS 0.9844756 1.8115866
OS 0.9847255 1.8103371
OS 0.9849754 1.8088377
OS 0.985142 1.8070884
OS 0.9853086 1.8050892
OS 0.9853919 1.8028401
OS 0.9853919 1.8010075
OS 0.9853086 1.8003411
OS 0.9853086 1.7995081
OS 0.9852253 1.7986751
OS 0.985142 1.7967592
OS 0.9848921 1.79476
OS 0.9846422 1.7926775
OS 0.9842257 1.7906783
OS 0.9842257 1.790595
OS 0.9841424 1.7904284
OS 0.9841424 1.7901785
OS 0.9840591 1.7898453
OS 0.9838092 1.788929
OS 0.983476 1.7877628
OS 0.9830595 1.7865133
OS 0.982643 1.7851805
OS 0.9821432 1.7838477
OS 0.9816434 1.7825982
OS 0.9685653 1.7825982
OS 0.9685653 1.7840143
OS 0.9686486 1.7841809
OS 0.9688985 1.7845974
OS 0.969315 1.7852638
OS 0.9698148 1.7862634
OS 0.9703979 1.7873463
OS 0.9710643 1.7886791
OS 0.9717307 1.7901785
OS 0.9723138 1.7917612
OS 0.9723138 1.7918445
OS 0.9723971 1.7919278
OS 0.9724804 1.7921777
OS 0.9725637 1.7925109
OS 0.9728136 1.7933439
OS 0.9730635 1.7945101
OS 0.9733134 1.7957596
OS 0.9735633 1.7970924
OS 0.9737299 1.7985085
OS 0.9738132 1.7999246
OS 0.9738132 1.8007576
OS 0.9737299 1.8013407
OS 0.9737299 1.8020904
OS 0.9736466 1.8028401
OS 0.97348 1.8046727
OS 0.97348 1.804756
OS 0.9733967 1.8050892
OS 0.9733134 1.805589
OS 0.9730635 1.8061721
OS 0.9725637 1.8075882
OS 0.9721472 1.8083379
OS 0.9717307 1.8090043
OS 0.9716474 1.8090876
OS 0.9715641 1.8092542
OS 0.9713142 1.8095041
OS 0.9710643 1.8098373
OS 0.9702313 1.810587
OS 0.9692317 1.8112534
OS 0.9691484 1.8112534
OS 0.9689818 1.81142
OS 0.9686486 1.8115033
OS 0.9681488 1.8116699
OS 0.9675657 1.8118365
OS 0.966816 1.8119198
OS 0.965983 1.8120864
OS 0.9649834 1.8120864
OS 0.9649001 1.8120864
OS 0.9645669 1.8120864
OS 0.9640671 1.8120031
OS 0.963484 1.8119198
OS 0.9628176 1.8117532
OS 0.9621512 1.8115866
OS 0.9614848 1.8112534
OS 0.9609017 1.8108369
OS 0.9608184 1.8107536
OS 0.9606518 1.810587
OS 0.9604019 1.8103371
OS 0.9600687 1.8100039
OS 0.9597355 1.8095874
OS 0.959319 1.8090876
OS 0.9587359 1.8077548
OS 0.9587359 1.8076715
OS 0.9586526 1.8074216
OS 0.958486 1.8070051
OS 0.9583194 1.806422
OS 0.9582361 1.8057556
OS 0.9580695 1.8050059
OS 0.9579862 1.8040896
OS 0.9579029 1.80309
OS 0.9579029 1.8020904
OS 0.9578196 1.8015073
OS 0.9578196 1.7957596
OS 0.9473238 1.7957596
OS 0.9473238 1.799758
OS 0.9472405 1.8005077
OS 0.9472405 1.8013407
OS 0.9471572 1.80309
OS 0.9471572 1.8031733
OS 0.9470739 1.8035065
OS 0.9470739 1.803923
OS 0.9469073 1.8044228
OS 0.9466574 1.8057556
OS 0.9461576 1.8070051
OS 0.9461576 1.8070884
OS 0.945991 1.807255
OS 0.9458244 1.8075882
OS 0.9455745 1.8079214
OS 0.9449914 1.8088377
OS 0.9440751 1.8095874
OS 0.9439918 1.8096707
OS 0.9438252 1.809754
OS 0.943492 1.8099206
OS 0.9430755 1.8100872
OS 0.9424924 1.8102538
OS 0.941826 1.8103371
OS 0.9410763 1.8105037
OS 0.9402433 1.8105037
OS 0.94016 1.8105037
OS 0.9399101 1.8105037
OS 0.9396602 1.8104204
OS 0.9392437 1.8104204
OS 0.9382441 1.8100872
OS 0.9377443 1.8099206
OS 0.9373278 1.8095874
OS 0.9372445 1.8095874
OS 0.9371612 1.8094208
OS 0.9366614 1.8090043
OS 0.9360783 1.8083379
OS 0.9354952 1.8075049
OS 0.9354952 1.8074216
OS 0.9354119 1.807255
OS 0.9352453 1.8069218
OS 0.9350787 1.8065886
OS 0.9349121 1.8060888
OS 0.9347455 1.8055057
OS 0.9344956 1.8040896
OS 0.9344956 1.8040063
OS 0.9344123 1.8037564
OS 0.9344123 1.8034232
OS 0.934329 1.8030067
OS 0.9342457 1.8019238
OS 0.9342457 1.8000079
OS 0.934329 1.7994248
OS 0.9344123 1.7987584
OS 0.9344956 1.7979254
OS 0.9348288 1.7962594
OS 0.9348288 1.7961761
OS 0.9349121 1.7958429
OS 0.9349954 1.7954264
OS 0.935162 1.7948433
OS 0.9354119 1.7941769
OS 0.9355785 1.7934272
OS 0.9361616 1.7918445
OS 0.9361616 1.7917612
OS 0.9362449 1.7915946
OS 0.9364115 1.7911781
OS 0.9365781 1.7907616
OS 0.936828 1.7902618
OS 0.9371612 1.7895954
OS 0.9378276 1.7882626
OS 0.9378276 1.7881793
OS 0.9379942 1.7879294
OS 0.9381608 1.7876795
OS 0.9384107 1.787263
OS 0.9389105 1.7863467
OS 0.9390771 1.7859302
OS 0.939327 1.785597
OS 0.939327 1.7843475
OS 0.9264988 1.7843475
OS 0.9264155 1.7845141
OS 0.9262489 1.7849306
OS 0.925999 1.785597
OS 0.9256658 1.7865133
OS 0.9252493 1.7877628
OS 0.9248328 1.7891789
OS 0.9244163 1.7908449
OS 0.9239165 1.7926775
OS 0.9239165 1.7927608
OS 0.9238332 1.7929274
OS 0.9238332 1.7931773
OS 0.9237499 1.7935938
OS 0.9235833 1.7940936
OS 0.9235 1.7945934
OS 0.9232501 1.7960095
OS 0.9230835 1.7975922
OS 0.9228336 1.7994248
OS 0.9227503 1.801424
OS 0.922667 1.8034232
OS 0.922667 1.8048393
OS 0.9227503 1.8053391
OE
OB 0.9227503 1.7575249 I
OS 0.9227503 1.7585245
OS 0.9228336 1.7596074
OS 0.9230835 1.7617732
OS 0.9230835 1.7619398
OS 0.9231668 1.762273
OS 0.9232501 1.7628561
OS 0.9234167 1.7636058
OS 0.9235833 1.7644388
OS 0.9237499 1.7653551
OS 0.9242497 1.7673543
OS 0.9242497 1.7674376
OS 0.924333 1.7676875
OS 0.9244996 1.768104
OS 0.9246662 1.7686871
OS 0.9249161 1.7693535
OS 0.925166 1.7701032
OS 0.9259157 1.7717692
OS 0.925999 1.7718525
OS 0.9260823 1.7721857
OS 0.9262489 1.7726022
OS 0.9264988 1.7731853
OS 0.9270819 1.7745181
OS 0.9274151 1.7751845
OS 0.9277483 1.7757676
OS 0.9419926 1.7757676
OS 0.9419926 1.7741849
OS 0.9419093 1.7741016
OS 0.941826 1.7740183
OS 0.9416594 1.7737684
OS 0.9413262 1.7734352
OS 0.9406598 1.7726022
OS 0.9397435 1.771436
OS 0.9396602 1.7713527
OS 0.9394936 1.7711861
OS 0.9392437 1.7707696
OS 0.9389105 1.7703531
OS 0.938494 1.76977
OS 0.9380775 1.7691869
OS 0.9370779 1.7676875
OS 0.9369946 1.7676042
OS 0.936828 1.7673543
OS 0.9366614 1.7668545
OS 0.9363282 1.7663547
OS 0.935995 1.765605
OS 0.9356618 1.7648553
OS 0.9352453 1.763939
OS 0.9349121 1.7630227
OS 0.9348288 1.7629394
OS 0.9347455 1.7626062
OS 0.9345789 1.7621064
OS 0.9344123 1.76144
OS 0.9342457 1.760607
OS 0.9341624 1.759774
OS 0.9339958 1.7587744
OS 0.9339958 1.7571917
OS 0.9340791 1.7566086
OS 0.9341624 1.7557756
OS 0.9342457 1.7548593
OS 0.9344123 1.7538597
OS 0.9347455 1.7528601
OS 0.9350787 1.7517772
OS 0.935162 1.7516939
OS 0.9352453 1.7513607
OS 0.9354952 1.7507776
OS 0.9359117 1.7501112
OS 0.9364115 1.7493615
OS 0.9369946 1.7484452
OS 0.9377443 1.7475289
OS 0.9386606 1.7466126
OS 0.9387439 1.7465293
OS 0.9390771 1.7462794
OS 0.9395769 1.7458629
OS 0.9402433 1.7452798
OS 0.9411596 1.7446967
OS 0.9422425 1.7441136
OS 0.943492 1.7435305
OS 0.9449081 1.7429474
OS 0.9449914 1.7429474
OS 0.9450747 1.7428641
OS 0.9453246 1.7427808
OS 0.9455745 1.7426975
OS 0.9464075 1.7425309
OS 0.9474904 1.742281
OS 0.9489065 1.7419478
OS 0.9504892 1.7417812
OS 0.9522385 1.7416146
OS 0.9541544 1.7415313
OS 0.9542377 1.7415313
OS 0.9544043 1.7415313
OS 0.9546542 1.7415313
OS 0.9550707 1.7415313
OS 0.9555705 1.7416146
OS 0.9561536 1.7416146
OS 0.9574031 1.7416979
OS 0.9589025 1.7418645
OS 0.9604852 1.7421144
OS 0.9620679 1.7424476
OS 0.9635673 1.7429474
OS 0.9637339 1.7430307
OS 0.9642337 1.7431973
OS 0.9649001 1.7435305
OS 0.9657331 1.7440303
OS 0.9667327 1.7445301
OS 0.9678156 1.7451965
OS 0.9688152 1.7460295
OS 0.9697315 1.7468625
OS 0.9698148 1.7469458
OS 0.9700647 1.747279
OS 0.9704812 1.7477788
OS 0.970981 1.7484452
OS 0.9714808 1.7491949
OS 0.9720639 1.7501112
OS 0.9725637 1.7511108
OS 0.9729802 1.7521104
OS 0.9729802 1.752277
OS 0.9731468 1.7526102
OS 0.9733134 1.7531933
OS 0.97348 1.753943
OS 0.9736466 1.754776
OS 0.9738132 1.7557756
OS 0.9738965 1.7567752
OS 0.9739798 1.7578581
OS 0.9739798 1.7583579
OS 0.9738965 1.758941
OS 0.9738965 1.7596907
OS 0.9737299 1.7605237
OS 0.9735633 1.7615233
OS 0.9733967 1.7625229
OS 0.9730635 1.7635225
OS 0.9729802 1.7636058
OS 0.9728969 1.7640223
OS 0.972647 1.7645221
OS 0.9723971 1.7651052
OS 0.9720639 1.7658549
OS 0.9717307 1.7666046
OS 0.9712309 1.7673543
OS 0.9708144 1.768104
OS 0.9707311 1.7681873
OS 0.9705645 1.7684372
OS 0.9703146 1.7688537
OS 0.9700647 1.7693535
OS 0.9692317 1.7705197
OS 0.9683154 1.7716859
OS 0.9682321 1.7717692
OS 0.9680655 1.7719358
OS 0.9678989 1.7721857
OS 0.9675657 1.7726022
OS 0.966816 1.7734352
OS 0.965983 1.7743515
OS 0.965983 1.7757676
OS 0.980144 1.7757676
OS 0.980144 1.7756843
OS 0.9803106 1.7754344
OS 0.9804772 1.7751012
OS 0.9806438 1.7746847
OS 0.980977 1.7741016
OS 0.9812269 1.7734352
OS 0.9819766 1.7718525
OS 0.9819766 1.7717692
OS 0.9821432 1.7715193
OS 0.9823098 1.7710195
OS 0.9825597 1.7705197
OS 0.9828096 1.7698533
OS 0.9830595 1.7691036
OS 0.9836426 1.7674376
OS 0.9836426 1.7673543
OS 0.9837259 1.7669378
OS 0.9838925 1.766438
OS 0.9840591 1.7656883
OS 0.9842257 1.7648553
OS 0.9844756 1.7640223
OS 0.9848088 1.7621064
OS 0.9848088 1.7620231
OS 0.9848921 1.7616899
OS 0.9849754 1.7611068
OS 0.9850587 1.7603571
OS 0.985142 1.7594408
OS 0.9852253 1.7582746
OS 0.9853086 1.7568585
OS 0.9853086 1.754776
OS 0.9852253 1.7540263
OS 0.985142 1.75311
OS 0.9850587 1.7519438
OS 0.9848921 1.750611
OS 0.9846422 1.7491949
OS 0.984309 1.7476122
OS 0.9838925 1.7458629
OS 0.9833094 1.7441136
OS 0.982643 1.7423643
OS 0.9818933 1.7405317
OS 0.9808937 1.7387824
OS 0.9798108 1.7370331
OS 0.9785613 1.7354504
OS 0.9771452 1.7338677
OS 0.9770619 1.7337844
OS 0.9767287 1.7335345
OS 0.9763122 1.733118
OS 0.9756458 1.7326182
OS 0.9748128 1.7320351
OS 0.9738132 1.7313687
OS 0.9725637 1.730619
OS 0.9712309 1.7299526
OS 0.9696482 1.7292029
OS 0.9678989 1.7284532
OS 0.9660663 1.7277868
OS 0.9639838 1.7272037
OS 0.9617347 1.7267039
OS 0.959319 1.7262874
OS 0.95682 1.7260375
OS 0.9540711 1.7259542
OS 0.9539878 1.7259542
OS 0.9539045 1.7259542
OS 0.9534047 1.7259542
OS 0.952655 1.7260375
OS 0.9516554 1.7261208
OS 0.9504892 1.7262041
OS 0.9490731 1.7263707
OS 0.9474904 1.7266206
OS 0.9458244 1.7269538
OS 0.9440751 1.7273703
OS 0.9421592 1.7278701
OS 0.9403266 1.7285365
OS 0.9384107 1.7292862
OS 0.9364948 1.7302025
OS 0.9346622 1.7312854
OS 0.9329129 1.7324516
OS 0.9312469 1.7338677
OS 0.9311636 1.733951
OS 0.9309137 1.7342009
OS 0.9304139 1.7347007
OS 0.9299141 1.7353671
OS 0.9292477 1.7361168
OS 0.928498 1.7371164
OS 0.9277483 1.7382826
OS 0.9269153 1.7395321
OS 0.9261656 1.7410315
OS 0.9254159 1.7426142
OS 0.9246662 1.7443635
OS 0.9239998 1.7462794
OS 0.9234167 1.7483619
OS 0.9230002 1.7505277
OS 0.9227503 1.7528601
OS 0.922667 1.7553591
OS 0.922667 1.7566086
OS 0.9227503 1.7575249
OE
SE
S P 0
OB 1.1538715 0.1302897 I
OS 1.1547878 0.1302064
OS 1.1557874 0.1301231
OS 1.1569536 0.1299565
OS 1.1582031 0.1297899
OS 1.1607854 0.1292068
OS 1.1622015 0.1287903
OS 1.1635343 0.1283738
OS 1.1648671 0.1277907
OS 1.1661166 0.1271243
OS 1.1672828 0.1263746
OS 1.1683657 0.1255416
OS 1.168449 0.1254583
OS 1.1686156 0.1252917
OS 1.1688655 0.1250418
OS 1.169282 0.1247086
OS 1.1696985 0.1242088
OS 1.170115 0.1236257
OS 1.1706148 0.122876
OS 1.1711979 0.1221263
OS 1.1716977 0.12121
OS 1.1721975 0.1202104
OS 1.172614 0.1190442
OS 1.1731138 0.117878
OS 1.173447 0.1166285
OS 1.1736969 0.1152124
OS 1.1738635 0.113713
OS 1.1739468 0.1121303
OS 1.1739468 0.112047
OS 1.1739468 0.1118804
OS 1.1739468 0.1116305
OS 1.1739468 0.111214
OS 1.1738635 0.1107142
OS 1.1737802 0.1101311
OS 1.1736136 0.1087983
OS 1.1732804 0.1071323
OS 1.1728639 0.105383
OS 1.1721975 0.1034671
OS 1.1713645 0.1015512
OS 1.1713645 0.1014679
OS 1.1712812 0.1013013
OS 1.1711146 0.1010514
OS 1.1708647 0.1006349
OS 1.1706148 0.1002184
OS 1.1702816 0.0996353
OS 1.1693653 0.0983025
OS 1.1681991 0.0966365
OS 1.166783 0.0948039
OS 1.1650337 0.0928047
OS 1.1630345 0.0906389
OS 1.1628679 0.0904723
OS 1.1624514 0.0900558
OS 1.1617017 0.0893061
OS 1.1607854 0.0884731
OS 1.1597025 0.0874735
OS 1.1585363 0.0863906
OS 1.155954 0.0841415
OS 1.1557874 0.0840582
OS 1.1553709 0.083725
OS 1.1547878 0.0832252
OS 1.1540381 0.0826421
OS 1.1523721 0.0813093
OS 1.1516224 0.0807262
OS 1.150956 0.0802264
OS 1.1766124 0.0802264
OS 1.1766124 0.0688976
OS 1.1322968 0.0688976
OS 1.1322968 0.0786437
OS 1.1323801 0.078727
OS 1.1325467 0.0788103
OS 1.1328799 0.0790602
OS 1.1332131 0.0793934
OS 1.1337129 0.0798099
OS 1.134296 0.0803097
OS 1.1356288 0.0813926
OS 1.1372115 0.0826421
OS 1.1388775 0.0840582
OS 1.1406268 0.0855576
OS 1.1423761 0.087057
OS 1.1424594 0.0871403
OS 1.1425427 0.0872236
OS 1.1427926 0.0874735
OS 1.1431258 0.0877234
OS 1.1439588 0.0884731
OS 1.1450417 0.0894727
OS 1.1462912 0.0906389
OS 1.147624 0.0919717
OS 1.1489568 0.0933045
OS 1.1502896 0.0946373
OS 1.1503729 0.0947206
OS 1.1504562 0.0948872
OS 1.1507061 0.0950538
OS 1.1510393 0.095387
OS 1.151789 0.0963033
OS 1.1527886 0.0973862
OS 1.1537882 0.098719
OS 1.1548711 0.1000518
OS 1.1558707 0.1014679
OS 1.1567037 0.1028007
OS 1.156787 0.1029673
OS 1.1570369 0.1033838
OS 1.1573701 0.1041335
OS 1.1577033 0.1050498
OS 1.1580365 0.1061327
OS 1.1583697 0.1072989
OS 1.1586196 0.1086317
OS 1.1587029 0.1100478
OS 1.1587029 0.1101311
OS 1.1587029 0.1102144
OS 1.1587029 0.1107142
OS 1.1585363 0.1115472
OS 1.1583697 0.1124635
OS 1.1580365 0.1134631
OS 1.15762 0.114546
OS 1.1569536 0.1156289
OS 1.1561206 0.1165452
OS 1.1560373 0.1166285
OS 1.1557041 0.1168784
OS 1.155121 0.1172949
OS 1.154288 0.1177114
OS 1.1532884 0.1180446
OS 1.1521222 0.1184611
OS 1.1507061 0.118711
OS 1.1491234 0.1187943
OS 1.1482904 0.1187943
OS 1.1477073 0.118711
OS 1.1470409 0.1186277
OS 1.1463745 0.1185444
OS 1.1447918 0.1182112
OS 1.1447085 0.1182112
OS 1.1444586 0.1181279
OS 1.1440421 0.1179613
OS 1.143459 0.1177947
OS 1.1428759 0.1176281
OS 1.1421262 0.1172949
OS 1.1406268 0.1167118
OS 1.1405435 0.1167118
OS 1.1402936 0.1165452
OS 1.1398771 0.1163786
OS 1.1393773 0.1161287
OS 1.1382111 0.1155456
OS 1.1370449 0.1147959
OS 1.1369616 0.1147959
OS 1.136795 0.1146293
OS 1.1362952 0.1142961
OS 1.1355455 0.1138796
OS 1.1349624 0.1134631
OS 1.1337962 0.1134631
OS 1.1337962 0.1265412
OS 1.1338795 0.1266245
OS 1.134296 0.1267911
OS 1.1348791 0.127041
OS 1.1357121 0.1272909
OS 1.136795 0.1277074
OS 1.1382111 0.1281239
OS 1.1397938 0.1285404
OS 1.1417097 0.1290402
OS 1.141793 0.1290402
OS 1.1419596 0.1291235
OS 1.1422095 0.1292068
OS 1.142626 0.1292901
OS 1.1431258 0.1293734
OS 1.1437089 0.1294567
OS 1.1450417 0.1297066
OS 1.1466244 0.1299565
OS 1.1483737 0.1302064
OS 1.1502063 0.1302897
OS 1.1521222 0.130373
OS 1.1531218 0.130373
OS 1.1538715 0.1302897
OE
OB 1.1040581 0.1301231 I
OS 1.1053909 0.1300398
OS 1.1069736 0.1299565
OS 1.1088062 0.1297066
OS 1.1107221 0.1294567
OS 1.1127213 0.1290402
OS 1.1128046 0.1290402
OS 1.1129712 0.1289569
OS 1.1132211 0.1289569
OS 1.1136376 0.1288736
OS 1.1140541 0.128707
OS 1.1146372 0.1286237
OS 1.1158867 0.1282905
OS 1.1173861 0.127874
OS 1.1190521 0.1273742
OS 1.1206348 0.1267911
OS 1.1223008 0.1261247
OS 1.1223008 0.1123802
OS 1.1208847 0.1123802
OS 1.1207181 0.1125468
OS 1.1203016 0.11288
OS 1.1195519 0.1133798
OS 1.1186356 0.1140462
OS 1.1174694 0.1147959
OS 1.1160533 0.1156289
OS 1.1144706 0.1164619
OS 1.1127213 0.1172116
OS 1.112638 0.1172116
OS 1.1124714 0.1172949
OS 1.1122215 0.1173782
OS 1.1118883 0.1175448
OS 1.1114718 0.1177114
OS 1.1108887 0.117878
OS 1.1096392 0.1182112
OS 1.1081398 0.1185444
OS 1.1064738 0.1188776
OS 1.1047245 0.1191275
OS 1.1028086 0.1192108
OS 1.1016424 0.1192108
OS 1.1004762 0.1190442
OS 1.0992267 0.1188776
OS 1.0991434 0.1188776
OS 1.0989768 0.1187943
OS 1.0986436 0.1187943
OS 1.0982271 0.1186277
OS 1.0971442 0.1182945
OS 1.0958947 0.1177947
OS 1.0958114 0.1177947
OS 1.0956448 0.1177114
OS 1.0953949 0.1175448
OS 1.0950617 0.1172949
OS 1.094312 0.1167118
OS 1.093479 0.1158788
OS 1.093479 0.1157955
OS 1.0933124 0.1156289
OS 1.0931458 0.115379
OS 1.0929792 0.1150458
OS 1.092646 0.1141295
OS 1.0925627 0.1136297
OS 1.0924794 0.1130466
OS 1.0924794 0.1129633
OS 1.0924794 0.1127134
OS 1.0925627 0.1122969
OS 1.092646 0.1117138
OS 1.0928959 0.1111307
OS 1.0931458 0.1105476
OS 1.0935623 0.1099645
OS 1.0940621 0.1093814
OS 1.0941454 0.1092981
OS 1.0943953 0.1091315
OS 1.0948118 0.1088816
OS 1.0954782 0.1085484
OS 1.0963112 0.1082152
OS 1.0974774 0.1077987
OS 1.0988102 0.1073822
OS 1.1003929 0.1069657
OS 1.1005595 0.1069657
OS 1.1008927 0.1068824
OS 1.1014758 0.1067158
OS 1.1023088 0.1065492
OS 1.1031418 0.1063826
OS 1.1041414 0.1061327
OS 1.1062239 0.1056329
OS 1.1063905 0.1056329
OS 1.1067237 0.1055496
OS 1.1073068 0.105383
OS 1.1080565 0.1051331
OS 1.1089728 0.1048832
OS 1.1099724 0.1046333
OS 1.1111386 0.1043001
OS 1.1123048 0.1038836
OS 1.1123881 0.1038836
OS 1.1125547 0.1038003
OS 1.1128879 0.1036337
OS 1.1133044 0.1034671
OS 1.1138875 0.1032172
OS 1.1144706 0.1029673
OS 1.1158034 0.1022176
OS 1.1173028 0.1013846
OS 1.1188855 0.1003017
OS 1.1203849 0.0990522
OS 1.1216344 0.0977194
OS 1.121801 0.0975528
OS 1.1218843 0.0973029
OS 1.1221342 0.097053
OS 1.122634 0.09622
OS 1.1232171 0.0950538
OS 1.1237169 0.0936377
OS 1.1242167 0.0918884
OS 1.1245499 0.0898892
OS 1.1247165 0.0876401
OS 1.1247165 0.0875568
OS 1.1247165 0.0872236
OS 1.1246332 0.0868071
OS 1.1246332 0.0861407
OS 1.1244666 0.085391
OS 1.1243833 0.084558
OS 1.1241334 0.0835584
OS 1.1238002 0.0824755
OS 1.123467 0.0813926
OS 1.1229672 0.0802264
OS 1.1223841 0.0789769
OS 1.1217177 0.0778107
OS 1.1208847 0.0766445
OS 1.1199684 0.075395
OS 1.1188855 0.0743121
OS 1.117636 0.0732292
OS 1.1175527 0.0731459
OS 1.1173028 0.0729793
OS 1.1168863 0.0727294
OS 1.1163865 0.0723962
OS 1.1156368 0.0719797
OS 1.1148038 0.0714799
OS 1.1137209 0.0710634
OS 1.112638 0.0705636
OS 1.1113052 0.0699805
OS 1.1098891 0.069564
OS 1.1083064 0.0690642
OS 1.1066404 0.0686477
OS 1.1048078 0.0683145
OS 1.1028086 0.0680646
OS 1.1007261 0.067898
OS 1.0985603 0.0678147
OS 1.0973941 0.0678147
OS 1.096811 0.067898
OS 1.0953116 0.067898
OS 1.0944786 0.0679813
OS 1.0925627 0.0681479
OS 1.0904802 0.0683978
OS 1.0883977 0.068731
OS 1.0863985 0.0691475
OS 1.0863152 0.0691475
OS 1.0861486 0.0692308
OS 1.0858987 0.0693141
OS 1.0854822 0.0693974
OS 1.0850657 0.0694807
OS 1.0844826 0.0696473
OS 1.0832331 0.0700638
OS 1.0817337 0.0705636
OS 1.080151 0.0710634
OS 1.0767357 0.0723962
OS 1.0767357 0.0868071
OS 1.0780685 0.0868071
OS 1.0781518 0.0867238
OS 1.0782351 0.0866405
OS 1.078485 0.0864739
OS 1.0789015 0.0861407
OS 1.079318 0.0858075
OS 1.0798178 0.0854743
OS 1.080984 0.084558
OS 1.0824834 0.0836417
OS 1.0841494 0.0826421
OS 1.0860653 0.0816425
OS 1.0880645 0.0808095
OS 1.0881478 0.0808095
OS 1.0883144 0.0807262
OS 1.0886476 0.0806429
OS 1.0889808 0.0804763
OS 1.0894806 0.0803097
OS 1.0900637 0.0801431
OS 1.0914798 0.0798099
OS 1.0930625 0.0794767
OS 1.0948118 0.0791435
OS 1.0967277 0.0788936
OS 1.0986436 0.0788103
OS 1.0995599 0.0788103
OS 1.1000597 0.0788936
OS 1.1006428 0.0788936
OS 1.1013092 0.0789769
OS 1.1020589 0.0790602
OS 1.1021422 0.0790602
OS 1.1023921 0.0791435
OS 1.1028086 0.0791435
OS 1.1033084 0.0793101
OS 1.1043913 0.07956
OS 1.1049744 0.0797266
OS 1.1054742 0.0799765
OS 1.1055575 0.0799765
OS 1.1057241 0.0801431
OS 1.1060573 0.0802264
OS 1.1063905 0.0804763
OS 1.1073068 0.0810594
OS 1.1081398 0.0818091
OS 1.1082231 0.0818924
OS 1.1083064 0.082059
OS 1.108473 0.0823089
OS 1.1087229 0.0827254
OS 1.1089728 0.0831419
OS 1.1091394 0.083725
OS 1.1092227 0.0843914
OS 1.109306 0.0851411
OS 1.109306 0.0852244
OS 1.109306 0.0855576
OS 1.1092227 0.0858908
OS 1.1090561 0.0864739
OS 1.1088895 0.087057
OS 1.1085563 0.0876401
OS 1.1080565 0.0882232
OS 1.1074734 0.0888063
OS 1.1073901 0.0888896
OS 1.1071402 0.0890562
OS 1.106807 0.0893061
OS 1.1063072 0.0896393
OS 1.1056408 0.0899725
OS 1.1049744 0.0903057
OS 1.1041414 0.0906389
OS 1.1032251 0.0908888
OS 1.1030585 0.0908888
OS 1.1027253 0.0910554
OS 1.1020589 0.0911387
OS 1.1012259 0.0913886
OS 1.1002263 0.0915552
OS 1.0991434 0.0918051
OS 1.0978939 0.0921383
OS 1.0966444 0.0923882
OS 1.0964778 0.0923882
OS 1.0960613 0.0925548
OS 1.0953949 0.0927214
OS 1.0945619 0.092888
OS 1.0935623 0.0931379
OS 1.0923961 0.0934711
OS 1.090147 0.0941375
OS 1.0900637 0.0941375
OS 1.0898138 0.0942208
OS 1.0894806 0.0943874
OS 1.0889808 0.0946373
OS 1.0883977 0.0948872
OS 1.0877313 0.0951371
OS 1.0862319 0.0958868
OS 1.0845659 0.0968864
OS 1.0828999 0.0979693
OS 1.0814005 0.0993021
OS 1.0806508 0.1000518
OS 1.0800677 0.1008015
OS 1.0800677 0.1008848
OS 1.0799011 0.1009681
OS 1.0798178 0.101218
OS 1.0795679 0.1015512
OS 1.0794013 0.1019677
OS 1.0791514 0.1024675
OS 1.0785683 0.1036337
OS 1.0779852 0.1052164
OS 1.0775687 0.1069657
OS 1.0772355 0.1089649
OS 1.0770689 0.111214
OS 1.0770689 0.1112973
OS 1.0770689 0.1116305
OS 1.0771522 0.112047
OS 1.0771522 0.1126301
OS 1.0773188 0.1133798
OS 1.0774854 0.1142128
OS 1.077652 0.1151291
OS 1.0779852 0.1161287
OS 1.0783184 0.1172116
OS 1.0788182 0.1182945
OS 1.0794013 0.1194607
OS 1.0800677 0.1206269
OS 1.0809007 0.1217098
OS 1.081817 0.122876
OS 1.0828999 0.1239589
OS 1.0841494 0.1249585
OS 1.0842327 0.1250418
OS 1.0844826 0.1252084
OS 1.0848991 0.1254583
OS 1.0853989 0.1257915
OS 1.0861486 0.126208
OS 1.0869816 0.1266245
OS 1.0879812 0.1271243
OS 1.0890641 0.1276241
OS 1.0903136 0.1280406
OS 1.0916464 0.1285404
OS 1.0931458 0.1289569
OS 1.0947285 0.1293734
OS 1.0963945 0.1297066
OS 1.0982271 0.1299565
OS 1.1000597 0.1301231
OS 1.1020589 0.1302064
OS 1.103475 0.1302064
OS 1.1040581 0.1301231
OE
OB 1.0674894 0.0688976 I
OS 1.0523288 0.0688976
OS 1.0523288 0.0955536
OS 1.031837 0.0955536
OS 1.031837 0.0688976
OS 1.0166764 0.0688976
OS 1.0166764 0.1291235
OS 1.031837 0.1291235
OS 1.031837 0.107049
OS 1.0523288 0.107049
OS 1.0523288 0.1291235
OS 1.0674894 0.1291235
OS 1.0674894 0.0688976
OE
SE
S P 0
OB 1.17824 4.3412045 I
OS 1.1906517 4.3412045
OS 1.1906517 4.3307087
OS 1.1509176 4.3307087
OS 1.1509176 4.3412045
OS 1.1635792 4.3412045
OS 1.1635792 4.3730251
OS 1.1509176 4.3730251
OS 1.1509176 4.3828545
OS 1.1519172 4.3828545
OS 1.1526669 4.3829378
OS 1.1534999 4.3829378
OS 1.1544162 4.3830211
OS 1.1564154 4.3831877
OS 1.1564987 4.3831877
OS 1.1569152 4.383271
OS 1.157415 4.3833543
OS 1.1579981 4.3834376
OS 1.1594142 4.3838541
OS 1.1601639 4.384104
OS 1.1608303 4.3843539
OS 1.1609136 4.3844372
OS 1.1611635 4.3845205
OS 1.1614967 4.3847704
OS 1.1619132 4.3850203
OS 1.1629128 4.3858533
OS 1.1638291 4.3869362
OS 1.1639124 4.3870195
OS 1.1639957 4.3872694
OS 1.1641623 4.3876026
OS 1.1644122 4.3881024
OS 1.1645788 4.3886855
OS 1.1647454 4.3894352
OS 1.164912 4.3901849
OS 1.1649953 4.3911012
OS 1.17824 4.3911012
OS 1.17824 4.3412045
OE
OB 1.1208463 4.3919342 I
OS 1.1221791 4.3918509
OS 1.1237618 4.3917676
OS 1.1255944 4.3915177
OS 1.1275103 4.3912678
OS 1.1295095 4.3908513
OS 1.1295928 4.3908513
OS 1.1297594 4.390768
OS 1.1300093 4.390768
OS 1.1304258 4.3906847
OS 1.1308423 4.3905181
OS 1.1314254 4.3904348
OS 1.1326749 4.3901016
OS 1.1341743 4.3896851
OS 1.1358403 4.3891853
OS 1.137423 4.3886022
OS 1.139089 4.3879358
OS 1.139089 4.3741913
OS 1.1376729 4.3741913
OS 1.1375063 4.3743579
OS 1.1370898 4.3746911
OS 1.1363401 4.3751909
OS 1.1354238 4.3758573
OS 1.1342576 4.376607
OS 1.1328415 4.37744
OS 1.1312588 4.378273
OS 1.1295095 4.3790227
OS 1.1294262 4.3790227
OS 1.1292596 4.379106
OS 1.1290097 4.3791893
OS 1.1286765 4.3793559
OS 1.12826 4.3795225
OS 1.1276769 4.3796891
OS 1.1264274 4.3800223
OS 1.124928 4.3803555
OS 1.123262 4.3806887
OS 1.1215127 4.3809386
OS 1.1195968 4.3810219
OS 1.1184306 4.3810219
OS 1.1172644 4.3808553
OS 1.1160149 4.3806887
OS 1.1159316 4.3806887
OS 1.115765 4.3806054
OS 1.1154318 4.3806054
OS 1.1150153 4.3804388
OS 1.1139324 4.3801056
OS 1.1126829 4.3796058
OS 1.1125996 4.3796058
OS 1.112433 4.3795225
OS 1.1121831 4.3793559
OS 1.1118499 4.379106
OS 1.1111002 4.3785229
OS 1.1102672 4.3776899
OS 1.1102672 4.3776066
OS 1.1101006 4.37744
OS 1.109934 4.3771901
OS 1.1097674 4.3768569
OS 1.1094342 4.3759406
OS 1.1093509 4.3754408
OS 1.1092676 4.3748577
OS 1.1092676 4.3747744
OS 1.1092676 4.3745245
OS 1.1093509 4.374108
OS 1.1094342 4.3735249
OS 1.1096841 4.3729418
OS 1.109934 4.3723587
OS 1.1103505 4.3717756
OS 1.1108503 4.3711925
OS 1.1109336 4.3711092
OS 1.1111835 4.3709426
OS 1.1116 4.3706927
OS 1.1122664 4.3703595
OS 1.1130994 4.3700263
OS 1.1142656 4.3696098
OS 1.1155984 4.3691933
OS 1.1171811 4.3687768
OS 1.1173477 4.3687768
OS 1.1176809 4.3686935
OS 1.118264 4.3685269
OS 1.119097 4.3683603
OS 1.11993 4.3681937
OS 1.1209296 4.3679438
OS 1.1230121 4.367444
OS 1.1231787 4.367444
OS 1.1235119 4.3673607
OS 1.124095 4.3671941
OS 1.1248447 4.3669442
OS 1.125761 4.3666943
OS 1.1267606 4.3664444
OS 1.1279268 4.3661112
OS 1.129093 4.3656947
OS 1.1291763 4.3656947
OS 1.1293429 4.3656114
OS 1.1296761 4.3654448
OS 1.1300926 4.3652782
OS 1.1306757 4.3650283
OS 1.1312588 4.3647784
OS 1.1325916 4.3640287
OS 1.134091 4.3631957
OS 1.1356737 4.3621128
OS 1.1371731 4.3608633
OS 1.1384226 4.3595305
OS 1.1385892 4.3593639
OS 1.1386725 4.359114
OS 1.1389224 4.3588641
OS 1.1394222 4.3580311
OS 1.1400053 4.3568649
OS 1.1405051 4.3554488
OS 1.1410049 4.3536995
OS 1.1413381 4.3517003
OS 1.1415047 4.3494512
OS 1.1415047 4.3493679
OS 1.1415047 4.3490347
OS 1.1414214 4.3486182
OS 1.1414214 4.3479518
OS 1.1412548 4.3472021
OS 1.1411715 4.3463691
OS 1.1409216 4.3453695
OS 1.1405884 4.3442866
OS 1.1402552 4.3432037
OS 1.1397554 4.3420375
OS 1.1391723 4.340788
OS 1.1385059 4.3396218
OS 1.1376729 4.3384556
OS 1.1367566 4.3372061
OS 1.1356737 4.3361232
OS 1.1344242 4.3350403
OS 1.1343409 4.334957
OS 1.134091 4.3347904
OS 1.1336745 4.3345405
OS 1.1331747 4.3342073
OS 1.132425 4.3337908
OS 1.131592 4.333291
OS 1.1305091 4.3328745
OS 1.1294262 4.3323747
OS 1.1280934 4.3317916
OS 1.1266773 4.3313751
OS 1.1250946 4.3308753
OS 1.1234286 4.3304588
OS 1.121596 4.3301256
OS 1.1195968 4.3298757
OS 1.1175143 4.3297091
OS 1.1153485 4.3296258
OS 1.1141823 4.3296258
OS 1.1135992 4.3297091
OS 1.1120998 4.3297091
OS 1.1112668 4.3297924
OS 1.1093509 4.329959
OS 1.1072684 4.3302089
OS 1.1051859 4.3305421
OS 1.1031867 4.3309586
OS 1.1031034 4.3309586
OS 1.1029368 4.3310419
OS 1.1026869 4.3311252
OS 1.1022704 4.3312085
OS 1.1018539 4.3312918
OS 1.1012708 4.3314584
OS 1.1000213 4.3318749
OS 1.0985219 4.3323747
OS 1.0969392 4.3328745
OS 1.0935239 4.3342073
OS 1.0935239 4.3486182
OS 1.0948567 4.3486182
OS 1.09494 4.3485349
OS 1.0950233 4.3484516
OS 1.0952732 4.348285
OS 1.0956897 4.3479518
OS 1.0961062 4.3476186
OS 1.096606 4.3472854
OS 1.0977722 4.3463691
OS 1.0992716 4.3454528
OS 1.1009376 4.3444532
OS 1.1028535 4.3434536
OS 1.1048527 4.3426206
OS 1.104936 4.3426206
OS 1.1051026 4.3425373
OS 1.1054358 4.342454
OS 1.105769 4.3422874
OS 1.1062688 4.3421208
OS 1.1068519 4.3419542
OS 1.108268 4.341621
OS 1.1098507 4.3412878
OS 1.1116 4.3409546
OS 1.1135159 4.3407047
OS 1.1154318 4.3406214
OS 1.1163481 4.3406214
OS 1.1168479 4.3407047
OS 1.117431 4.3407047
OS 1.1180974 4.340788
OS 1.1188471 4.3408713
OS 1.1189304 4.3408713
OS 1.1191803 4.3409546
OS 1.1195968 4.3409546
OS 1.1200966 4.3411212
OS 1.1211795 4.3413711
OS 1.1217626 4.3415377
OS 1.1222624 4.3417876
OS 1.1223457 4.3417876
OS 1.1225123 4.3419542
OS 1.1228455 4.3420375
OS 1.1231787 4.3422874
OS 1.124095 4.3428705
OS 1.124928 4.3436202
OS 1.1250113 4.3437035
OS 1.1250946 4.3438701
OS 1.1252612 4.34412
OS 1.1255111 4.3445365
OS 1.125761 4.344953
OS 1.1259276 4.3455361
OS 1.1260109 4.3462025
OS 1.1260942 4.3469522
OS 1.1260942 4.3470355
OS 1.1260942 4.3473687
OS 1.1260109 4.3477019
OS 1.1258443 4.348285
OS 1.1256777 4.3488681
OS 1.1253445 4.3494512
OS 1.1248447 4.3500343
OS 1.1242616 4.3506174
OS 1.1241783 4.3507007
OS 1.1239284 4.3508673
OS 1.1235952 4.3511172
OS 1.1230954 4.3514504
OS 1.122429 4.3517836
OS 1.1217626 4.3521168
OS 1.1209296 4.35245
OS 1.1200133 4.3526999
OS 1.1198467 4.3526999
OS 1.1195135 4.3528665
OS 1.1188471 4.3529498
OS 1.1180141 4.3531997
OS 1.1170145 4.3533663
OS 1.1159316 4.3536162
OS 1.1146821 4.3539494
OS 1.1134326 4.3541993
OS 1.113266 4.3541993
OS 1.1128495 4.3543659
OS 1.1121831 4.3545325
OS 1.1113501 4.3546991
OS 1.1103505 4.354949
OS 1.1091843 4.3552822
OS 1.1069352 4.3559486
OS 1.1068519 4.3559486
OS 1.106602 4.3560319
OS 1.1062688 4.3561985
OS 1.105769 4.3564484
OS 1.1051859 4.3566983
OS 1.1045195 4.3569482
OS 1.1030201 4.3576979
OS 1.1013541 4.3586975
OS 1.0996881 4.3597804
OS 1.0981887 4.3611132
OS 1.097439 4.3618629
OS 1.0968559 4.3626126
OS 1.0968559 4.3626959
OS 1.0966893 4.3627792
OS 1.096606 4.3630291
OS 1.0963561 4.3633623
OS 1.0961895 4.3637788
OS 1.0959396 4.3642786
OS 1.0953565 4.3654448
OS 1.0947734 4.3670275
OS 1.0943569 4.3687768
OS 1.0940237 4.370776
OS 1.0938571 4.3730251
OS 1.0938571 4.3731084
OS 1.0938571 4.3734416
OS 1.0939404 4.3738581
OS 1.0939404 4.3744412
OS 1.094107 4.3751909
OS 1.0942736 4.3760239
OS 1.0944402 4.3769402
OS 1.0947734 4.3779398
OS 1.0951066 4.3790227
OS 1.0956064 4.3801056
OS 1.0961895 4.3812718
OS 1.0968559 4.382438
OS 1.0976889 4.3835209
OS 1.0986052 4.3846871
OS 1.0996881 4.38577
OS 1.1009376 4.3867696
OS 1.1010209 4.3868529
OS 1.1012708 4.3870195
OS 1.1016873 4.3872694
OS 1.1021871 4.3876026
OS 1.1029368 4.3880191
OS 1.1037698 4.3884356
OS 1.1047694 4.3889354
OS 1.1058523 4.3894352
OS 1.1071018 4.3898517
OS 1.1084346 4.3903515
OS 1.109934 4.390768
OS 1.1115167 4.3911845
OS 1.1131827 4.3915177
OS 1.1150153 4.3917676
OS 1.1168479 4.3919342
OS 1.1188471 4.3920175
OS 1.1202632 4.3920175
OS 1.1208463 4.3919342
OE
OB 1.0842776 4.3307087 I
OS 1.069117 4.3307087
OS 1.069117 4.3573647
OS 1.0486252 4.3573647
OS 1.0486252 4.3307087
OS 1.0334646 4.3307087
OS 1.0334646 4.3909346
OS 1.0486252 4.3909346
OS 1.0486252 4.3688601
OS 1.069117 4.3688601
OS 1.069117 4.3909346
OS 1.0842776 4.3909346
OS 1.0842776 4.3307087
OE
SE
S P 0
OB 1.0016 1.8100872 I
OS 1.0016833 1.8110035
OS 1.0017666 1.8120031
OS 1.0019332 1.8131693
OS 1.0020998 1.8144188
OS 1.0026829 1.8170011
OS 1.0030994 1.8184172
OS 1.0035159 1.81975
OS 1.004099 1.8210828
OS 1.0047654 1.8223323
OS 1.0055151 1.8234985
OS 1.0063481 1.8245814
OS 1.0064314 1.8246647
OS 1.006598 1.8248313
OS 1.0068479 1.8250812
OS 1.0071811 1.8254977
OS 1.0076809 1.8259142
OS 1.008264 1.8263307
OS 1.0090137 1.8268305
OS 1.0097634 1.8274136
OS 1.0106797 1.8279134
OS 1.0116793 1.8284132
OS 1.0128455 1.8288297
OS 1.0140117 1.8293295
OS 1.0152612 1.8296627
OS 1.0166773 1.8299126
OS 1.0181767 1.8300792
OS 1.0197594 1.8301625
OS 1.0198427 1.8301625
OS 1.0200093 1.8301625
OS 1.0202592 1.8301625
OS 1.0206757 1.8301625
OS 1.0211755 1.8300792
OS 1.0217586 1.8299959
OS 1.0230914 1.8298293
OS 1.0247574 1.8294961
OS 1.0265067 1.8290796
OS 1.0284226 1.8284132
OS 1.0303385 1.8275802
OS 1.0304218 1.8275802
OS 1.0305884 1.8274969
OS 1.0308383 1.8273303
OS 1.0312548 1.8270804
OS 1.0316713 1.8268305
OS 1.0322544 1.8264973
OS 1.0335872 1.825581
OS 1.0352532 1.8244148
OS 1.0370858 1.8229987
OS 1.039085 1.8212494
OS 1.0412508 1.8192502
OS 1.0414174 1.8190836
OS 1.0418339 1.8186671
OS 1.0425836 1.8179174
OS 1.0434166 1.8170011
OS 1.0444162 1.8159182
OS 1.0454991 1.814752
OS 1.0477482 1.8121697
OS 1.0478315 1.8120031
OS 1.0481647 1.8115866
OS 1.0486645 1.8110035
OS 1.0492476 1.8102538
OS 1.0505804 1.8085878
OS 1.0511635 1.8078381
OS 1.0516633 1.8071717
OS 1.0516633 1.8328281
OS 1.0629921 1.8328281
OS 1.0629921 1.7885125
OS 1.053246 1.7885125
OS 1.0531627 1.7885958
OS 1.0530794 1.7887624
OS 1.0528295 1.7890956
OS 1.0524963 1.7894288
OS 1.0520798 1.7899286
OS 1.05158 1.7905117
OS 1.0504971 1.7918445
OS 1.0492476 1.7934272
OS 1.0478315 1.7950932
OS 1.0463321 1.7968425
OS 1.0448327 1.7985918
OS 1.0447494 1.7986751
OS 1.0446661 1.7987584
OS 1.0444162 1.7990083
OS 1.0441663 1.7993415
OS 1.0434166 1.8001745
OS 1.042417 1.8012574
OS 1.0412508 1.8025069
OS 1.039918 1.8038397
OS 1.0385852 1.8051725
OS 1.0372524 1.8065053
OS 1.0371691 1.8065886
OS 1.0370025 1.8066719
OS 1.0368359 1.8069218
OS 1.0365027 1.807255
OS 1.0355864 1.8080047
OS 1.0345035 1.8090043
OS 1.0331707 1.8100039
OS 1.0318379 1.8110868
OS 1.0304218 1.8120864
OS 1.029089 1.8129194
OS 1.0289224 1.8130027
OS 1.0285059 1.8132526
OS 1.0277562 1.8135858
OS 1.0268399 1.813919
OS 1.025757 1.8142522
OS 1.0245908 1.8145854
OS 1.023258 1.8148353
OS 1.0218419 1.8149186
OS 1.0217586 1.8149186
OS 1.0216753 1.8149186
OS 1.0211755 1.8149186
OS 1.0203425 1.814752
OS 1.0194262 1.8145854
OS 1.0184266 1.8142522
OS 1.0173437 1.8138357
OS 1.0162608 1.8131693
OS 1.0153445 1.8123363
OS 1.0152612 1.812253
OS 1.0150113 1.8119198
OS 1.0145948 1.8113367
OS 1.0141783 1.8105037
OS 1.0138451 1.8095041
OS 1.0134286 1.8083379
OS 1.0131787 1.8069218
OS 1.0130954 1.8053391
OS 1.0130954 1.8045061
OS 1.0131787 1.803923
OS 1.013262 1.8032566
OS 1.0133453 1.8025902
OS 1.0136785 1.8010075
OS 1.0136785 1.8009242
OS 1.0137618 1.8006743
OS 1.0139284 1.8002578
OS 1.014095 1.7996747
OS 1.0142616 1.7990916
OS 1.0145948 1.7983419
OS 1.0151779 1.7968425
OS 1.0151779 1.7967592
OS 1.0153445 1.7965093
OS 1.0155111 1.7960928
OS 1.015761 1.795593
OS 1.0163441 1.7944268
OS 1.0170938 1.7932606
OS 1.0170938 1.7931773
OS 1.0172604 1.7930107
OS 1.0175936 1.7925109
OS 1.0180101 1.7917612
OS 1.0184266 1.7911781
OS 1.0184266 1.7900119
OS 1.0053485 1.7900119
OS 1.0052652 1.7900952
OS 1.0050986 1.7905117
OS 1.0048487 1.7910948
OS 1.0045988 1.7919278
OS 1.0041823 1.7930107
OS 1.0037658 1.7944268
OS 1.0033493 1.7960095
OS 1.0028495 1.7979254
OS 1.0028495 1.7980087
OS 1.0027662 1.7981753
OS 1.0026829 1.7984252
OS 1.0025996 1.7988417
OS 1.0025163 1.7993415
OS 1.002433 1.7999246
OS 1.0021831 1.8012574
OS 1.0019332 1.8028401
OS 1.0016833 1.8045894
OS 1.0016 1.806422
OS 1.0015167 1.8083379
OS 1.0015167 1.8093375
OS 1.0016 1.8100872
OE
OB 1.0016 1.8631493 I
OS 1.0016 1.8637324
OS 1.0017666 1.8653151
OS 1.0020165 1.8669811
OS 1.002433 1.8688137
OS 1.0029328 1.8706463
OS 1.0035992 1.8723123
OS 1.0035992 1.8723956
OS 1.0036825 1.8724789
OS 1.0038491 1.8727288
OS 1.0040157 1.873062
OS 1.0044322 1.8738117
OS 1.0050986 1.8748113
OS 1.0060149 1.8759775
OS 1.0070145 1.8771437
OS 1.008264 1.8783932
OS 1.0096801 1.8794761
OS 1.0097634 1.8794761
OS 1.0098467 1.8795594
OS 1.0100966 1.879726
OS 1.0104298 1.8798926
OS 1.0112628 1.8803924
OS 1.012429 1.8809755
OS 1.0138451 1.8816419
OS 1.0155111 1.8823083
OS 1.017427 1.8829747
OS 1.0195095 1.8834745
OS 1.0195928 1.8834745
OS 1.0197594 1.8835578
OS 1.0200926 1.8835578
OS 1.0205091 1.8836411
OS 1.0210922 1.8838077
OS 1.0217586 1.883891
OS 1.0225083 1.8839743
OS 1.0233413 1.8841409
OS 1.0243409 1.8842242
OS 1.0253405 1.8843075
OS 1.0275896 1.8845574
OS 1.0301719 1.8846407
OS 1.0329208 1.884724
OS 1.0330041 1.884724
OS 1.033254 1.884724
OS 1.0336705 1.884724
OS 1.0342536 1.884724
OS 1.03492 1.884724
OS 1.0356697 1.8846407
OS 1.036586 1.8846407
OS 1.0375023 1.8845574
OS 1.0396681 1.8843908
OS 1.0419172 1.8841409
OS 1.0443329 1.8838077
OS 1.046582 1.8833912
OS 1.0466653 1.8833912
OS 1.0468319 1.8833079
OS 1.0471651 1.8832246
OS 1.0475816 1.8831413
OS 1.0480814 1.883058
OS 1.0486645 1.8828914
OS 1.0499973 1.8823916
OS 1.0514967 1.8818918
OS 1.0531627 1.8811421
OS 1.0547454 1.8803924
OS 1.0563281 1.8793928
OS 1.0564114 1.8793928
OS 1.0564947 1.8793095
OS 1.0569945 1.878893
OS 1.0576609 1.8783099
OS 1.0584939 1.8774769
OS 1.0594935 1.8764773
OS 1.0604931 1.8752278
OS 1.0614094 1.8738117
OS 1.0622424 1.872229
OS 1.0622424 1.8721457
OS 1.0623257 1.8720624
OS 1.062409 1.8718125
OS 1.0625756 1.8714793
OS 1.0627422 1.8710628
OS 1.0629088 1.870563
OS 1.063242 1.8692302
OS 1.0635752 1.8677308
OS 1.0639084 1.8658982
OS 1.0641583 1.8638157
OS 1.0642416 1.8614833
OS 1.0642416 1.8604004
OS 1.0641583 1.8599006
OS 1.0641583 1.8592342
OS 1.0639917 1.8577348
OS 1.0637418 1.8560688
OS 1.0634086 1.8543195
OS 1.0629088 1.8524869
OS 1.0622424 1.8507376
OS 1.0622424 1.8506543
OS 1.0621591 1.850571
OS 1.0619925 1.8503211
OS 1.0618259 1.8499879
OS 1.0614094 1.8492382
OS 1.060743 1.8481553
OS 1.05991 1.8470724
OS 1.0588271 1.8458229
OS 1.0576609 1.8446567
OS 1.0562448 1.8435738
OS 1.0561615 1.8435738
OS 1.0560782 1.8434905
OS 1.0558283 1.8433239
OS 1.0555784 1.8431573
OS 1.0546621 1.8426575
OS 1.0535792 1.8420744
OS 1.0521631 1.841408
OS 1.0504971 1.8407416
OS 1.0485812 1.8400752
OS 1.0464987 1.8395754
OS 1.0464154 1.8395754
OS 1.0462488 1.8394921
OS 1.0459156 1.8394921
OS 1.0454991 1.8394088
OS 1.044916 1.8393255
OS 1.0442496 1.8391589
OS 1.0434999 1.8390756
OS 1.0425836 1.8389923
OS 1.0416673 1.8388257
OS 1.0405844 1.8387424
OS 1.0383353 1.8384925
OS 1.035753 1.8384092
OS 1.0329208 1.8383259
OS 1.0328375 1.8383259
OS 1.0325876 1.8383259
OS 1.0321711 1.8383259
OS 1.031588 1.8383259
OS 1.0309216 1.8383259
OS 1.0300886 1.8384092
OS 1.0291723 1.8384092
OS 1.0281727 1.8384925
OS 1.0260902 1.8385758
OS 1.0237578 1.8388257
OS 1.0215087 1.8390756
OS 1.0192596 1.8394921
OS 1.0191763 1.8394921
OS 1.0190097 1.8395754
OS 1.0186765 1.8396587
OS 1.0183433 1.839742
OS 1.0178435 1.8399086
OS 1.0172604 1.8400752
OS 1.0159276 1.8404917
OS 1.0144282 1.8410748
OS 1.0127622 1.8417412
OS 1.0110962 1.8426575
OS 1.0095135 1.8436571
OS 1.0094302 1.8436571
OS 1.0093469 1.8438237
OS 1.0088471 1.8441569
OS 1.0081807 1.8448233
OS 1.0072644 1.8456563
OS 1.0062648 1.8466559
OS 1.0052652 1.8479054
OS 1.0043489 1.8493215
OS 1.0035159 1.8509042
OS 1.0035159 1.8509875
OS 1.0034326 1.8510708
OS 1.0033493 1.8513207
OS 1.0031827 1.8516539
OS 1.0030161 1.8521537
OS 1.0028495 1.8526535
OS 1.0025163 1.853903
OS 1.0021831 1.8554024
OS 1.0018499 1.857235
OS 1.0016 1.8592342
OS 1.0015167 1.8614833
OS 1.0015167 1.8625662
OS 1.0016 1.8631493
OE
OB 1.0028495 1.7476122 I
OS 1.0028495 1.7484452
OS 1.0029328 1.7502778
OS 1.0030994 1.752277
OS 1.0033493 1.7543595
OS 1.0035992 1.756442
OS 1.0035992 1.7566919
OS 1.0036825 1.7570251
OS 1.0037658 1.7573583
OS 1.0038491 1.7578581
OS 1.0040157 1.7584412
OS 1.0044322 1.7598573
OS 1.004932 1.76144
OS 1.0055984 1.7631893
OS 1.0064314 1.7650219
OS 1.0075143 1.7668545
OS 1.0075976 1.7669378
OS 1.0076809 1.7671044
OS 1.0079308 1.7674376
OS 1.0081807 1.7678541
OS 1.0085972 1.7683539
OS 1.009097 1.768937
OS 1.0102632 1.7702698
OS 1.0116793 1.7717692
OS 1.0135119 1.7732686
OS 1.0155111 1.774768
OS 1.0178435 1.7761841
OS 1.0179268 1.7762674
OS 1.0180934 1.7763507
OS 1.0185099 1.7765173
OS 1.0190097 1.7767672
OS 1.0195928 1.7770171
OS 1.0203425 1.777267
OS 1.0211755 1.7776002
OS 1.0221751 1.7779334
OS 1.0231747 1.7782666
OS 1.0243409 1.7785998
OS 1.0255904 1.7788497
OS 1.0269232 1.7790996
OS 1.0298387 1.7795161
OS 1.0330041 1.7796827
OS 1.0330874 1.7796827
OS 1.0333373 1.7796827
OS 1.0338371 1.7796827
OS 1.0344202 1.7795994
OS 1.0351699 1.7795994
OS 1.0360029 1.7795161
OS 1.0370025 1.7793495
OS 1.0380021 1.7791829
OS 1.0404178 1.7787664
OS 1.0429168 1.7781
OS 1.0454991 1.7771837
OS 1.0468319 1.7766006
OS 1.0480814 1.7759342
OS 1.0481647 1.7759342
OS 1.0483313 1.7757676
OS 1.0487478 1.775601
OS 1.0491643 1.7752678
OS 1.0497474 1.7749346
OS 1.0503305 1.7745181
OS 1.0518299 1.7734352
OS 1.0534126 1.7721024
OS 1.0551619 1.7705197
OS 1.0567446 1.7686871
OS 1.058244 1.7666879
OS 1.058244 1.7666046
OS 1.0584106 1.766438
OS 1.0584939 1.7661881
OS 1.0587438 1.7658549
OS 1.0589937 1.7654384
OS 1.0592436 1.7649386
OS 1.05991 1.7636891
OS 1.0605764 1.7621064
OS 1.0611595 1.7604404
OS 1.0617426 1.7585245
OS 1.0621591 1.756442
OS 1.0621591 1.7561921
OS 1.0622424 1.7558589
OS 1.0623257 1.7555257
OS 1.0623257 1.7549426
OS 1.062409 1.7543595
OS 1.0624923 1.7536931
OS 1.0625756 1.7529434
OS 1.0627422 1.7511941
OS 1.0628255 1.7491949
OS 1.0629921 1.7470291
OS 1.0629921 1.7259542
OS 1.0027662 1.7259542
OS 1.0027662 1.7469458
OS 1.0028495 1.7476122
OE
OB 1.0140117 1.7446134 H
OS 1.0140117 1.7411148
OS 1.0516633 1.7411148
OS 1.0516633 1.7443635
OS 1.05158 1.7456963
OS 1.05158 1.7485285
OS 1.0514967 1.7498613
OS 1.0514967 1.7500279
OS 1.0514134 1.7504444
OS 1.0513301 1.7511108
OS 1.0511635 1.7520271
OS 1.0509136 1.7530267
OS 1.0504971 1.7541929
OS 1.0499973 1.7553591
OS 1.0493309 1.7565253
OS 1.0493309 1.7566086
OS 1.0492476 1.7566919
OS 1.0489144 1.7571084
OS 1.0484146 1.7577748
OS 1.0476649 1.7586078
OS 1.0467486 1.7595241
OS 1.0456657 1.7604404
OS 1.0443329 1.7613567
OS 1.0429168 1.7621064
OS 1.0428335 1.7621064
OS 1.0427502 1.7621897
OS 1.0425003 1.762273
OS 1.0421671 1.7624396
OS 1.0417506 1.7626062
OS 1.0412508 1.7627728
OS 1.0400846 1.763106
OS 1.0385852 1.7634392
OS 1.0369192 1.7637724
OS 1.0350033 1.7640223
OS 1.0328375 1.7641056
OS 1.0327542 1.7641056
OS 1.0325876 1.7641056
OS 1.0322544 1.7641056
OS 1.0318379 1.7641056
OS 1.0313381 1.7640223
OS 1.030755 1.7640223
OS 1.0293389 1.7638557
OS 1.0277562 1.7636058
OS 1.0260902 1.7631893
OS 1.0243409 1.7626895
OS 1.0226749 1.7620231
OS 1.0225916 1.7620231
OS 1.0225083 1.7619398
OS 1.0220085 1.7616066
OS 1.0211755 1.7611901
OS 1.0202592 1.7605237
OS 1.0191763 1.7596074
OS 1.0180934 1.7585245
OS 1.0170105 1.757275
OS 1.0160942 1.7557756
OS 1.0160109 1.755609
OS 1.0158443 1.7552758
OS 1.0155111 1.7546094
OS 1.0151779 1.7538597
OS 1.0148447 1.7528601
OS 1.0145115 1.7517772
OS 1.0143449 1.750611
OS 1.0141783 1.7493615
OS 1.0141783 1.7487784
OS 1.014095 1.7480287
OS 1.014095 1.7459462
OS 1.0140117 1.7446134
OE
OB 1.0125956 1.8614833 H
OS 1.0125956 1.8613167
OS 1.0126789 1.8608169
OS 1.0128455 1.8599839
OS 1.0131787 1.8590676
OS 1.0136785 1.858068
OS 1.0145115 1.8570684
OS 1.0150113 1.8565686
OS 1.0156777 1.8561521
OS 1.0163441 1.8556523
OS 1.0171771 1.8553191
OS 1.0172604 1.8553191
OS 1.017427 1.8552358
OS 1.0176769 1.8551525
OS 1.0180934 1.8550692
OS 1.0185932 1.8549026
OS 1.0191763 1.854736
OS 1.019926 1.8545694
OS 1.0208423 1.8544028
OS 1.0218419 1.8542362
OS 1.0230081 1.8540696
OS 1.0242576 1.853903
OS 1.0256737 1.8537364
OS 1.0272564 1.8536531
OS 1.0290057 1.8535698
OS 1.0309216 1.8534865
OS 1.0329208 1.8534865
OS 1.0330041 1.8534865
OS 1.0334206 1.8534865
OS 1.0340037 1.8534865
OS 1.0347534 1.8534865
OS 1.0355864 1.8535698
OS 1.0366693 1.8535698
OS 1.0378355 1.8536531
OS 1.0390017 1.8537364
OS 1.041584 1.853903
OS 1.0441663 1.8542362
OS 1.0454158 1.8544861
OS 1.046582 1.854736
OS 1.0476649 1.8549859
OS 1.0485812 1.8553191
OS 1.0486645 1.8553191
OS 1.0487478 1.8554024
OS 1.0493309 1.8556523
OS 1.0499973 1.8561521
OS 1.0508303 1.8568185
OS 1.0517466 1.8576515
OS 1.052413 1.8587344
OS 1.0529961 1.8599839
OS 1.0530794 1.8607336
OS 1.0531627 1.8614833
OS 1.0531627 1.8616499
OS 1.0530794 1.862233
OS 1.0529128 1.8629827
OS 1.0525796 1.863899
OS 1.0520798 1.8648986
OS 1.0512468 1.8658982
OS 1.0506637 1.866398
OS 1.0500806 1.8668978
OS 1.0494142 1.8673143
OS 1.0485812 1.8676475
OS 1.0484979 1.8676475
OS 1.0483313 1.8677308
OS 1.0480814 1.8678141
OS 1.0476649 1.8679807
OS 1.0471651 1.868064
OS 1.046582 1.8682306
OS 1.045749 1.8683972
OS 1.044916 1.8686471
OS 1.0439164 1.8688137
OS 1.0427502 1.8689803
OS 1.0415007 1.8691469
OS 1.0400013 1.8692302
OS 1.0385019 1.8693968
OS 1.0367526 1.8694801
OS 1.03492 1.8695634
OS 1.0329208 1.8695634
OS 1.0327542 1.8695634
OS 1.032421 1.8695634
OS 1.0318379 1.8695634
OS 1.0310882 1.8695634
OS 1.0301719 1.8694801
OS 1.029089 1.8694801
OS 1.0280061 1.8693968
OS 1.0267566 1.8693135
OS 1.024091 1.8690636
OS 1.0215087 1.8687304
OS 1.0202592 1.8685638
OS 1.0191763 1.8683139
OS 1.0180934 1.8679807
OS 1.0171771 1.8676475
OS 1.0170938 1.8676475
OS 1.0170105 1.8675642
OS 1.0164274 1.8673143
OS 1.015761 1.8668145
OS 1.0148447 1.8662314
OS 1.0140117 1.8653151
OS 1.0133453 1.8643155
OS 1.0127622 1.8629827
OS 1.0126789 1.862233
OS 1.0125956 1.8614833
OE
SE
S P 0
OB 1.125623 1.4342449 I
OS 1.125623 1.4354944
OS 1.1257896 1.4369938
OS 1.1259562 1.4385765
OS 1.1262061 1.4401592
OS 1.1265393 1.4416586
OS 1.1265393 1.4418252
OS 1.1267059 1.442325
OS 1.1269558 1.4430747
OS 1.1272057 1.443991
OS 1.1276222 1.4449906
OS 1.1280387 1.4461568
OS 1.1286218 1.447323
OS 1.1292049 1.4484059
OS 1.1292882 1.4485725
OS 1.1295381 1.4489057
OS 1.1299546 1.4494888
OS 1.1305377 1.4501552
OS 1.1312041 1.4509049
OS 1.1320371 1.4516546
OS 1.1329534 1.4524043
OS 1.1340363 1.4529874
OS 1.1342029 1.4530707
OS 1.1345361 1.4532373
OS 1.1351192 1.4534872
OS 1.1359522 1.4538204
OS 1.1369518 1.4540703
OS 1.1380347 1.4543202
OS 1.1392842 1.4544868
OS 1.140617 1.4545701
OS 1.1407003 1.4545701
OS 1.1408669 1.4545701
OS 1.1411168 1.4545701
OS 1.14145 1.4544868
OS 1.1424496 1.4544035
OS 1.1436991 1.4542369
OS 1.1451152 1.4538204
OS 1.1466146 1.4533206
OS 1.148114 1.4525709
OS 1.1496134 1.4515713
OS 1.14978 1.4514047
OS 1.1501965 1.4510715
OS 1.1508629 1.4504051
OS 1.1516959 1.4494888
OS 1.1525289 1.4483226
OS 1.1533619 1.4469898
OS 1.1540283 1.4454904
OS 1.1546114 1.4437411
OS 1.1551945 1.4437411
OS 1.1551945 1.4438244
OS 1.1552778 1.4440743
OS 1.1553611 1.4445741
OS 1.1554444 1.4450739
OS 1.155611 1.4457403
OS 1.1557776 1.4464067
OS 1.1562774 1.4479061
OS 1.1562774 1.4479894
OS 1.156444 1.4482393
OS 1.1566106 1.4486558
OS 1.1568605 1.4491556
OS 1.1571937 1.449822
OS 1.1576102 1.4504884
OS 1.1581933 1.4511548
OS 1.1587764 1.4519045
OS 1.1588597 1.4519878
OS 1.1590263 1.4522377
OS 1.1594428 1.4525709
OS 1.1598593 1.4529874
OS 1.1604424 1.4534039
OS 1.1611921 1.453987
OS 1.1619418 1.4544035
OS 1.1628581 1.4549033
OS 1.1629414 1.4549866
OS 1.1632746 1.4550699
OS 1.1638577 1.4553198
OS 1.1645241 1.4555697
OS 1.1653571 1.4557363
OS 1.16644 1.4559862
OS 1.1675229 1.4560695
OS 1.1687724 1.4561528
OS 1.1688557 1.4561528
OS 1.168939 1.4561528
OS 1.1691889 1.4561528
OS 1.1695221 1.4561528
OS 1.1703551 1.4560695
OS 1.171438 1.4559862
OS 1.1726875 1.4557363
OS 1.1740203 1.4554864
OS 1.1754364 1.4550699
OS 1.1768525 1.4544868
OS 1.1770191 1.4544035
OS 1.1774356 1.4541536
OS 1.178102 1.4538204
OS 1.1790183 1.4532373
OS 1.1799346 1.4525709
OS 1.1810175 1.4517379
OS 1.1820171 1.4507383
OS 1.1830167 1.4496554
OS 1.1831 1.4494888
OS 1.1834332 1.4490723
OS 1.183933 1.4484059
OS 1.1844328 1.4475729
OS 1.1850992 1.4464067
OS 1.1857656 1.4451572
OS 1.1863487 1.4437411
OS 1.1869318 1.4421584
OS 1.1869318 1.4420751
OS 1.1870151 1.4419918
OS 1.1870151 1.4417419
OS 1.1870984 1.4414087
OS 1.187265 1.4409922
OS 1.1873483 1.4404924
OS 1.1875982 1.4392429
OS 1.1878481 1.4377435
OS 1.1880147 1.4359942
OS 1.1881813 1.433995
OS 1.1882646 1.4317459
OS 1.1882646 1.4299133
OS 1.1881813 1.4292469
OS 1.1881813 1.4284139
OS 1.188098 1.4275809
OS 1.1880147 1.425665
OS 1.1877648 1.4236658
OS 1.1875149 1.4215833
OS 1.1870984 1.4195841
OS 1.1870984 1.4195008
OS 1.1870151 1.4193342
OS 1.1870151 1.4190843
OS 1.1869318 1.4187511
OS 1.1866819 1.4178348
OS 1.1863487 1.4166686
OS 1.1859322 1.4154191
OS 1.1855157 1.4140863
OS 1.1850159 1.4127535
OS 1.1845161 1.411504
OS 1.171438 1.411504
OS 1.171438 1.4129201
OS 1.1715213 1.4130867
OS 1.1717712 1.4135032
OS 1.1721877 1.4141696
OS 1.1726875 1.4151692
OS 1.1732706 1.4162521
OS 1.173937 1.4175849
OS 1.1746034 1.4190843
OS 1.1751865 1.420667
OS 1.1751865 1.4207503
OS 1.1752698 1.4208336
OS 1.1753531 1.4210835
OS 1.1754364 1.4214167
OS 1.1756863 1.4222497
OS 1.1759362 1.4234159
OS 1.1761861 1.4246654
OS 1.176436 1.4259982
OS 1.1766026 1.4274143
OS 1.1766859 1.4288304
OS 1.1766859 1.4296634
OS 1.1766026 1.4302465
OS 1.1766026 1.4309962
OS 1.1765193 1.4317459
OS 1.1763527 1.4335785
OS 1.1763527 1.4336618
OS 1.1762694 1.433995
OS 1.1761861 1.4344948
OS 1.1759362 1.4350779
OS 1.1754364 1.436494
OS 1.1750199 1.4372437
OS 1.1746034 1.4379101
OS 1.1745201 1.4379934
OS 1.1744368 1.43816
OS 1.1741869 1.4384099
OS 1.173937 1.4387431
OS 1.173104 1.4394928
OS 1.1721044 1.4401592
OS 1.1720211 1.4401592
OS 1.1718545 1.4403258
OS 1.1715213 1.4404091
OS 1.1710215 1.4405757
OS 1.1704384 1.4407423
OS 1.1696887 1.4408256
OS 1.1688557 1.4409922
OS 1.1678561 1.4409922
OS 1.1677728 1.4409922
OS 1.1674396 1.4409922
OS 1.1669398 1.4409089
OS 1.1663567 1.4408256
OS 1.1656903 1.440659
OS 1.1650239 1.4404924
OS 1.1643575 1.4401592
OS 1.1637744 1.4397427
OS 1.1636911 1.4396594
OS 1.1635245 1.4394928
OS 1.1632746 1.4392429
OS 1.1629414 1.4389097
OS 1.1626082 1.4384932
OS 1.1621917 1.4379934
OS 1.1616086 1.4366606
OS 1.1616086 1.4365773
OS 1.1615253 1.4363274
OS 1.1613587 1.4359109
OS 1.1611921 1.4353278
OS 1.1611088 1.4346614
OS 1.1609422 1.4339117
OS 1.1608589 1.4329954
OS 1.1607756 1.4319958
OS 1.1607756 1.4309962
OS 1.1606923 1.4304131
OS 1.1606923 1.4246654
OS 1.1501965 1.4246654
OS 1.1501965 1.4286638
OS 1.1501132 1.4294135
OS 1.1501132 1.4302465
OS 1.1500299 1.4319958
OS 1.1500299 1.4320791
OS 1.1499466 1.4324123
OS 1.1499466 1.4328288
OS 1.14978 1.4333286
OS 1.1495301 1.4346614
OS 1.1490303 1.4359109
OS 1.1490303 1.4359942
OS 1.1488637 1.4361608
OS 1.1486971 1.436494
OS 1.1484472 1.4368272
OS 1.1478641 1.4377435
OS 1.1469478 1.4384932
OS 1.1468645 1.4385765
OS 1.1466979 1.4386598
OS 1.1463647 1.4388264
OS 1.1459482 1.438993
OS 1.1453651 1.4391596
OS 1.1446987 1.4392429
OS 1.143949 1.4394095
OS 1.143116 1.4394095
OS 1.1430327 1.4394095
OS 1.1427828 1.4394095
OS 1.1425329 1.4393262
OS 1.1421164 1.4393262
OS 1.1411168 1.438993
OS 1.140617 1.4388264
OS 1.1402005 1.4384932
OS 1.1401172 1.4384932
OS 1.1400339 1.4383266
OS 1.1395341 1.4379101
OS 1.138951 1.4372437
OS 1.1383679 1.4364107
OS 1.1383679 1.4363274
OS 1.1382846 1.4361608
OS 1.138118 1.4358276
OS 1.1379514 1.4354944
OS 1.1377848 1.4349946
OS 1.1376182 1.4344115
OS 1.1373683 1.4329954
OS 1.1373683 1.4329121
OS 1.137285 1.4326622
OS 1.137285 1.432329
OS 1.1372017 1.4319125
OS 1.1371184 1.4308296
OS 1.1371184 1.4289137
OS 1.1372017 1.4283306
OS 1.137285 1.4276642
OS 1.1373683 1.4268312
OS 1.1377015 1.4251652
OS 1.1377015 1.4250819
OS 1.1377848 1.4247487
OS 1.1378681 1.4243322
OS 1.1380347 1.4237491
OS 1.1382846 1.4230827
OS 1.1384512 1.422333
OS 1.1390343 1.4207503
OS 1.1390343 1.420667
OS 1.1391176 1.4205004
OS 1.1392842 1.4200839
OS 1.1394508 1.4196674
OS 1.1397007 1.4191676
OS 1.1400339 1.4185012
OS 1.1407003 1.4171684
OS 1.1407003 1.4170851
OS 1.1408669 1.4168352
OS 1.1410335 1.4165853
OS 1.1412834 1.4161688
OS 1.1417832 1.4152525
OS 1.1419498 1.414836
OS 1.1421997 1.4145028
OS 1.1421997 1.4132533
OS 1.1293715 1.4132533
OS 1.1292882 1.4134199
OS 1.1291216 1.4138364
OS 1.1288717 1.4145028
OS 1.1285385 1.4154191
OS 1.128122 1.4166686
OS 1.1277055 1.4180847
OS 1.127289 1.4197507
OS 1.1267892 1.4215833
OS 1.1267892 1.4216666
OS 1.1267059 1.4218332
OS 1.1267059 1.4220831
OS 1.1266226 1.4224996
OS 1.126456 1.4229994
OS 1.1263727 1.4234992
OS 1.1261228 1.4249153
OS 1.1259562 1.426498
OS 1.1257063 1.4283306
OS 1.125623 1.4303298
OS 1.1255397 1.432329
OS 1.1255397 1.4337451
OS 1.125623 1.4342449
OE
OB 1.1765193 1.4953038 I
OS 1.1765193 1.5077155
OS 1.1870151 1.5077155
OS 1.1870151 1.4679814
OS 1.1765193 1.4679814
OS 1.1765193 1.480643
OS 1.1446987 1.480643
OS 1.1446987 1.4679814
OS 1.1348693 1.4679814
OS 1.1348693 1.468981
OS 1.134786 1.4697307
OS 1.134786 1.4705637
OS 1.1347027 1.47148
OS 1.1345361 1.4734792
OS 1.1345361 1.4735625
OS 1.1344528 1.473979
OS 1.1343695 1.4744788
OS 1.1342862 1.4750619
OS 1.1338697 1.476478
OS 1.1336198 1.4772277
OS 1.1333699 1.4778941
OS 1.1332866 1.4779774
OS 1.1332033 1.4782273
OS 1.1329534 1.4785605
OS 1.1327035 1.478977
OS 1.1318705 1.4799766
OS 1.1307876 1.4808929
OS 1.1307043 1.4809762
OS 1.1304544 1.4810595
OS 1.1301212 1.4812261
OS 1.1296214 1.481476
OS 1.1290383 1.4816426
OS 1.1282886 1.4818092
OS 1.1275389 1.4819758
OS 1.1266226 1.4820591
OS 1.1266226 1.4953038
OS 1.1765193 1.4953038
OE
OB 1.1268725 1.3805997 I
OS 1.1269558 1.3819325
OS 1.1270391 1.3833486
OS 1.1272057 1.384848
OS 1.1274556 1.3862641
OS 1.1274556 1.3864307
OS 1.1276222 1.3869305
OS 1.1277888 1.3875969
OS 1.1280387 1.3885132
OS 1.1283719 1.3895961
OS 1.1287884 1.3907623
OS 1.1293715 1.3920118
OS 1.1300379 1.393178
OS 1.1301212 1.3933446
OS 1.1303711 1.3936778
OS 1.1308709 1.3943442
OS 1.131454 1.3950106
OS 1.1322037 1.3958436
OS 1.13312 1.3967599
OS 1.1341196 1.3975929
OS 1.1352858 1.3983426
OS 1.1354524 1.3984259
OS 1.1358689 1.3986758
OS 1.1365353 1.3989257
OS 1.1374516 1.3993422
OS 1.1386178 1.3996754
OS 1.1400339 1.3999253
OS 1.1416166 1.4001752
OS 1.1433659 1.4002585
OS 1.1434492 1.4002585
OS 1.1436991 1.4002585
OS 1.1440323 1.4002585
OS 1.1445321 1.4001752
OS 1.1451152 1.4001752
OS 1.1457816 1.4000919
OS 1.1473643 1.399842
OS 1.1491136 1.3995088
OS 1.1510295 1.3989257
OS 1.1528621 1.398176
OS 1.1546114 1.3970931
OS 1.1546947 1.3970931
OS 1.154778 1.3969265
OS 1.1550279 1.3967599
OS 1.1553611 1.39651
OS 1.1561108 1.3958436
OS 1.1571104 1.3949273
OS 1.1581933 1.3936778
OS 1.1592762 1.3922617
OS 1.1604424 1.3905957
OS 1.161442 1.3887631
OS 1.1870151 1.4090883
OS 1.1870151 1.3905957
OS 1.1649406 1.3738524
OS 1.1649406 1.3685212
OS 1.1870151 1.3685212
OS 1.1870151 1.3534439
OS 1.1267892 1.3534439
OS 1.1267892 1.3793502
OS 1.1268725 1.3805997
OE
OB 1.1377848 1.3752685 H
OS 1.1377848 1.3685212
OS 1.1541116 1.3685212
OS 1.1541116 1.3738524
OS 1.1540283 1.3746021
OS 1.1540283 1.3754351
OS 1.153945 1.3763514
OS 1.1538617 1.3772677
OS 1.1537784 1.3781007
OS 1.1537784 1.378184
OS 1.1536951 1.3784339
OS 1.1536118 1.3788504
OS 1.1534452 1.3793502
OS 1.1528621 1.3805997
OS 1.1521124 1.3817659
OS 1.1520291 1.3818492
OS 1.1518625 1.3820158
OS 1.1516959 1.3822657
OS 1.1513627 1.3825989
OS 1.1504464 1.3833486
OS 1.1493635 1.3839317
OS 1.1492802 1.3839317
OS 1.1491136 1.384015
OS 1.1486971 1.3841816
OS 1.1482806 1.3843482
OS 1.1476142 1.3844315
OS 1.1469478 1.3845981
OS 1.1461148 1.3846814
OS 1.1451985 1.3846814
OS 1.1451152 1.3846814
OS 1.144782 1.3846814
OS 1.1443655 1.3845981
OS 1.1438657 1.3845981
OS 1.1426162 1.3842649
OS 1.1419498 1.3840983
OS 1.1412834 1.3837651
OS 1.1412001 1.3837651
OS 1.1410335 1.3835985
OS 1.1407003 1.3834319
OS 1.1403671 1.3830987
OS 1.1399506 1.3826822
OS 1.1395341 1.3821824
OS 1.1391176 1.3815993
OS 1.1387844 1.3809329
OS 1.1387844 1.3808496
OS 1.1387011 1.380683
OS 1.1385345 1.3804331
OS 1.1384512 1.3800166
OS 1.138118 1.379017
OS 1.1379514 1.3777675
OS 1.1379514 1.3774343
OS 1.1378681 1.3771011
OS 1.1378681 1.3759349
OS 1.1377848 1.3752685
OE
SE
S P 0
OB 1.4441899 1.309779 I
OS 1.4565271 1.309779
OS 1.4565271 1.2993462
OS 1.4170315 1.2993462
OS 1.4170315 1.309779
OS 1.4296171 1.309779
OS 1.4296171 1.3414086
OS 1.4170315 1.3414086
OS 1.4170315 1.351179
OS 1.4180251 1.351179
OS 1.4187703 1.3512618
OS 1.4195983 1.3512618
OS 1.4205091 1.3513446
OS 1.4224963 1.3515102
OS 1.4225791 1.3515102
OS 1.4229931 1.351593
OS 1.4234899 1.3516758
OS 1.4240695 1.3517586
OS 1.4254771 1.3521726
OS 1.4262223 1.352421
OS 1.4268847 1.3526694
OS 1.4269675 1.3527522
OS 1.4272159 1.352835
OS 1.4275471 1.3530834
OS 1.4279611 1.3533318
OS 1.4289547 1.3541598
OS 1.4298655 1.3552362
OS 1.4299483 1.355319
OS 1.4300311 1.3555674
OS 1.4301967 1.3558986
OS 1.4304451 1.3563954
OS 1.4306107 1.356975
OS 1.4307763 1.3577202
OS 1.4309419 1.3584654
OS 1.4310247 1.3593762
OS 1.4441899 1.3593762
OS 1.4441899 1.309779
OE
OB 1.3917775 1.309779 I
OS 1.4041147 1.309779
OS 1.4041147 1.2993462
OS 1.3646191 1.2993462
OS 1.3646191 1.309779
OS 1.3772047 1.309779
OS 1.3772047 1.3414086
OS 1.3646191 1.3414086
OS 1.3646191 1.351179
OS 1.3656127 1.351179
OS 1.3663579 1.3512618
OS 1.3671859 1.3512618
OS 1.3680967 1.3513446
OS 1.3700839 1.3515102
OS 1.3701667 1.3515102
OS 1.3705807 1.351593
OS 1.3710775 1.3516758
OS 1.3716571 1.3517586
OS 1.3730647 1.3521726
OS 1.3738099 1.352421
OS 1.3744723 1.3526694
OS 1.3745551 1.3527522
OS 1.3748035 1.352835
OS 1.3751347 1.3530834
OS 1.3755487 1.3533318
OS 1.3765423 1.3541598
OS 1.3774531 1.3552362
OS 1.3775359 1.355319
OS 1.3776187 1.3555674
OS 1.3777843 1.3558986
OS 1.3780327 1.3563954
OS 1.3781983 1.356975
OS 1.3783639 1.3577202
OS 1.3785295 1.3584654
OS 1.3786123 1.3593762
OS 1.3917775 1.3593762
OS 1.3917775 1.309779
OE
OB 1.3513711 1.320957 I
OS 1.3513711 1.3208742
OS 1.3513711 1.3204602
OS 1.3513711 1.3198806
OS 1.3512883 1.3191354
OS 1.3512055 1.3182246
OS 1.3510399 1.3171482
OS 1.3508743 1.315989
OS 1.3505431 1.314747
OS 1.3502119 1.3133394
OS 1.3497979 1.3120146
OS 1.3493011 1.3105242
OS 1.3487215 1.3091166
OS 1.3479763 1.3077918
OS 1.3470655 1.306467
OS 1.3461547 1.3051422
OS 1.3449955 1.303983
OS 1.3449127 1.3039002
OS 1.3446643 1.3037346
OS 1.3443331 1.3034034
OS 1.3438363 1.3030722
OS 1.3431739 1.3026582
OS 1.3423459 1.3021614
OS 1.3414351 1.3015818
OS 1.3402759 1.301085
OS 1.3390339 1.3005054
OS 1.3376263 1.2999258
OS 1.3361359 1.299429
OS 1.3344799 1.299015
OS 1.3326583 1.2986838
OS 1.3306711 1.2983526
OS 1.3285183 1.298187
OS 1.3262827 1.2981042
OS 1.3251235 1.2981042
OS 1.3242955 1.298187
OS 1.3233019 1.2982698
OS 1.3221427 1.2984354
OS 1.3209007 1.298601
OS 1.3194931 1.2988494
OS 1.3180027 1.2990978
OS 1.3165123 1.2995118
OS 1.3149391 1.3000086
OS 1.3134487 1.3005882
OS 1.3119583 1.3012506
OS 1.3104679 1.3019958
OS 1.3090603 1.3029066
OS 1.3078183 1.3039002
OS 1.3077355 1.303983
OS 1.3075699 1.3041486
OS 1.3072387 1.3044798
OS 1.3068247 1.3049766
OS 1.3063279 1.3055562
OS 1.3057483 1.3063014
OS 1.3051687 1.3072122
OS 1.3045891 1.3082058
OS 1.3040095 1.309365
OS 1.3034299 1.310607
OS 1.3028503 1.3120146
OS 1.3023535 1.313505
OS 1.3019395 1.3152438
OS 1.3016083 1.3169826
OS 1.3014427 1.318887
OS 1.3013599 1.320957
OS 1.3013599 1.3592106
OS 1.3164295 1.3592106
OS 1.3164295 1.3218678
OS 1.3164295 1.321785
OS 1.3164295 1.3216194
OS 1.3164295 1.3212882
OS 1.3164295 1.3208742
OS 1.3165123 1.3202946
OS 1.3165951 1.319715
OS 1.3167607 1.3183074
OS 1.3170091 1.316817
OS 1.3174231 1.3152438
OS 1.3180027 1.3138362
OS 1.3187479 1.3125114
OS 1.3188307 1.3123458
OS 1.3191619 1.3120146
OS 1.3197415 1.3116006
OS 1.3205695 1.311021
OS 1.3216459 1.3104414
OS 1.3228879 1.3100274
OS 1.3244611 1.3096962
OS 1.3262827 1.3095306
OS 1.3267795 1.3095306
OS 1.3271107 1.3096134
OS 1.3280215 1.3096962
OS 1.3291807 1.3098618
OS 1.3303399 1.3102758
OS 1.3316647 1.3107726
OS 1.3328239 1.311435
OS 1.3338175 1.3124286
OS 1.3339003 1.3125942
OS 1.3342315 1.3130082
OS 1.3346455 1.3136706
OS 1.3350595 1.3146642
OS 1.3355563 1.315989
OS 1.3358875 1.317645
OS 1.3360531 1.3185558
OS 1.3362187 1.3195494
OS 1.3363015 1.3207086
OS 1.3363015 1.3218678
OS 1.3363015 1.3592106
OS 1.3513711 1.3592106
OS 1.3513711 1.320957
OE
SE
S P 0
OB 1.4859501 2.3401662 I
OS 1.4859501 2.3775504
OS 1.5015075 2.3775504
OS 1.5015075 2.3401662
OS 1.4859501 2.3401662
OE
SE
S P 0
OB 1.500927 2.4661889 I
OS 1.500927 2.4373961
OS 1.4864145 2.4373961
OS 1.4864145 2.4661889
OS 1.4576217 2.4661889
OS 1.4576217 2.4810497
OS 1.4864145 2.4810497
OS 1.4864145 2.5098425
OS 1.500927 2.5098425
OS 1.500927 2.4810497
OS 1.5297198 2.4810497
OS 1.5297198 2.4661889
OS 1.500927 2.4661889
OE
SE
S P 0
OB 1.8415118 4.0452756 I
OS 1.8137513 4.0452756
OS 1.7975693 4.1076321
OS 1.7819453 4.0452756
OS 1.7540453 4.0452756
OS 1.7286563 4.1461341
OS 1.7548823 4.1461341
OS 1.7688323 4.0786161
OS 1.7855723 4.1461341
OS 1.8106823 4.1461341
OS 1.8267248 4.0784766
OS 1.8413723 4.1461341
OS 1.8670403 4.1461341
OS 1.8415118 4.0452756
OE
OB 1.6894568 4.1478081 I
OS 1.6916888 4.1476686
OS 1.6943393 4.1475291
OS 1.6974083 4.1471106
OS 1.7006168 4.1466921
OS 1.7039648 4.1459946
OS 1.7041043 4.1459946
OS 1.7043833 4.1458551
OS 1.7048018 4.1458551
OS 1.7054993 4.1457156
OS 1.7061968 4.1454366
OS 1.7071733 4.1452971
OS 1.7092658 4.1447391
OS 1.7117768 4.1440416
OS 1.7145668 4.1432046
OS 1.7172173 4.1422281
OS 1.7200073 4.1411121
OS 1.7200073 4.1180946
OS 1.7176358 4.1180946
OS 1.7173568 4.1183736
OS 1.7166593 4.1189316
OS 1.7154038 4.1197686
OS 1.7138693 4.1208846
OS 1.7119163 4.1221401
OS 1.7095448 4.1235351
OS 1.7068943 4.1249301
OS 1.7039648 4.1261856
OS 1.7038253 4.1261856
OS 1.7035463 4.1263251
OS 1.7031278 4.1264646
OS 1.7025698 4.1267436
OS 1.7018723 4.1270226
OS 1.7008958 4.1273016
OS 1.6988033 4.1278596
OS 1.6962923 4.1284176
OS 1.6935023 4.1289756
OS 1.6905728 4.1293941
OS 1.6873643 4.1295336
OS 1.6854113 4.1295336
OS 1.6834583 4.1292546
OS 1.6813658 4.1289756
OS 1.6812263 4.1289756
OS 1.6809473 4.1288361
OS 1.6803893 4.1288361
OS 1.6796918 4.1285571
OS 1.6778783 4.1279991
OS 1.6757858 4.1271621
OS 1.6756463 4.1271621
OS 1.6753673 4.1270226
OS 1.6749488 4.1267436
OS 1.6743908 4.1263251
OS 1.6731353 4.1253486
OS 1.6717403 4.1239536
OS 1.6717403 4.1238141
OS 1.6714613 4.1235351
OS 1.6711823 4.1231166
OS 1.6709033 4.1225586
OS 1.6703453 4.1210241
OS 1.6702058 4.1201871
OS 1.6700663 4.1192106
OS 1.6700663 4.1190711
OS 1.6700663 4.1186526
OS 1.6702058 4.1179551
OS 1.6703453 4.1169786
OS 1.6707638 4.1160021
OS 1.6711823 4.1150256
OS 1.6718798 4.1140491
OS 1.6727168 4.1130726
OS 1.6728563 4.1129331
OS 1.6732748 4.1126541
OS 1.6739723 4.1122356
OS 1.6750883 4.1116776
OS 1.6764833 4.1111196
OS 1.6784363 4.1104221
OS 1.6806683 4.1097246
OS 1.6833188 4.1090271
OS 1.6835978 4.1090271
OS 1.6841558 4.1088876
OS 1.6851323 4.1086086
OS 1.6865273 4.1083296
OS 1.6879223 4.1080506
OS 1.6895963 4.1076321
OS 1.6930838 4.1067951
OS 1.6933628 4.1067951
OS 1.6939208 4.1066556
OS 1.6948973 4.1063766
OS 1.6961528 4.1059581
OS 1.6976873 4.1055396
OS 1.6993613 4.1051211
OS 1.7013143 4.1045631
OS 1.7032673 4.1038656
OS 1.7034068 4.1038656
OS 1.7036858 4.1037261
OS 1.7042438 4.1034471
OS 1.7049413 4.1031681
OS 1.7059178 4.1027496
OS 1.7068943 4.1023311
OS 1.7091263 4.1010756
OS 1.7116373 4.0996806
OS 1.7142878 4.0978671
OS 1.7167988 4.0957746
OS 1.7188913 4.0935426
OS 1.7191703 4.0932636
OS 1.7193098 4.0928451
OS 1.7197283 4.0924266
OS 1.7205653 4.0910316
OS 1.7215418 4.0890786
OS 1.7223788 4.0867071
OS 1.7232158 4.0837776
OS 1.7237738 4.0804296
OS 1.7240528 4.0766631
OS 1.7240528 4.0765236
OS 1.7240528 4.0759656
OS 1.7239133 4.0752681
OS 1.7239133 4.0741521
OS 1.7236343 4.0728966
OS 1.7234948 4.0715016
OS 1.7230763 4.0698276
OS 1.7225183 4.0680141
OS 1.7219603 4.0662006
OS 1.7211233 4.0642476
OS 1.7201468 4.0621551
OS 1.7190308 4.0602021
OS 1.7176358 4.0582491
OS 1.7161013 4.0561566
OS 1.7142878 4.0543431
OS 1.7121953 4.0525296
OS 1.7120558 4.0523901
OS 1.7116373 4.0521111
OS 1.7109398 4.0516926
OS 1.7101028 4.0511346
OS 1.7088473 4.0504371
OS 1.7074523 4.0496001
OS 1.7056388 4.0489026
OS 1.7038253 4.0480656
OS 1.7015933 4.0470891
OS 1.6992218 4.0463916
OS 1.6965713 4.0455546
OS 1.6937813 4.0448571
OS 1.6907123 4.0442991
OS 1.6873643 4.0438806
OS 1.6838768 4.0436016
OS 1.6802498 4.0434621
OS 1.6782968 4.0434621
OS 1.6773203 4.0436016
OS 1.6748093 4.0436016
OS 1.6734143 4.0437411
OS 1.6702058 4.0440201
OS 1.6667183 4.0444386
OS 1.6632308 4.0449966
OS 1.6598828 4.0456941
OS 1.6597433 4.0456941
OS 1.6594643 4.0458336
OS 1.6590458 4.0459731
OS 1.6583483 4.0461126
OS 1.6576508 4.0462521
OS 1.6566743 4.0465311
OS 1.6545818 4.0472286
OS 1.6520708 4.0480656
OS 1.6494203 4.0489026
OS 1.6437008 4.0511346
OS 1.6437008 4.0752681
OS 1.6459328 4.0752681
OS 1.6460723 4.0751286
OS 1.6462118 4.0749891
OS 1.6466303 4.0747101
OS 1.6473278 4.0741521
OS 1.6480253 4.0735941
OS 1.6488623 4.0730361
OS 1.6508153 4.0715016
OS 1.6533263 4.0699671
OS 1.6561163 4.0682931
OS 1.6593248 4.0666191
OS 1.6626728 4.0652241
OS 1.6628123 4.0652241
OS 1.6630913 4.0650846
OS 1.6636493 4.0649451
OS 1.6642073 4.0646661
OS 1.6650443 4.0643871
OS 1.6660208 4.0641081
OS 1.6683923 4.0635501
OS 1.6710428 4.0629921
OS 1.6739723 4.0624341
OS 1.6771808 4.0620156
OS 1.6803893 4.0618761
OS 1.6819238 4.0618761
OS 1.6827608 4.0620156
OS 1.6837373 4.0620156
OS 1.6848533 4.0621551
OS 1.6861088 4.0622946
OS 1.6862483 4.0622946
OS 1.6866668 4.0624341
OS 1.6873643 4.0624341
OS 1.6882013 4.0627131
OS 1.6900148 4.0631316
OS 1.6909913 4.0634106
OS 1.6918283 4.0638291
OS 1.6919678 4.0638291
OS 1.6922468 4.0641081
OS 1.6928048 4.0642476
OS 1.6933628 4.0646661
OS 1.6948973 4.0656426
OS 1.6962923 4.0668981
OS 1.6964318 4.0670376
OS 1.6965713 4.0673166
OS 1.6968503 4.0677351
OS 1.6972688 4.0684326
OS 1.6976873 4.0691301
OS 1.6979663 4.0701066
OS 1.6981058 4.0712226
OS 1.6982453 4.0724781
OS 1.6982453 4.0726176
OS 1.6982453 4.0731756
OS 1.6981058 4.0737336
OS 1.6978268 4.0747101
OS 1.6975478 4.0756866
OS 1.6969898 4.0766631
OS 1.6961528 4.0776396
OS 1.6951763 4.0786161
OS 1.6950368 4.0787556
OS 1.6946183 4.0790346
OS 1.6940603 4.0794531
OS 1.6932233 4.0800111
OS 1.6921073 4.0805691
OS 1.6909913 4.0811271
OS 1.6895963 4.0816851
OS 1.6880618 4.0821036
OS 1.6877828 4.0821036
OS 1.6872248 4.0823826
OS 1.6861088 4.0825221
OS 1.6847138 4.0829406
OS 1.6830398 4.0832196
OS 1.6812263 4.0836381
OS 1.6791338 4.0841961
OS 1.6770413 4.0846146
OS 1.6767623 4.0846146
OS 1.6760648 4.0848936
OS 1.6749488 4.0851726
OS 1.6735538 4.0854516
OS 1.6718798 4.0858701
OS 1.6699268 4.0864281
OS 1.6661603 4.0875441
OS 1.6660208 4.0875441
OS 1.6656023 4.0876836
OS 1.6650443 4.0879626
OS 1.6642073 4.0883811
OS 1.6632308 4.0887996
OS 1.6621148 4.0892181
OS 1.6596038 4.0904736
OS 1.6568138 4.0921476
OS 1.6540238 4.0939611
OS 1.6515128 4.0961931
OS 1.6502573 4.0974486
OS 1.6492808 4.0987041
OS 1.6492808 4.0988436
OS 1.6490018 4.0989831
OS 1.6488623 4.0994016
OS 1.6484438 4.0999596
OS 1.6481648 4.1006571
OS 1.6477463 4.1014941
OS 1.6467698 4.1034471
OS 1.6457933 4.1060976
OS 1.6450958 4.1090271
OS 1.6445378 4.1123751
OS 1.6442588 4.1161416
OS 1.6442588 4.1162811
OS 1.6442588 4.1168391
OS 1.6443983 4.1175366
OS 1.6443983 4.1185131
OS 1.6446773 4.1197686
OS 1.6449563 4.1211636
OS 1.6452353 4.1226981
OS 1.6457933 4.1243721
OS 1.6463513 4.1261856
OS 1.6471883 4.1279991
OS 1.6481648 4.1299521
OS 1.6492808 4.1319051
OS 1.6506758 4.1337186
OS 1.6522103 4.1356716
OS 1.6540238 4.1374851
OS 1.6561163 4.1391591
OS 1.6562558 4.1392986
OS 1.6566743 4.1395776
OS 1.6573718 4.1399961
OS 1.6582088 4.1405541
OS 1.6594643 4.1412516
OS 1.6608593 4.1419491
OS 1.6625333 4.1427861
OS 1.6643468 4.1436231
OS 1.6664393 4.1443206
OS 1.6686713 4.1451576
OS 1.6711823 4.1458551
OS 1.6738328 4.1465526
OS 1.6766228 4.1471106
OS 1.6796918 4.1475291
OS 1.6827608 4.1478081
OS 1.6861088 4.1479476
OS 1.6884803 4.1479476
OS 1.6894568 4.1478081
OE
SE
S P 0
OB 1.8908669 2.9659433 I
OS 1.8908669 2.9641625
OS 1.8907185 2.9622333
OS 1.8902733 2.9583749
OS 1.8902733 2.9580781
OS 1.8901249 2.9574845
OS 1.8899765 2.9564457
OS 1.8896797 2.9551101
OS 1.8893829 2.9536261
OS 1.8890861 2.9519937
OS 1.8881957 2.9484321
OS 1.8881957 2.9482837
OS 1.8880473 2.9478385
OS 1.8877505 2.9470965
OS 1.8874537 2.9460577
OS 1.8870085 2.9448705
OS 1.8865633 2.9435349
OS 1.8852277 2.9405669
OS 1.8850793 2.9404185
OS 1.8849309 2.9398249
OS 1.8846341 2.9390829
OS 1.8841889 2.9380441
OS 1.8831501 2.9356697
OS 1.8825565 2.9344825
OS 1.8819629 2.9334437
OS 1.8565865 2.9334437
OS 1.8565865 2.9362633
OS 1.8567349 2.9364117
OS 1.8568833 2.9365601
OS 1.8571801 2.9370053
OS 1.8577737 2.9375989
OS 1.8589609 2.9390829
OS 1.8605933 2.9411605
OS 1.8607417 2.9413089
OS 1.8610385 2.9416057
OS 1.8614837 2.9423477
OS 1.8620773 2.9430897
OS 1.8628193 2.9441285
OS 1.8635613 2.9451673
OS 1.8653421 2.9478385
OS 1.8654905 2.9479869
OS 1.8657873 2.9484321
OS 1.8660841 2.9493225
OS 1.8666777 2.9502129
OS 1.8672713 2.9515485
OS 1.8678649 2.9528841
OS 1.8686069 2.9545165
OS 1.8692005 2.9561489
OS 1.8693489 2.9562973
OS 1.8694973 2.9568909
OS 1.8697941 2.9577813
OS 1.8700909 2.9589685
OS 1.8703877 2.9604525
OS 1.8705361 2.9619365
OS 1.8708329 2.9637173
OS 1.8708329 2.9665369
OS 1.8706845 2.9675757
OS 1.8705361 2.9690597
OS 1.8703877 2.9706921
OS 1.8700909 2.9724729
OS 1.8694973 2.9742537
OS 1.8689037 2.9761829
OS 1.8687553 2.9763313
OS 1.8686069 2.9769249
OS 1.8681617 2.9779637
OS 1.8674197 2.9791509
OS 1.8665293 2.9804865
OS 1.8654905 2.9821189
OS 1.8641549 2.9837513
OS 1.8625225 2.9853837
OS 1.8623741 2.9855321
OS 1.8617805 2.9859773
OS 1.8608901 2.9867193
OS 1.8597029 2.9877581
OS 1.8580705 2.9887969
OS 1.8561413 2.9898357
OS 1.8539153 2.9908745
OS 1.8513925 2.9919133
OS 1.8512441 2.9919133
OS 1.8510957 2.9920617
OS 1.8506505 2.9922101
OS 1.8502053 2.9923585
OS 1.8487213 2.9926553
OS 1.8467921 2.9931005
OS 1.8442693 2.9936941
OS 1.8414497 2.9939909
OS 1.8383333 2.9942877
OS 1.8349201 2.9944361
OS 1.8347717 2.9944361
OS 1.8344749 2.9944361
OS 1.8340297 2.9944361
OS 1.8332877 2.9944361
OS 1.8323973 2.9942877
OS 1.8313585 2.9942877
OS 1.8291325 2.9941393
OS 1.8264613 2.9938425
OS 1.8236417 2.9933973
OS 1.8208221 2.9928037
OS 1.8181509 2.9919133
OS 1.8178541 2.9917649
OS 1.8169637 2.9914681
OS 1.8157765 2.9908745
OS 1.8142925 2.9899841
OS 1.8125117 2.9890937
OS 1.8105825 2.9879065
OS 1.8088017 2.9864225
OS 1.8071693 2.9849385
OS 1.8070209 2.9847901
OS 1.8065757 2.9841965
OS 1.8058337 2.9833061
OS 1.8049433 2.9821189
OS 1.8040529 2.9807833
OS 1.8030141 2.9791509
OS 1.8021237 2.9773701
OS 1.8013817 2.9755893
OS 1.8013817 2.9752925
OS 1.8010849 2.9746989
OS 1.8007881 2.9736601
OS 1.8004913 2.9723245
OS 1.8001945 2.9708405
OS 1.7998977 2.9690597
OS 1.7997493 2.9672789
OS 1.7996009 2.9653497
OS 1.7996009 2.9644593
OS 1.7997493 2.9634205
OS 1.7997493 2.9620849
OS 1.8000461 2.9606009
OS 1.8003429 2.9588201
OS 1.8006397 2.9570393
OS 1.8012333 2.9552585
OS 1.8013817 2.9551101
OS 1.8015301 2.9543681
OS 1.8019753 2.9534777
OS 1.8024205 2.9524389
OS 1.8030141 2.9511033
OS 1.8036077 2.9497677
OS 1.8044981 2.9484321
OS 1.8052401 2.9470965
OS 1.8053885 2.9469481
OS 1.8056853 2.9465029
OS 1.8061305 2.9457609
OS 1.8065757 2.9448705
OS 1.8080597 2.9427929
OS 1.8096921 2.9407153
OS 1.8098405 2.9405669
OS 1.8101373 2.9402701
OS 1.8104341 2.9398249
OS 1.8110277 2.9390829
OS 1.8123633 2.9375989
OS 1.8138473 2.9359665
OS 1.8138473 2.9334437
OS 1.7886193 2.9334437
OS 1.7886193 2.9335921
OS 1.7883225 2.9340373
OS 1.7880257 2.9346309
OS 1.7877289 2.9353729
OS 1.7871353 2.9364117
OS 1.7866901 2.9375989
OS 1.7853545 2.9404185
OS 1.7853545 2.9405669
OS 1.7850577 2.9410121
OS 1.7847609 2.9419025
OS 1.7843157 2.9427929
OS 1.7838705 2.9439801
OS 1.7834253 2.9453157
OS 1.7823865 2.9482837
OS 1.7823865 2.9484321
OS 1.7822381 2.9491741
OS 1.7819413 2.9500645
OS 1.7816445 2.9514001
OS 1.7813477 2.9528841
OS 1.7809025 2.9543681
OS 1.7803089 2.9577813
OS 1.7803089 2.9579297
OS 1.7801605 2.9585233
OS 1.7800121 2.9595621
OS 1.7798637 2.9608977
OS 1.7797153 2.9625301
OS 1.7795669 2.9646077
OS 1.7794185 2.9671305
OS 1.7794185 2.9708405
OS 1.7795669 2.9721761
OS 1.7797153 2.9738085
OS 1.7798637 2.9758861
OS 1.7801605 2.9782605
OS 1.7806057 2.9807833
OS 1.7811993 2.9836029
OS 1.7819413 2.9867193
OS 1.7829801 2.9898357
OS 1.7841673 2.9929521
OS 1.7855029 2.9962169
OS 1.7872837 2.9993333
OS 1.7892129 3.0024497
OS 1.7914389 3.0052693
OS 1.7939617 3.0080889
OS 1.7941101 3.0082373
OS 1.7947037 3.0086825
OS 1.7954457 3.0094245
OS 1.7966329 3.0103149
OS 1.7981169 3.0113537
OS 1.7998977 3.0125409
OS 1.8021237 3.0138765
OS 1.8044981 3.0150637
OS 1.8073177 3.0163993
OS 1.8104341 3.0177349
OS 1.8136989 3.0189221
OS 1.8174089 3.0199609
OS 1.8214157 3.0208513
OS 1.8257193 3.0215933
OS 1.8301713 3.0220385
OS 1.8350685 3.0221869
OS 1.8352169 3.0221869
OS 1.8353653 3.0221869
OS 1.8362557 3.0221869
OS 1.8375913 3.0220385
OS 1.8393721 3.0218901
OS 1.8414497 3.0217417
OS 1.8439725 3.0214449
OS 1.8467921 3.0209997
OS 1.8497601 3.0204061
OS 1.8528765 3.0196641
OS 1.8562897 3.0187737
OS 1.8595545 3.0175865
OS 1.8629677 3.0162509
OS 1.8663809 3.0146185
OS 1.8696457 3.0126893
OS 1.8727621 3.0106117
OS 1.8757301 3.0080889
OS 1.8758785 3.0079405
OS 1.8763237 3.0074953
OS 1.8772141 3.0066049
OS 1.8781045 3.0054177
OS 1.8792917 3.0040821
OS 1.8806273 3.0023013
OS 1.8819629 3.0002237
OS 1.8834469 2.9979977
OS 1.8847825 2.9953265
OS 1.8861181 2.9925069
OS 1.8874537 2.9893905
OS 1.8886409 2.9859773
OS 1.8896797 2.9822673
OS 1.8904217 2.9784089
OS 1.8908669 2.9742537
OS 1.8910153 2.9698017
OS 1.8910153 2.9675757
OS 1.8908669 2.9659433
OE
OB 1.8019753 3.0733849 I
OS 1.8019753 3.0288649
OS 1.7814961 3.0288649
OS 1.7814961 3.1003937
OS 1.8887893 3.1003937
OS 1.8887893 3.0733849
OS 1.8019753 3.0733849
OE
OB 1.8886409 2.8789809 I
OS 1.8886409 2.8774969
OS 1.8884925 2.8742321
OS 1.8881957 2.8706705
OS 1.8877505 2.8669605
OS 1.8873053 2.8632505
OS 1.8873053 2.8628053
OS 1.8871569 2.8622117
OS 1.8870085 2.8616181
OS 1.8868601 2.8607277
OS 1.8865633 2.8596889
OS 1.8858213 2.8571661
OS 1.8849309 2.8543465
OS 1.8837437 2.8512301
OS 1.8822597 2.8479653
OS 1.8803305 2.8447005
OS 1.8801821 2.8445521
OS 1.8800337 2.8442553
OS 1.8795885 2.8436617
OS 1.8791433 2.8429197
OS 1.8784013 2.8420293
OS 1.8775109 2.8409905
OS 1.8754333 2.8386161
OS 1.8729105 2.8359449
OS 1.8696457 2.8332737
OS 1.8660841 2.8306025
OS 1.8619289 2.8280797
OS 1.8617805 2.8279313
OS 1.8614837 2.8277829
OS 1.8607417 2.8274861
OS 1.8598513 2.8270409
OS 1.8588125 2.8265957
OS 1.8574769 2.8261505
OS 1.8559929 2.8255569
OS 1.8542121 2.8249633
OS 1.8524313 2.8243697
OS 1.8503537 2.8237761
OS 1.8481277 2.8233309
OS 1.8457533 2.8228857
OS 1.8405593 2.8221437
OS 1.8349201 2.8218469
OS 1.8347717 2.8218469
OS 1.8343265 2.8218469
OS 1.8334361 2.8218469
OS 1.8323973 2.8219953
OS 1.8310617 2.8219953
OS 1.8295777 2.8221437
OS 1.8277969 2.8224405
OS 1.8260161 2.8227373
OS 1.8217125 2.8234793
OS 1.8172605 2.8246665
OS 1.8126601 2.8262989
OS 1.8102857 2.8273377
OS 1.8080597 2.8285249
OS 1.8079113 2.8285249
OS 1.8076145 2.8288217
OS 1.8068725 2.8291185
OS 1.8061305 2.8297121
OS 1.8050917 2.8303057
OS 1.8040529 2.8310477
OS 1.8013817 2.8329769
OS 1.7985621 2.8353513
OS 1.7954457 2.8381709
OS 1.7926261 2.8414357
OS 1.7899549 2.8449973
OS 1.7899549 2.8451457
OS 1.7896581 2.8454425
OS 1.7895097 2.8458877
OS 1.7890645 2.8464813
OS 1.7886193 2.8472233
OS 1.7881741 2.8481137
OS 1.7869869 2.8503397
OS 1.7857997 2.8531593
OS 1.7847609 2.8561273
OS 1.7837221 2.8595405
OS 1.7829801 2.8632505
OS 1.7829801 2.8636957
OS 1.7828317 2.8642893
OS 1.7826833 2.8648829
OS 1.7826833 2.8659217
OS 1.7825349 2.8669605
OS 1.7823865 2.8681477
OS 1.7822381 2.8694833
OS 1.7819413 2.8725997
OS 1.7817929 2.8761613
OS 1.7814961 2.8800197
OS 1.7814961 2.9175649
OS 1.8887893 2.9175649
OS 1.8887893 2.8801681
OS 1.8886409 2.8789809
OE
OB 1.8687553 2.8843233 H
OS 1.8687553 2.8905561
OS 1.8016785 2.8905561
OS 1.8016785 2.8847685
OS 1.8018269 2.8823941
OS 1.8018269 2.8773485
OS 1.8019753 2.8749741
OS 1.8019753 2.8746773
OS 1.8021237 2.8739353
OS 1.8022721 2.8727481
OS 1.8025689 2.8711157
OS 1.8030141 2.8693349
OS 1.8037561 2.8672573
OS 1.8046465 2.8651797
OS 1.8058337 2.8631021
OS 1.8058337 2.8629537
OS 1.8059821 2.8628053
OS 1.8065757 2.8620633
OS 1.8074661 2.8608761
OS 1.8088017 2.8593921
OS 1.8104341 2.8577597
OS 1.8123633 2.8561273
OS 1.8147377 2.8544949
OS 1.8172605 2.8531593
OS 1.8174089 2.8531593
OS 1.8175573 2.8530109
OS 1.8180025 2.8528625
OS 1.8185961 2.8525657
OS 1.8193381 2.8522689
OS 1.8202285 2.8519721
OS 1.8223061 2.8513785
OS 1.8249773 2.8507849
OS 1.8279453 2.8501913
OS 1.8313585 2.8497461
OS 1.8352169 2.8495977
OS 1.8353653 2.8495977
OS 1.8356621 2.8495977
OS 1.8362557 2.8495977
OS 1.8369977 2.8495977
OS 1.8378881 2.8497461
OS 1.8389269 2.8497461
OS 1.8414497 2.8500429
OS 1.8442693 2.8504881
OS 1.8472373 2.8512301
OS 1.8503537 2.8521205
OS 1.8533217 2.8533077
OS 1.8534701 2.8533077
OS 1.8536185 2.8534561
OS 1.8545089 2.8540497
OS 1.8559929 2.8547917
OS 1.8576253 2.8559789
OS 1.8595545 2.8576113
OS 1.8614837 2.8595405
OS 1.8634129 2.8617665
OS 1.8650453 2.8644377
OS 1.8651937 2.8647345
OS 1.8654905 2.8653281
OS 1.8660841 2.8665153
OS 1.8666777 2.8678509
OS 1.8672713 2.8696317
OS 1.8678649 2.8715609
OS 1.8681617 2.8736385
OS 1.8684585 2.8758645
OS 1.8684585 2.8769033
OS 1.8686069 2.8782389
OS 1.8686069 2.8819489
OS 1.8687553 2.8843233
OE
SE
S P 0
OB 1.9438609 3.2870861 I
OS 1.9182045 3.2870861
OS 1.9182045 3.2770068
OS 1.9187043 3.2770068
OS 1.9190375 3.2770901
OS 1.9198705 3.2770901
OS 1.9210367 3.2771734
OS 1.9216198 3.2771734
OS 1.9220363 3.2772567
OS 1.924452 3.2772567
OS 1.925285 3.2771734
OS 1.9263679 3.2771734
OS 1.9275341 3.2770068
OS 1.9288669 3.2768402
OS 1.930283 3.2766736
OS 1.9316991 3.2763404
OS 1.9318657 3.2763404
OS 1.9322822 3.2761738
OS 1.9330319 3.2760072
OS 1.9338649 3.275674
OS 1.9348645 3.2753408
OS 1.9360307 3.274841
OS 1.9371136 3.2743412
OS 1.9381965 3.2736748
OS 1.9383631 3.2735915
OS 1.9387796 3.2732583
OS 1.939446 3.2727585
OS 1.9401957 3.2720921
OS 1.9410287 3.2712591
OS 1.941945 3.2701762
OS 1.9428613 3.26901
OS 1.943611 3.2676772
OS 1.9436943 3.2675106
OS 1.9439442 3.2670108
OS 1.9441941 3.2661778
OS 1.9446106 3.2650949
OS 1.9449438 3.2637621
OS 1.9451937 3.2622627
OS 1.9454436 3.2604301
OS 1.9455269 3.2585142
OS 1.9455269 3.2584309
OS 1.9455269 3.2583476
OS 1.9455269 3.2580977
OS 1.9455269 3.2577645
OS 1.9454436 3.2568482
OS 1.9453603 3.255682
OS 1.9451104 3.2543492
OS 1.9448605 3.2529331
OS 1.944444 3.2513504
OS 1.9438609 3.249851
OS 1.9438609 3.2497677
OS 1.9437776 3.2496844
OS 1.9435277 3.2491846
OS 1.9431945 3.2484349
OS 1.9426947 3.2475186
OS 1.9420283 3.2464357
OS 1.9411953 3.2452695
OS 1.9401957 3.2441033
OS 1.9391128 3.2429371
OS 1.9389462 3.2427705
OS 1.9385297 3.2424373
OS 1.9378633 3.2419375
OS 1.936947 3.2412711
OS 1.9358641 3.2405214
OS 1.9346146 3.2397717
OS 1.9331152 3.2391053
OS 1.9315325 3.2384389
OS 1.9314492 3.2384389
OS 1.9313659 3.2383556
OS 1.931116 3.2382723
OS 1.9307828 3.238189
OS 1.9303663 3.2381057
OS 1.9298665 3.2379391
OS 1.928617 3.2376892
OS 1.9270343 3.2374393
OS 1.9252017 3.2371894
OS 1.9231192 3.2370228
OS 1.9208701 3.2369395
OS 1.9197872 3.2369395
OS 1.9192041 3.2370228
OS 1.9185377 3.2370228
OS 1.916955 3.2371061
OS 1.9151224 3.2372727
OS 1.9132065 3.2374393
OS 1.9112073 3.2377725
OS 1.9092914 3.2381057
OS 1.9092081 3.2381057
OS 1.9090415 3.238189
OS 1.9087916 3.238189
OS 1.9084584 3.2382723
OS 1.9076254 3.2385222
OS 1.9064592 3.2388554
OS 1.9052097 3.2391886
OS 1.9038769 3.2396051
OS 1.9026274 3.2400216
OS 1.9013779 3.2405214
OS 1.9013779 3.2536828
OS 1.902794 3.2536828
OS 1.9028773 3.2535995
OS 1.9031272 3.2534329
OS 1.9034604 3.2532663
OS 1.9042934 3.2527665
OS 1.905293 3.2521834
OS 1.9053763 3.2521834
OS 1.9055429 3.2520168
OS 1.9058761 3.2518502
OS 1.9062926 3.2516836
OS 1.9067924 3.2514337
OS 1.9074588 3.2511005
OS 1.9081252 3.2507673
OS 1.9089582 3.2504341
OS 1.9090415 3.2504341
OS 1.9093747 3.2502675
OS 1.9097912 3.2501009
OS 1.910291 3.2499343
OS 1.9109574 3.2496844
OS 1.9117071 3.2495178
OS 1.9132898 3.249018
OS 1.9133731 3.249018
OS 1.9137063 3.2489347
OS 1.9141228 3.2488514
OS 1.9147892 3.2487681
OS 1.9155389 3.2486848
OS 1.9163719 3.2486015
OS 1.9172882 3.2485182
OS 1.9192041 3.2485182
OS 1.9197872 3.2486015
OS 1.9205369 3.2486848
OS 1.9213699 3.2487681
OS 1.9232858 3.2491013
OS 1.9233691 3.2491013
OS 1.9237856 3.2491846
OS 1.9242854 3.2493512
OS 1.9248685 3.2496011
OS 1.9262846 3.2502675
OS 1.9270343 3.250684
OS 1.9277007 3.2511838
OS 1.927784 3.2512671
OS 1.9279506 3.2514337
OS 1.9281172 3.2516836
OS 1.9284504 3.2520168
OS 1.9290335 3.2528498
OS 1.9296166 3.2539327
OS 1.9296166 3.254016
OS 1.9296999 3.2541826
OS 1.9298665 3.2545158
OS 1.9300331 3.2550156
OS 1.9301164 3.2555987
OS 1.930283 3.2562651
OS 1.9303663 3.2570148
OS 1.9303663 3.2579311
OS 1.9303663 3.2580144
OS 1.9303663 3.2582643
OS 1.930283 3.2586808
OS 1.930283 3.2591806
OS 1.9299498 3.2604301
OS 1.9297832 3.2610132
OS 1.92945 3.2615963
OS 1.92945 3.2616796
OS 1.9292834 3.2618462
OS 1.9291168 3.2620961
OS 1.9288669 3.2625126
OS 1.9281172 3.2632623
OS 1.9272009 3.2640953
OS 1.9271176 3.2641786
OS 1.9268677 3.2643452
OS 1.9263679 3.2645118
OS 1.9257848 3.264845
OS 1.9250351 3.2650949
OS 1.9242021 3.2654281
OS 1.9232858 3.265678
OS 1.9222029 3.2658446
OS 1.9220363 3.2658446
OS 1.9217031 3.2659279
OS 1.9212033 3.2660112
OS 1.9204536 3.2660945
OS 1.9197039 3.2660945
OS 1.9188709 3.2661778
OS 1.9171216 3.2662611
OS 1.9158721 3.2662611
OS 1.9150391 3.2661778
OS 1.9140395 3.2660945
OS 1.9129566 3.2660112
OS 1.9106242 3.265678
OS 1.9104576 3.265678
OS 1.9101244 3.2655947
OS 1.9095413 3.2655114
OS 1.9087916 3.2653448
OS 1.9079586 3.2651782
OS 1.9070423 3.2650116
OS 1.9052097 3.2645951
OS 1.9039602 3.2645951
OS 1.9039602 3.2984149
OS 1.9438609 3.2984149
OS 1.9438609 3.2870861
OE
OB 1.8714732 3.2995811 I
OS 1.8723895 3.2994978
OS 1.8733891 3.2994145
OS 1.8745553 3.2992479
OS 1.8758048 3.2990813
OS 1.8783871 3.2984982
OS 1.8798032 3.2980817
OS 1.881136 3.2976652
OS 1.8824688 3.2970821
OS 1.8837183 3.2964157
OS 1.8848845 3.295666
OS 1.8859674 3.294833
OS 1.8860507 3.2947497
OS 1.8862173 3.2945831
OS 1.8864672 3.2943332
OS 1.8868837 3.294
OS 1.8873002 3.2935002
OS 1.8877167 3.2929171
OS 1.8882165 3.2921674
OS 1.8887996 3.2914177
OS 1.8892994 3.2905014
OS 1.8897992 3.2895018
OS 1.8902157 3.2883356
OS 1.8907155 3.2871694
OS 1.8910487 3.2859199
OS 1.8912986 3.2845038
OS 1.8914652 3.2830044
OS 1.8915485 3.2814217
OS 1.8915485 3.2813384
OS 1.8915485 3.2811718
OS 1.8915485 3.2809219
OS 1.8915485 3.2805054
OS 1.8914652 3.2800056
OS 1.8913819 3.2794225
OS 1.8912153 3.2780897
OS 1.8908821 3.2764237
OS 1.8904656 3.2746744
OS 1.8897992 3.2727585
OS 1.8889662 3.2708426
OS 1.8889662 3.2707593
OS 1.8888829 3.2705927
OS 1.8887163 3.2703428
OS 1.8884664 3.2699263
OS 1.8882165 3.2695098
OS 1.8878833 3.2689267
OS 1.886967 3.2675939
OS 1.8858008 3.2659279
OS 1.8843847 3.2640953
OS 1.8826354 3.2620961
OS 1.8806362 3.2599303
OS 1.8804696 3.2597637
OS 1.8800531 3.2593472
OS 1.8793034 3.2585975
OS 1.8783871 3.2577645
OS 1.8773042 3.2567649
OS 1.876138 3.255682
OS 1.8735557 3.2534329
OS 1.8733891 3.2533496
OS 1.8729726 3.2530164
OS 1.8723895 3.2525166
OS 1.8716398 3.2519335
OS 1.8699738 3.2506007
OS 1.8692241 3.2500176
OS 1.8685577 3.2495178
OS 1.8942141 3.2495178
OS 1.8942141 3.238189
OS 1.8498985 3.238189
OS 1.8498985 3.2479351
OS 1.8499818 3.2480184
OS 1.8501484 3.2481017
OS 1.8504816 3.2483516
OS 1.8508148 3.2486848
OS 1.8513146 3.2491013
OS 1.8518977 3.2496011
OS 1.8532305 3.250684
OS 1.8548132 3.2519335
OS 1.8564792 3.2533496
OS 1.8582285 3.254849
OS 1.8599778 3.2563484
OS 1.8600611 3.2564317
OS 1.8601444 3.256515
OS 1.8603943 3.2567649
OS 1.8607275 3.2570148
OS 1.8615605 3.2577645
OS 1.8626434 3.2587641
OS 1.8638929 3.2599303
OS 1.8652257 3.2612631
OS 1.8665585 3.2625959
OS 1.8678913 3.2639287
OS 1.8679746 3.264012
OS 1.8680579 3.2641786
OS 1.8683078 3.2643452
OS 1.868641 3.2646784
OS 1.8693907 3.2655947
OS 1.8703903 3.2666776
OS 1.8713899 3.2680104
OS 1.8724728 3.2693432
OS 1.8734724 3.2707593
OS 1.8743054 3.2720921
OS 1.8743887 3.2722587
OS 1.8746386 3.2726752
OS 1.8749718 3.2734249
OS 1.875305 3.2743412
OS 1.8756382 3.2754241
OS 1.8759714 3.2765903
OS 1.8762213 3.2779231
OS 1.8763046 3.2793392
OS 1.8763046 3.2794225
OS 1.8763046 3.2795058
OS 1.8763046 3.2800056
OS 1.876138 3.2808386
OS 1.8759714 3.2817549
OS 1.8756382 3.2827545
OS 1.8752217 3.2838374
OS 1.8745553 3.2849203
OS 1.8737223 3.2858366
OS 1.873639 3.2859199
OS 1.8733058 3.2861698
OS 1.8727227 3.2865863
OS 1.8718897 3.2870028
OS 1.8708901 3.287336
OS 1.8697239 3.2877525
OS 1.8683078 3.2880024
OS 1.8667251 3.2880857
OS 1.8658921 3.2880857
OS 1.865309 3.2880024
OS 1.8646426 3.2879191
OS 1.8639762 3.2878358
OS 1.8623935 3.2875026
OS 1.8623102 3.2875026
OS 1.8620603 3.2874193
OS 1.8616438 3.2872527
OS 1.8610607 3.2870861
OS 1.8604776 3.2869195
OS 1.8597279 3.2865863
OS 1.8582285 3.2860032
OS 1.8581452 3.2860032
OS 1.8578953 3.2858366
OS 1.8574788 3.28567
OS 1.856979 3.2854201
OS 1.8558128 3.284837
OS 1.8546466 3.2840873
OS 1.8545633 3.2840873
OS 1.8543967 3.2839207
OS 1.8538969 3.2835875
OS 1.8531472 3.283171
OS 1.8525641 3.2827545
OS 1.8513979 3.2827545
OS 1.8513979 3.2958326
OS 1.8514812 3.2959159
OS 1.8518977 3.2960825
OS 1.8524808 3.2963324
OS 1.8533138 3.2965823
OS 1.8543967 3.2969988
OS 1.8558128 3.2974153
OS 1.8573955 3.2978318
OS 1.8593114 3.2983316
OS 1.8593947 3.2983316
OS 1.8595613 3.2984149
OS 1.8598112 3.2984982
OS 1.8602277 3.2985815
OS 1.8607275 3.2986648
OS 1.8613106 3.2987481
OS 1.8626434 3.298998
OS 1.8642261 3.2992479
OS 1.8659754 3.2994978
OS 1.867808 3.2995811
OS 1.8697239 3.2996644
OS 1.8707235 3.2996644
OS 1.8714732 3.2995811
OE
OB 1.8229093 3.2995811 I
OS 1.8239089 3.2995811
OS 1.8249918 3.2994978
OS 1.8271576 3.2992479
OS 1.8273242 3.2992479
OS 1.8276574 3.2991646
OS 1.8282405 3.2990813
OS 1.8289902 3.2989147
OS 1.8298232 3.2987481
OS 1.8307395 3.2985815
OS 1.8327387 3.2980817
OS 1.832822 3.2980817
OS 1.8330719 3.2979984
OS 1.8334884 3.2978318
OS 1.8340715 3.2976652
OS 1.8347379 3.2974153
OS 1.8354876 3.2971654
OS 1.8371536 3.2964157
OS 1.8372369 3.2963324
OS 1.8375701 3.2962491
OS 1.8379866 3.2960825
OS 1.8385697 3.2958326
OS 1.8399025 3.2952495
OS 1.8405689 3.2949163
OS 1.841152 3.2945831
OS 1.841152 3.2803388
OS 1.8395693 3.2803388
OS 1.839486 3.2804221
OS 1.8394027 3.2805054
OS 1.8391528 3.280672
OS 1.8388196 3.2810052
OS 1.8379866 3.2816716
OS 1.8368204 3.2825879
OS 1.8367371 3.2826712
OS 1.8365705 3.2828378
OS 1.836154 3.2830877
OS 1.8357375 3.2834209
OS 1.8351544 3.2838374
OS 1.8345713 3.2842539
OS 1.8330719 3.2852535
OS 1.8329886 3.2853368
OS 1.8327387 3.2855034
OS 1.8322389 3.28567
OS 1.8317391 3.2860032
OS 1.8309894 3.2863364
OS 1.8302397 3.2866696
OS 1.8293234 3.2870861
OS 1.8284071 3.2874193
OS 1.8283238 3.2875026
OS 1.8279906 3.2875859
OS 1.8274908 3.2877525
OS 1.8268244 3.2879191
OS 1.8259914 3.2880857
OS 1.8251584 3.288169
OS 1.8241588 3.2883356
OS 1.8225761 3.2883356
OS 1.821993 3.2882523
OS 1.82116 3.288169
OS 1.8202437 3.2880857
OS 1.8192441 3.2879191
OS 1.8182445 3.2875859
OS 1.8171616 3.2872527
OS 1.8170783 3.2871694
OS 1.8167451 3.2870861
OS 1.816162 3.2868362
OS 1.8154956 3.2864197
OS 1.8147459 3.2859199
OS 1.8138296 3.2853368
OS 1.8129133 3.2845871
OS 1.811997 3.2836708
OS 1.8119137 3.2835875
OS 1.8116638 3.2832543
OS 1.8112473 3.2827545
OS 1.8106642 3.2820881
OS 1.8100811 3.2811718
OS 1.809498 3.2800889
OS 1.8089149 3.2788394
OS 1.8083318 3.2774233
OS 1.8083318 3.27734
OS 1.8082485 3.2772567
OS 1.8081652 3.2770068
OS 1.8080819 3.2767569
OS 1.8079153 3.2759239
OS 1.8076654 3.274841
OS 1.8073322 3.2734249
OS 1.8071656 3.2718422
OS 1.806999 3.2700929
OS 1.8069157 3.268177
OS 1.8069157 3.2680937
OS 1.8069157 3.2679271
OS 1.8069157 3.2676772
OS 1.8069157 3.2672607
OS 1.806999 3.2667609
OS 1.806999 3.2661778
OS 1.8070823 3.2649283
OS 1.8072489 3.2634289
OS 1.8074988 3.2618462
OS 1.807832 3.2602635
OS 1.8083318 3.2587641
OS 1.8084151 3.2585975
OS 1.8085817 3.2580977
OS 1.8089149 3.2574313
OS 1.8094147 3.2565983
OS 1.8099145 3.2555987
OS 1.8105809 3.2545158
OS 1.8114139 3.2535162
OS 1.8122469 3.2525999
OS 1.8123302 3.2525166
OS 1.8126634 3.2522667
OS 1.8131632 3.2518502
OS 1.8138296 3.2513504
OS 1.8145793 3.2508506
OS 1.8154956 3.2502675
OS 1.8164952 3.2497677
OS 1.8174948 3.2493512
OS 1.8176614 3.2493512
OS 1.8179946 3.2491846
OS 1.8185777 3.249018
OS 1.8193274 3.2488514
OS 1.8201604 3.2486848
OS 1.82116 3.2485182
OS 1.8221596 3.2484349
OS 1.8232425 3.2483516
OS 1.8237423 3.2483516
OS 1.8243254 3.2484349
OS 1.8250751 3.2484349
OS 1.8259081 3.2486015
OS 1.8269077 3.2487681
OS 1.8279073 3.2489347
OS 1.8289069 3.2492679
OS 1.8289902 3.2493512
OS 1.8294067 3.2494345
OS 1.8299065 3.2496844
OS 1.8304896 3.2499343
OS 1.8312393 3.2502675
OS 1.831989 3.2506007
OS 1.8327387 3.2511005
OS 1.8334884 3.251517
OS 1.8335717 3.2516003
OS 1.8338216 3.2517669
OS 1.8342381 3.2520168
OS 1.8347379 3.2522667
OS 1.8359041 3.2530997
OS 1.8370703 3.254016
OS 1.8371536 3.2540993
OS 1.8373202 3.2542659
OS 1.8375701 3.2544325
OS 1.8379866 3.2547657
OS 1.8388196 3.2555154
OS 1.8397359 3.2563484
OS 1.841152 3.2563484
OS 1.841152 3.2421874
OS 1.8410687 3.2421874
OS 1.8408188 3.2420208
OS 1.8404856 3.2418542
OS 1.8400691 3.2416876
OS 1.839486 3.2413544
OS 1.8388196 3.2411045
OS 1.8372369 3.2403548
OS 1.8371536 3.2403548
OS 1.8369037 3.2401882
OS 1.8364039 3.2400216
OS 1.8359041 3.2397717
OS 1.8352377 3.2395218
OS 1.834488 3.2392719
OS 1.832822 3.2386888
OS 1.8327387 3.2386888
OS 1.8323222 3.2386055
OS 1.8318224 3.2384389
OS 1.8310727 3.2382723
OS 1.8302397 3.2381057
OS 1.8294067 3.2378558
OS 1.8274908 3.2375226
OS 1.8274075 3.2375226
OS 1.8270743 3.2374393
OS 1.8264912 3.237356
OS 1.8257415 3.2372727
OS 1.8248252 3.2371894
OS 1.823659 3.2371061
OS 1.8222429 3.2370228
OS 1.8201604 3.2370228
OS 1.8194107 3.2371061
OS 1.8184944 3.2371894
OS 1.8173282 3.2372727
OS 1.8159954 3.2374393
OS 1.8145793 3.2376892
OS 1.8129966 3.2380224
OS 1.8112473 3.2384389
OS 1.809498 3.239022
OS 1.8077487 3.2396884
OS 1.8059161 3.2404381
OS 1.8041668 3.2414377
OS 1.8024175 3.2425206
OS 1.8008348 3.2437701
OS 1.7992521 3.2451862
OS 1.7991688 3.2452695
OS 1.7989189 3.2456027
OS 1.7985024 3.2460192
OS 1.7980026 3.2466856
OS 1.7974195 3.2475186
OS 1.7967531 3.2485182
OS 1.7960034 3.2497677
OS 1.795337 3.2511005
OS 1.7945873 3.2526832
OS 1.7938376 3.2544325
OS 1.7931712 3.2562651
OS 1.7925881 3.2583476
OS 1.7920883 3.2605967
OS 1.7916718 3.2630124
OS 1.7914219 3.2655114
OS 1.7913386 3.2682603
OS 1.7913386 3.2683436
OS 1.7913386 3.2684269
OS 1.7913386 3.2689267
OS 1.7914219 3.2696764
OS 1.7915052 3.270676
OS 1.7915885 3.2718422
OS 1.7917551 3.2732583
OS 1.792005 3.274841
OS 1.7923382 3.276507
OS 1.7927547 3.2782563
OS 1.7932545 3.2801722
OS 1.7939209 3.2820048
OS 1.7946706 3.2839207
OS 1.7955869 3.2858366
OS 1.7966698 3.2876692
OS 1.797836 3.2894185
OS 1.7992521 3.2910845
OS 1.7993354 3.2911678
OS 1.7995853 3.2914177
OS 1.8000851 3.2919175
OS 1.8007515 3.2924173
OS 1.8015012 3.2930837
OS 1.8025008 3.2938334
OS 1.803667 3.2945831
OS 1.8049165 3.2954161
OS 1.8064159 3.2961658
OS 1.8079986 3.2969155
OS 1.8097479 3.2976652
OS 1.8116638 3.2983316
OS 1.8137463 3.2989147
OS 1.8159121 3.2993312
OS 1.8182445 3.2995811
OS 1.8207435 3.2996644
OS 1.821993 3.2996644
OS 1.8229093 3.2995811
OE
SE
S P 0
OB 1.8842852 2.4318282 I
OS 1.8842852 2.4301958
OS 1.8841368 2.4281182
OS 1.88384 2.4260406
OS 1.8835432 2.4236662
OS 1.8828012 2.418769
OS 1.8814656 2.4137234
OS 1.8807236 2.411349
OS 1.8798332 2.4089746
OS 1.878646 2.406897
OS 1.8774588 2.4049678
OS 1.8773104 2.4048194
OS 1.877162 2.4045226
OS 1.8767168 2.4040774
OS 1.8761232 2.4034838
OS 1.8753812 2.4027418
OS 1.8744908 2.4018514
OS 1.873452 2.4011094
OS 1.8722648 2.4000706
OS 1.8707808 2.3991802
OS 1.8691484 2.3984382
OS 1.867516 2.3975478
OS 1.8655868 2.3968058
OS 1.8635092 2.3962122
OS 1.8612832 2.395767
OS 1.8587604 2.3954702
OS 1.8562376 2.3953218
OS 1.8011812 2.3953218
OS 1.8011812 2.4205498
OS 1.80964 2.4205498
OS 1.8094916 2.4206982
OS 1.8093432 2.420995
OS 1.808898 2.4214402
OS 1.8084528 2.4221822
OS 1.8071172 2.4236662
OS 1.8057816 2.4252986
OS 1.8056332 2.425447
OS 1.8054848 2.4255954
OS 1.805188 2.4260406
OS 1.8047428 2.4266342
OS 1.8041492 2.4273762
OS 1.8035556 2.428415
OS 1.802962 2.4294538
OS 1.8023684 2.430641
OS 1.8023684 2.4307894
OS 1.8020716 2.4312346
OS 1.8017748 2.4318282
OS 1.801478 2.4327186
OS 1.8010328 2.4337574
OS 1.8005876 2.4349446
OS 1.7998456 2.437319
OS 1.7998456 2.4374674
OS 1.7996972 2.4379126
OS 1.7995488 2.4386546
OS 1.7994004 2.439545
OS 1.799252 2.4408806
OS 1.7991036 2.4423646
OS 1.7989552 2.4441454
OS 1.7989552 2.4472618
OS 1.7991036 2.4480038
OS 1.7991036 2.4488942
OS 1.7994004 2.449933
OS 1.7998456 2.4523074
OS 1.800736 2.455127
OS 1.8019232 2.458095
OS 1.803704 2.461063
OS 1.8048912 2.462547
OS 1.8060784 2.4638826
OS 1.8062268 2.4638826
OS 1.8063752 2.4641794
OS 1.8068204 2.4644762
OS 1.807414 2.4649214
OS 1.808156 2.465515
OS 1.808898 2.4661086
OS 1.811124 2.4672958
OS 1.8136468 2.4686314
OS 1.8167632 2.4698186
OS 1.8203248 2.4705606
OS 1.822254 2.470709
OS 1.8241832 2.4708574
OS 1.8243316 2.4708574
OS 1.8246284 2.4708574
OS 1.8250736 2.4708574
OS 1.8256672 2.4708574
OS 1.8272996 2.470709
OS 1.8293772 2.4704122
OS 1.8317516 2.469967
OS 1.834126 2.4693734
OS 1.8365004 2.468483
OS 1.8387264 2.4672958
OS 1.8390232 2.4671474
OS 1.8396168 2.4667022
OS 1.8406556 2.4658118
OS 1.8419912 2.4646246
OS 1.8433268 2.463289
OS 1.8448108 2.4615082
OS 1.8462948 2.4594306
OS 1.8476304 2.4570562
OS 1.8476304 2.4569078
OS 1.8477788 2.4567594
OS 1.848224 2.455869
OS 1.8486692 2.454385
OS 1.8494112 2.4524558
OS 1.8501532 2.4500814
OS 1.8508952 2.4474102
OS 1.8516372 2.4442938
OS 1.8522308 2.4408806
OS 1.8522308 2.4404354
OS 1.8523792 2.4399902
OS 1.8525276 2.4392482
OS 1.8525276 2.4383578
OS 1.852676 2.437319
OS 1.8528244 2.4361318
OS 1.8529728 2.4347962
OS 1.8532696 2.4316798
OS 1.8537148 2.4282666
OS 1.8540116 2.4245566
OS 1.8543084 2.4205498
OS 1.8546052 2.4205498
OS 1.8547536 2.4205498
OS 1.854902 2.4205498
OS 1.855644 2.4205498
OS 1.8568312 2.4208466
OS 1.8583152 2.4211434
OS 1.8599476 2.421737
OS 1.8614316 2.4226274
OS 1.8627672 2.4238146
OS 1.8639544 2.425447
OS 1.8641028 2.4255954
OS 1.8643996 2.4263374
OS 1.8648448 2.4275246
OS 1.86529 2.4290086
OS 1.8657352 2.4310862
OS 1.8661804 2.433609
OS 1.8664772 2.436577
OS 1.8666256 2.4399902
OS 1.8666256 2.4407322
OS 1.8664772 2.441771
OS 1.8664772 2.4429582
OS 1.8661804 2.4444422
OS 1.8658836 2.446223
OS 1.8655868 2.4481522
OS 1.8649932 2.4503782
OS 1.8649932 2.450675
OS 1.8646964 2.451417
OS 1.8643996 2.4526042
OS 1.863806 2.4540882
OS 1.8632124 2.455869
OS 1.8626188 2.4577982
OS 1.860838 2.4619534
OS 1.860838 2.464031
OS 1.8802784 2.464031
OS 1.8802784 2.4638826
OS 1.8804268 2.463289
OS 1.8807236 2.4623986
OS 1.8810204 2.461063
OS 1.8814656 2.4594306
OS 1.8819108 2.457353
OS 1.882356 2.4549786
OS 1.8829496 2.4520106
OS 1.8829496 2.4515654
OS 1.883098 2.4511202
OS 1.8832464 2.4505266
OS 1.8833948 2.4488942
OS 1.8836916 2.4468166
OS 1.8839884 2.4442938
OS 1.8841368 2.4414742
OS 1.8844336 2.4383578
OS 1.8844336 2.4333122
OS 1.8842852 2.4318282
OE
OB 1.8879952 2.477387 I
OS 1.8879952 2.5223522
OS 1.8678128 2.5223522
OS 1.8678128 2.4809486
OS 1.8473336 2.4809486
OS 1.8473336 2.5223522
OS 1.8011812 2.5223522
OS 1.8011812 2.5492126
OS 1.9084744 2.5492126
OS 1.9084744 2.477387
OS 1.8879952 2.477387
OE
OB 1.8841368 2.3243866 I
OS 1.8839884 2.3233478
OS 1.88384 2.3221606
OS 1.8832464 2.3194894
OS 1.882356 2.316373
OS 1.8810204 2.3132566
OS 1.88013 2.3117726
OS 1.8790912 2.3102886
OS 1.8777556 2.308953
OS 1.87642 2.3076174
OS 1.8762716 2.307469
OS 1.8761232 2.3073206
OS 1.8755296 2.3070238
OS 1.874936 2.3065786
OS 1.874194 2.3061334
OS 1.8731552 2.3055398
OS 1.871968 2.3049462
OS 1.8706324 2.3042042
OS 1.8691484 2.3036106
OS 1.8673676 2.303017
OS 1.8655868 2.3024234
OS 1.8635092 2.3019782
OS 1.8612832 2.301533
OS 1.8589088 2.3012362
OS 1.856386 2.3009394
OS 1.8537148 2.3009394
OS 1.8011812 2.3009394
OS 1.8011812 2.3261674
OS 1.8412492 2.3261674
OS 1.841546 2.3261674
OS 1.8421396 2.3261674
OS 1.84303 2.3261674
OS 1.8443656 2.3261674
OS 1.8457012 2.3263158
OS 1.8473336 2.3263158
OS 1.8508952 2.3266126
OS 1.8510436 2.3266126
OS 1.8516372 2.326761
OS 1.8525276 2.326761
OS 1.8537148 2.3269094
OS 1.8560892 2.3273546
OS 1.857128 2.3277998
OS 1.8581668 2.3280966
OS 1.8583152 2.3280966
OS 1.858612 2.3283934
OS 1.8590572 2.3286902
OS 1.8596508 2.3291354
OS 1.8609864 2.3303226
OS 1.8620252 2.331955
OS 1.8620252 2.3321034
OS 1.8621736 2.3324002
OS 1.8624704 2.3329938
OS 1.8627672 2.3335874
OS 1.8629156 2.3346262
OS 1.8632124 2.335665
OS 1.8633608 2.3370006
OS 1.8633608 2.3395234
OS 1.8632124 2.3404138
OS 1.863064 2.3413042
OS 1.8629156 2.342343
OS 1.8621736 2.3447174
OS 1.8621736 2.3448658
OS 1.8620252 2.345311
OS 1.8617284 2.3459046
OS 1.8612832 2.3466466
OS 1.8606896 2.3476854
OS 1.860096 2.3488726
OS 1.8584636 2.3513954
OS 1.8011812 2.3513954
OS 1.8011812 2.3766234
OS 1.8820592 2.3766234
OS 1.8820592 2.3513954
OS 1.8730068 2.3513954
OS 1.8733036 2.3510986
OS 1.8738972 2.3503566
OS 1.8747876 2.3491694
OS 1.8761232 2.3476854
OS 1.8774588 2.3457562
OS 1.8787944 2.343827
OS 1.88013 2.3417494
OS 1.8813172 2.3395234
OS 1.8814656 2.3392266
OS 1.8817624 2.3384846
OS 1.8822076 2.3372974
OS 1.8828012 2.335665
OS 1.8833948 2.3337358
OS 1.88384 2.3315098
OS 1.8841368 2.3291354
OS 1.8842852 2.3264642
OS 1.8842852 2.325277
OS 1.8841368 2.3243866
OE
OB 1.8391716 2.4205498 H
OS 1.8391716 2.4208466
OS 1.8390232 2.4215886
OS 1.8388748 2.4227758
OS 1.8387264 2.4242598
OS 1.838578 2.4258922
OS 1.8384296 2.427673
OS 1.8381328 2.4293054
OS 1.8379844 2.4309378
OS 1.8379844 2.4310862
OS 1.837836 2.4315314
OS 1.837836 2.4324218
OS 1.8375392 2.4333122
OS 1.8373908 2.4344994
OS 1.837094 2.4356866
OS 1.8362036 2.4385062
OS 1.8362036 2.4386546
OS 1.8360552 2.4390998
OS 1.8357584 2.4396934
OS 1.8353132 2.440287
OS 1.8342744 2.4420678
OS 1.832642 2.4435518
OS 1.8324936 2.4435518
OS 1.8321968 2.4438486
OS 1.8317516 2.4441454
OS 1.8310096 2.4444422
OS 1.8301192 2.444739
OS 1.8290804 2.4450358
OS 1.8277448 2.4451842
OS 1.8264092 2.4453326
OS 1.8261124 2.4453326
OS 1.8255188 2.4453326
OS 1.82448 2.4451842
OS 1.8232928 2.4448874
OS 1.8219572 2.4445906
OS 1.8206216 2.4441454
OS 1.8194344 2.4434034
OS 1.818544 2.4423646
OS 1.8183956 2.4422162
OS 1.8182472 2.441771
OS 1.8179504 2.4411774
OS 1.8175052 2.4401386
OS 1.81706 2.4389514
OS 1.8167632 2.437319
OS 1.8166148 2.4355382
OS 1.8164664 2.4334606
OS 1.8164664 2.432867
OS 1.8166148 2.4322734
OS 1.8166148 2.431383
OS 1.8167632 2.4303442
OS 1.81706 2.4293054
OS 1.8179504 2.4267826
OS 1.8179504 2.4266342
OS 1.8182472 2.426189
OS 1.818544 2.4255954
OS 1.8189892 2.424705
OS 1.8203248 2.4227758
OS 1.8221056 2.4205498
OS 1.8391716 2.4205498
OE
SE
S P 0
OB 1.959131 3.8732486 I
OS 1.9672944 3.8732486
OS 1.9672944 3.8624196
OS 1.959131 3.8624196
OS 1.959131 3.8482586
OS 1.9444702 3.8482586
OS 1.9444702 3.8624196
OS 1.9180641 3.8624196
OS 1.9180641 3.8735818
OS 1.9439704 3.9086511
OS 1.959131 3.9086511
OS 1.959131 3.8732486
OE
OB 1.8911582 3.9098173 I
OS 1.8920745 3.909734
OS 1.8930741 3.9096507
OS 1.8942403 3.9094841
OS 1.8954898 3.9093175
OS 1.8980721 3.9087344
OS 1.8994882 3.9083179
OS 1.900821 3.9079014
OS 1.9021538 3.9073183
OS 1.9034033 3.9066519
OS 1.9045695 3.9059022
OS 1.9056524 3.9050692
OS 1.9057357 3.9049859
OS 1.9059023 3.9048193
OS 1.9061522 3.9045694
OS 1.9065687 3.9042362
OS 1.9069852 3.9037364
OS 1.9074017 3.9031533
OS 1.9079015 3.9024036
OS 1.9084846 3.9016539
OS 1.9089844 3.9007376
OS 1.9094842 3.899738
OS 1.9099007 3.8985718
OS 1.9104005 3.8974056
OS 1.9107337 3.8961561
OS 1.9109836 3.89474
OS 1.9111502 3.8932406
OS 1.9112335 3.8916579
OS 1.9112335 3.8915746
OS 1.9112335 3.891408
OS 1.9112335 3.8911581
OS 1.9112335 3.8907416
OS 1.9111502 3.8902418
OS 1.9110669 3.8896587
OS 1.9109003 3.8883259
OS 1.9105671 3.8866599
OS 1.9101506 3.8849106
OS 1.9094842 3.8829947
OS 1.9086512 3.8810788
OS 1.9086512 3.8809955
OS 1.9085679 3.8808289
OS 1.9084013 3.880579
OS 1.9081514 3.8801625
OS 1.9079015 3.879746
OS 1.9075683 3.8791629
OS 1.906652 3.8778301
OS 1.9054858 3.8761641
OS 1.9040697 3.8743315
OS 1.9023204 3.8723323
OS 1.9003212 3.8701665
OS 1.9001546 3.8699999
OS 1.8997381 3.8695834
OS 1.8989884 3.8688337
OS 1.8980721 3.8680007
OS 1.8969892 3.8670011
OS 1.895823 3.8659182
OS 1.8932407 3.8636691
OS 1.8930741 3.8635858
OS 1.8926576 3.8632526
OS 1.8920745 3.8627528
OS 1.8913248 3.8621697
OS 1.8896588 3.8608369
OS 1.8889091 3.8602538
OS 1.8882427 3.859754
OS 1.9138991 3.859754
OS 1.9138991 3.8484252
OS 1.8695835 3.8484252
OS 1.8695835 3.8581713
OS 1.8696668 3.8582546
OS 1.8698334 3.8583379
OS 1.8701666 3.8585878
OS 1.8704998 3.858921
OS 1.8709996 3.8593375
OS 1.8715827 3.8598373
OS 1.8729155 3.8609202
OS 1.8744982 3.8621697
OS 1.8761642 3.8635858
OS 1.8779135 3.8650852
OS 1.8796628 3.8665846
OS 1.8797461 3.8666679
OS 1.8798294 3.8667512
OS 1.8800793 3.8670011
OS 1.8804125 3.867251
OS 1.8812455 3.8680007
OS 1.8823284 3.8690003
OS 1.8835779 3.8701665
OS 1.8849107 3.8714993
OS 1.8862435 3.8728321
OS 1.8875763 3.8741649
OS 1.8876596 3.8742482
OS 1.8877429 3.8744148
OS 1.8879928 3.8745814
OS 1.888326 3.8749146
OS 1.8890757 3.8758309
OS 1.8900753 3.8769138
OS 1.8910749 3.8782466
OS 1.8921578 3.8795794
OS 1.8931574 3.8809955
OS 1.8939904 3.8823283
OS 1.8940737 3.8824949
OS 1.8943236 3.8829114
OS 1.8946568 3.8836611
OS 1.89499 3.8845774
OS 1.8953232 3.8856603
OS 1.8956564 3.8868265
OS 1.8959063 3.8881593
OS 1.8959896 3.8895754
OS 1.8959896 3.8896587
OS 1.8959896 3.889742
OS 1.8959896 3.8902418
OS 1.895823 3.8910748
OS 1.8956564 3.8919911
OS 1.8953232 3.8929907
OS 1.8949067 3.8940736
OS 1.8942403 3.8951565
OS 1.8934073 3.8960728
OS 1.893324 3.8961561
OS 1.8929908 3.896406
OS 1.8924077 3.8968225
OS 1.8915747 3.897239
OS 1.8905751 3.8975722
OS 1.8894089 3.8979887
OS 1.8879928 3.8982386
OS 1.8864101 3.8983219
OS 1.8855771 3.8983219
OS 1.884994 3.8982386
OS 1.8843276 3.8981553
OS 1.8836612 3.898072
OS 1.8820785 3.8977388
OS 1.8819952 3.8977388
OS 1.8817453 3.8976555
OS 1.8813288 3.8974889
OS 1.8807457 3.8973223
OS 1.8801626 3.8971557
OS 1.8794129 3.8968225
OS 1.8779135 3.8962394
OS 1.8778302 3.8962394
OS 1.8775803 3.8960728
OS 1.8771638 3.8959062
OS 1.876664 3.8956563
OS 1.8754978 3.8950732
OS 1.8743316 3.8943235
OS 1.8742483 3.8943235
OS 1.8740817 3.8941569
OS 1.8735819 3.8938237
OS 1.8728322 3.8934072
OS 1.8722491 3.8929907
OS 1.8710829 3.8929907
OS 1.8710829 3.9060688
OS 1.8711662 3.9061521
OS 1.8715827 3.9063187
OS 1.8721658 3.9065686
OS 1.8729988 3.9068185
OS 1.8740817 3.907235
OS 1.8754978 3.9076515
OS 1.8770805 3.908068
OS 1.8789964 3.9085678
OS 1.8790797 3.9085678
OS 1.8792463 3.9086511
OS 1.8794962 3.9087344
OS 1.8799127 3.9088177
OS 1.8804125 3.908901
OS 1.8809956 3.9089843
OS 1.8823284 3.9092342
OS 1.8839111 3.9094841
OS 1.8856604 3.909734
OS 1.887493 3.9098173
OS 1.8894089 3.9099006
OS 1.8904085 3.9099006
OS 1.8911582 3.9098173
OE
OB 1.8425943 3.9098173 I
OS 1.8435939 3.9098173
OS 1.8446768 3.909734
OS 1.8468426 3.9094841
OS 1.8470092 3.9094841
OS 1.8473424 3.9094008
OS 1.8479255 3.9093175
OS 1.8486752 3.9091509
OS 1.8495082 3.9089843
OS 1.8504245 3.9088177
OS 1.8524237 3.9083179
OS 1.852507 3.9083179
OS 1.8527569 3.9082346
OS 1.8531734 3.908068
OS 1.8537565 3.9079014
OS 1.8544229 3.9076515
OS 1.8551726 3.9074016
OS 1.8568386 3.9066519
OS 1.8569219 3.9065686
OS 1.8572551 3.9064853
OS 1.8576716 3.9063187
OS 1.8582547 3.9060688
OS 1.8595875 3.9054857
OS 1.8602539 3.9051525
OS 1.860837 3.9048193
OS 1.860837 3.890575
OS 1.8592543 3.890575
OS 1.859171 3.8906583
OS 1.8590877 3.8907416
OS 1.8588378 3.8909082
OS 1.8585046 3.8912414
OS 1.8576716 3.8919078
OS 1.8565054 3.8928241
OS 1.8564221 3.8929074
OS 1.8562555 3.893074
OS 1.855839 3.8933239
OS 1.8554225 3.8936571
OS 1.8548394 3.8940736
OS 1.8542563 3.8944901
OS 1.8527569 3.8954897
OS 1.8526736 3.895573
OS 1.8524237 3.8957396
OS 1.8519239 3.8959062
OS 1.8514241 3.8962394
OS 1.8506744 3.8965726
OS 1.8499247 3.8969058
OS 1.8490084 3.8973223
OS 1.8480921 3.8976555
OS 1.8480088 3.8977388
OS 1.8476756 3.8978221
OS 1.8471758 3.8979887
OS 1.8465094 3.8981553
OS 1.8456764 3.8983219
OS 1.8448434 3.8984052
OS 1.8438438 3.8985718
OS 1.8422611 3.8985718
OS 1.841678 3.8984885
OS 1.840845 3.8984052
OS 1.8399287 3.8983219
OS 1.8389291 3.8981553
OS 1.8379295 3.8978221
OS 1.8368466 3.8974889
OS 1.8367633 3.8974056
OS 1.8364301 3.8973223
OS 1.835847 3.8970724
OS 1.8351806 3.8966559
OS 1.8344309 3.8961561
OS 1.8335146 3.895573
OS 1.8325983 3.8948233
OS 1.831682 3.893907
OS 1.8315987 3.8938237
OS 1.8313488 3.8934905
OS 1.8309323 3.8929907
OS 1.8303492 3.8923243
OS 1.8297661 3.891408
OS 1.829183 3.8903251
OS 1.8285999 3.8890756
OS 1.8280168 3.8876595
OS 1.8280168 3.8875762
OS 1.8279335 3.8874929
OS 1.8278502 3.887243
OS 1.8277669 3.8869931
OS 1.8276003 3.8861601
OS 1.8273504 3.8850772
OS 1.8270172 3.8836611
OS 1.8268506 3.8820784
OS 1.826684 3.8803291
OS 1.8266007 3.8784132
OS 1.8266007 3.8783299
OS 1.8266007 3.8781633
OS 1.8266007 3.8779134
OS 1.8266007 3.8774969
OS 1.826684 3.8769971
OS 1.826684 3.876414
OS 1.8267673 3.8751645
OS 1.8269339 3.8736651
OS 1.8271838 3.8720824
OS 1.827517 3.8704997
OS 1.8280168 3.8690003
OS 1.8281001 3.8688337
OS 1.8282667 3.8683339
OS 1.8285999 3.8676675
OS 1.8290997 3.8668345
OS 1.8295995 3.8658349
OS 1.8302659 3.864752
OS 1.8310989 3.8637524
OS 1.8319319 3.8628361
OS 1.8320152 3.8627528
OS 1.8323484 3.8625029
OS 1.8328482 3.8620864
OS 1.8335146 3.8615866
OS 1.8342643 3.8610868
OS 1.8351806 3.8605037
OS 1.8361802 3.8600039
OS 1.8371798 3.8595874
OS 1.8373464 3.8595874
OS 1.8376796 3.8594208
OS 1.8382627 3.8592542
OS 1.8390124 3.8590876
OS 1.8398454 3.858921
OS 1.840845 3.8587544
OS 1.8418446 3.8586711
OS 1.8429275 3.8585878
OS 1.8434273 3.8585878
OS 1.8440104 3.8586711
OS 1.8447601 3.8586711
OS 1.8455931 3.8588377
OS 1.8465927 3.8590043
OS 1.8475923 3.8591709
OS 1.8485919 3.8595041
OS 1.8486752 3.8595874
OS 1.8490917 3.8596707
OS 1.8495915 3.8599206
OS 1.8501746 3.8601705
OS 1.8509243 3.8605037
OS 1.851674 3.8608369
OS 1.8524237 3.8613367
OS 1.8531734 3.8617532
OS 1.8532567 3.8618365
OS 1.8535066 3.8620031
OS 1.8539231 3.862253
OS 1.8544229 3.8625029
OS 1.8555891 3.8633359
OS 1.8567553 3.8642522
OS 1.8568386 3.8643355
OS 1.8570052 3.8645021
OS 1.8572551 3.8646687
OS 1.8576716 3.8650019
OS 1.8585046 3.8657516
OS 1.8594209 3.8665846
OS 1.860837 3.8665846
OS 1.860837 3.8524236
OS 1.8607537 3.8524236
OS 1.8605038 3.852257
OS 1.8601706 3.8520904
OS 1.8597541 3.8519238
OS 1.859171 3.8515906
OS 1.8585046 3.8513407
OS 1.8569219 3.850591
OS 1.8568386 3.850591
OS 1.8565887 3.8504244
OS 1.8560889 3.8502578
OS 1.8555891 3.8500079
OS 1.8549227 3.849758
OS 1.854173 3.8495081
OS 1.852507 3.848925
OS 1.8524237 3.848925
OS 1.8520072 3.8488417
OS 1.8515074 3.8486751
OS 1.8507577 3.8485085
OS 1.8499247 3.8483419
OS 1.8490917 3.848092
OS 1.8471758 3.8477588
OS 1.8470925 3.8477588
OS 1.8467593 3.8476755
OS 1.8461762 3.8475922
OS 1.8454265 3.8475089
OS 1.8445102 3.8474256
OS 1.843344 3.8473423
OS 1.8419279 3.847259
OS 1.8398454 3.847259
OS 1.8390957 3.8473423
OS 1.8381794 3.8474256
OS 1.8370132 3.8475089
OS 1.8356804 3.8476755
OS 1.8342643 3.8479254
OS 1.8326816 3.8482586
OS 1.8309323 3.8486751
OS 1.829183 3.8492582
OS 1.8274337 3.8499246
OS 1.8256011 3.8506743
OS 1.8238518 3.8516739
OS 1.8221025 3.8527568
OS 1.8205198 3.8540063
OS 1.8189371 3.8554224
OS 1.8188538 3.8555057
OS 1.8186039 3.8558389
OS 1.8181874 3.8562554
OS 1.8176876 3.8569218
OS 1.8171045 3.8577548
OS 1.8164381 3.8587544
OS 1.8156884 3.8600039
OS 1.815022 3.8613367
OS 1.8142723 3.8629194
OS 1.8135226 3.8646687
OS 1.8128562 3.8665013
OS 1.8122731 3.8685838
OS 1.8117733 3.8708329
OS 1.8113568 3.8732486
OS 1.8111069 3.8757476
OS 1.8110236 3.8784965
OS 1.8110236 3.8785798
OS 1.8110236 3.8786631
OS 1.8110236 3.8791629
OS 1.8111069 3.8799126
OS 1.8111902 3.8809122
OS 1.8112735 3.8820784
OS 1.8114401 3.8834945
OS 1.81169 3.8850772
OS 1.8120232 3.8867432
OS 1.8124397 3.8884925
OS 1.8129395 3.8904084
OS 1.8136059 3.892241
OS 1.8143556 3.8941569
OS 1.8152719 3.8960728
OS 1.8163548 3.8979054
OS 1.817521 3.8996547
OS 1.8189371 3.9013207
OS 1.8190204 3.901404
OS 1.8192703 3.9016539
OS 1.8197701 3.9021537
OS 1.8204365 3.9026535
OS 1.8211862 3.9033199
OS 1.8221858 3.9040696
OS 1.823352 3.9048193
OS 1.8246015 3.9056523
OS 1.8261009 3.906402
OS 1.8276836 3.9071517
OS 1.8294329 3.9079014
OS 1.8313488 3.9085678
OS 1.8334313 3.9091509
OS 1.8355971 3.9095674
OS 1.8379295 3.9098173
OS 1.8404285 3.9099006
OS 1.841678 3.9099006
OS 1.8425943 3.9098173
OE
OB 1.9444702 3.8937404 H
OS 1.9292263 3.8732486
OS 1.9444702 3.8732486
OS 1.9444702 3.8937404
OE
SE
S P 0
OB 2.0125172 4.1411163 I
OS 2.0134335 4.141033
OS 2.0144331 4.1409497
OS 2.0155993 4.1407831
OS 2.0168488 4.1406165
OS 2.0194311 4.1400334
OS 2.0208472 4.1396169
OS 2.02218 4.1392004
OS 2.0235128 4.1386173
OS 2.0247623 4.1379509
OS 2.0259285 4.1372012
OS 2.0270114 4.1363682
OS 2.0270947 4.1362849
OS 2.0272613 4.1361183
OS 2.0275112 4.1358684
OS 2.0279277 4.1355352
OS 2.0283442 4.1350354
OS 2.0287607 4.1344523
OS 2.0292605 4.1337026
OS 2.0298436 4.1329529
OS 2.0303434 4.1320366
OS 2.0308432 4.131037
OS 2.0312597 4.1298708
OS 2.0317595 4.1287046
OS 2.0320927 4.1274551
OS 2.0323426 4.126039
OS 2.0325092 4.1245396
OS 2.0325925 4.1229569
OS 2.0325925 4.1228736
OS 2.0325925 4.122707
OS 2.0325925 4.1224571
OS 2.0325925 4.1220406
OS 2.0325092 4.1215408
OS 2.0324259 4.1209577
OS 2.0322593 4.1196249
OS 2.0319261 4.1179589
OS 2.0315096 4.1162096
OS 2.0308432 4.1142937
OS 2.0300102 4.1123778
OS 2.0300102 4.1122945
OS 2.0299269 4.1121279
OS 2.0297603 4.111878
OS 2.0295104 4.1114615
OS 2.0292605 4.111045
OS 2.0289273 4.1104619
OS 2.028011 4.1091291
OS 2.0268448 4.1074631
OS 2.0254287 4.1056305
OS 2.0236794 4.1036313
OS 2.0216802 4.1014655
OS 2.0215136 4.1012989
OS 2.0210971 4.1008824
OS 2.0203474 4.1001327
OS 2.0194311 4.0992997
OS 2.0183482 4.0983001
OS 2.017182 4.0972172
OS 2.0145997 4.0949681
OS 2.0144331 4.0948848
OS 2.0140166 4.0945516
OS 2.0134335 4.0940518
OS 2.0126838 4.0934687
OS 2.0110178 4.0921359
OS 2.0102681 4.0915528
OS 2.0096017 4.091053
OS 2.0352581 4.091053
OS 2.0352581 4.0797242
OS 1.9909425 4.0797242
OS 1.9909425 4.0894703
OS 1.9910258 4.0895536
OS 1.9911924 4.0896369
OS 1.9915256 4.0898868
OS 1.9918588 4.09022
OS 1.9923586 4.0906365
OS 1.9929417 4.0911363
OS 1.9942745 4.0922192
OS 1.9958572 4.0934687
OS 1.9975232 4.0948848
OS 1.9992725 4.0963842
OS 2.0010218 4.0978836
OS 2.0011051 4.0979669
OS 2.0011884 4.0980502
OS 2.0014383 4.0983001
OS 2.0017715 4.09855
OS 2.0026045 4.0992997
OS 2.0036874 4.1002993
OS 2.0049369 4.1014655
OS 2.0062697 4.1027983
OS 2.0076025 4.1041311
OS 2.0089353 4.1054639
OS 2.0090186 4.1055472
OS 2.0091019 4.1057138
OS 2.0093518 4.1058804
OS 2.009685 4.1062136
OS 2.0104347 4.1071299
OS 2.0114343 4.1082128
OS 2.0124339 4.1095456
OS 2.0135168 4.1108784
OS 2.0145164 4.1122945
OS 2.0153494 4.1136273
OS 2.0154327 4.1137939
OS 2.0156826 4.1142104
OS 2.0160158 4.1149601
OS 2.016349 4.1158764
OS 2.0166822 4.1169593
OS 2.0170154 4.1181255
OS 2.0172653 4.1194583
OS 2.0173486 4.1208744
OS 2.0173486 4.1209577
OS 2.0173486 4.121041
OS 2.0173486 4.1215408
OS 2.017182 4.1223738
OS 2.0170154 4.1232901
OS 2.0166822 4.1242897
OS 2.0162657 4.1253726
OS 2.0155993 4.1264555
OS 2.0147663 4.1273718
OS 2.014683 4.1274551
OS 2.0143498 4.127705
OS 2.0137667 4.1281215
OS 2.0129337 4.128538
OS 2.0119341 4.1288712
OS 2.0107679 4.1292877
OS 2.0093518 4.1295376
OS 2.0077691 4.1296209
OS 2.0069361 4.1296209
OS 2.006353 4.1295376
OS 2.0056866 4.1294543
OS 2.0050202 4.129371
OS 2.0034375 4.1290378
OS 2.0033542 4.1290378
OS 2.0031043 4.1289545
OS 2.0026878 4.1287879
OS 2.0021047 4.1286213
OS 2.0015216 4.1284547
OS 2.0007719 4.1281215
OS 1.9992725 4.1275384
OS 1.9991892 4.1275384
OS 1.9989393 4.1273718
OS 1.9985228 4.1272052
OS 1.998023 4.1269553
OS 1.9968568 4.1263722
OS 1.9956906 4.1256225
OS 1.9956073 4.1256225
OS 1.9954407 4.1254559
OS 1.9949409 4.1251227
OS 1.9941912 4.1247062
OS 1.9936081 4.1242897
OS 1.9924419 4.1242897
OS 1.9924419 4.1373678
OS 1.9925252 4.1374511
OS 1.9929417 4.1376177
OS 1.9935248 4.1378676
OS 1.9943578 4.1381175
OS 1.9954407 4.138534
OS 1.9968568 4.1389505
OS 1.9984395 4.139367
OS 2.0003554 4.1398668
OS 2.0004387 4.1398668
OS 2.0006053 4.1399501
OS 2.0008552 4.1400334
OS 2.0012717 4.1401167
OS 2.0017715 4.1402
OS 2.0023546 4.1402833
OS 2.0036874 4.1405332
OS 2.0052701 4.1407831
OS 2.0070194 4.141033
OS 2.008852 4.1411163
OS 2.0107679 4.1411996
OS 2.0117675 4.1411996
OS 2.0125172 4.1411163
OE
OB 1.9794471 4.1014655 I
OS 1.9794471 4.1013822
OS 1.9794471 4.1009657
OS 1.9794471 4.1003826
OS 1.9793638 4.0996329
OS 1.9792805 4.0987166
OS 1.9791139 4.0976337
OS 1.9789473 4.0964675
OS 1.9786141 4.095218
OS 1.9782809 4.0938019
OS 1.9778644 4.0924691
OS 1.9773646 4.0909697
OS 1.9767815 4.0895536
OS 1.9760318 4.0882208
OS 1.9751155 4.086888
OS 1.9741992 4.0855552
OS 1.973033 4.084389
OS 1.9729497 4.0843057
OS 1.9726998 4.0841391
OS 1.9723666 4.0838059
OS 1.9718668 4.0834727
OS 1.9712004 4.0830562
OS 1.9703674 4.0825564
OS 1.9694511 4.0819733
OS 1.9682849 4.0814735
OS 1.9670354 4.0808904
OS 1.9656193 4.0803073
OS 1.9641199 4.0798075
OS 1.9624539 4.079391
OS 1.9606213 4.0790578
OS 1.9586221 4.0787246
OS 1.9564563 4.078558
OS 1.9542072 4.0784747
OS 1.953041 4.0784747
OS 1.952208 4.078558
OS 1.9512084 4.0786413
OS 1.9500422 4.0788079
OS 1.9487927 4.0789745
OS 1.9473766 4.0792244
OS 1.9458772 4.0794743
OS 1.9443778 4.0798908
OS 1.9427951 4.0803906
OS 1.9412957 4.0809737
OS 1.9397963 4.0816401
OS 1.9382969 4.0823898
OS 1.9368808 4.0833061
OS 1.9356313 4.0843057
OS 1.935548 4.084389
OS 1.9353814 4.0845556
OS 1.9350482 4.0848888
OS 1.9346317 4.0853886
OS 1.9341319 4.0859717
OS 1.9335488 4.0867214
OS 1.9329657 4.0876377
OS 1.9323826 4.0886373
OS 1.9317995 4.0898035
OS 1.9312164 4.091053
OS 1.9306333 4.0924691
OS 1.9301335 4.0939685
OS 1.929717 4.0957178
OS 1.9293838 4.0974671
OS 1.9292172 4.099383
OS 1.9291339 4.1014655
OS 1.9291339 4.1399501
OS 1.9442945 4.1399501
OS 1.9442945 4.1023818
OS 1.9442945 4.1022985
OS 1.9442945 4.1021319
OS 1.9442945 4.1017987
OS 1.9442945 4.1013822
OS 1.9443778 4.1007991
OS 1.9444611 4.100216
OS 1.9446277 4.0987999
OS 1.9448776 4.0973005
OS 1.9452941 4.0957178
OS 1.9458772 4.0943017
OS 1.9466269 4.0929689
OS 1.9467102 4.0928023
OS 1.9470434 4.0924691
OS 1.9476265 4.0920526
OS 1.9484595 4.0914695
OS 1.9495424 4.0908864
OS 1.9507919 4.0904699
OS 1.9523746 4.0901367
OS 1.9542072 4.0899701
OS 1.954707 4.0899701
OS 1.9550402 4.0900534
OS 1.9559565 4.0901367
OS 1.9571227 4.0903033
OS 1.9582889 4.0907198
OS 1.9596217 4.0912196
OS 1.9607879 4.091886
OS 1.9617875 4.0928856
OS 1.9618708 4.0930522
OS 1.962204 4.0934687
OS 1.9626205 4.0941351
OS 1.963037 4.0951347
OS 1.9635368 4.0964675
OS 1.96387 4.0981335
OS 1.9640366 4.0990498
OS 1.9642032 4.1000494
OS 1.9642865 4.1012156
OS 1.9642865 4.1023818
OS 1.9642865 4.1399501
OS 1.9794471 4.1399501
OS 1.9794471 4.1014655
OE
SE
S P 0
OB 2.0404358 3.9852386 I
OS 2.0147794 3.9370079
OS 1.9980361 3.9370079
OS 2.0247754 3.985905
OS 1.9962035 3.985905
OS 1.9962035 3.9972338
OS 2.0404358 3.9972338
OS 2.0404358 3.9852386
OE
OB 1.9705471 3.9984 I
OS 1.9715467 3.9984
OS 1.9726296 3.9983167
OS 1.9747954 3.9980668
OS 1.974962 3.9980668
OS 1.9752952 3.9979835
OS 1.9758783 3.9979002
OS 1.976628 3.9977336
OS 1.977461 3.997567
OS 1.9783773 3.9974004
OS 1.9803765 3.9969006
OS 1.9804598 3.9969006
OS 1.9807097 3.9968173
OS 1.9811262 3.9966507
OS 1.9817093 3.9964841
OS 1.9823757 3.9962342
OS 1.9831254 3.9959843
OS 1.9847914 3.9952346
OS 1.9848747 3.9951513
OS 1.9852079 3.995068
OS 1.9856244 3.9949014
OS 1.9862075 3.9946515
OS 1.9875403 3.9940684
OS 1.9882067 3.9937352
OS 1.9887898 3.993402
OS 1.9887898 3.9791577
OS 1.9872071 3.9791577
OS 1.9871238 3.979241
OS 1.9870405 3.9793243
OS 1.9867906 3.9794909
OS 1.9864574 3.9798241
OS 1.9856244 3.9804905
OS 1.9844582 3.9814068
OS 1.9843749 3.9814901
OS 1.9842083 3.9816567
OS 1.9837918 3.9819066
OS 1.9833753 3.9822398
OS 1.9827922 3.9826563
OS 1.9822091 3.9830728
OS 1.9807097 3.9840724
OS 1.9806264 3.9841557
OS 1.9803765 3.9843223
OS 1.9798767 3.9844889
OS 1.9793769 3.9848221
OS 1.9786272 3.9851553
OS 1.9778775 3.9854885
OS 1.9769612 3.985905
OS 1.9760449 3.9862382
OS 1.9759616 3.9863215
OS 1.9756284 3.9864048
OS 1.9751286 3.9865714
OS 1.9744622 3.986738
OS 1.9736292 3.9869046
OS 1.9727962 3.9869879
OS 1.9717966 3.9871545
OS 1.9702139 3.9871545
OS 1.9696308 3.9870712
OS 1.9687978 3.9869879
OS 1.9678815 3.9869046
OS 1.9668819 3.986738
OS 1.9658823 3.9864048
OS 1.9647994 3.9860716
OS 1.9647161 3.9859883
OS 1.9643829 3.985905
OS 1.9637998 3.9856551
OS 1.9631334 3.9852386
OS 1.9623837 3.9847388
OS 1.9614674 3.9841557
OS 1.9605511 3.983406
OS 1.9596348 3.9824897
OS 1.9595515 3.9824064
OS 1.9593016 3.9820732
OS 1.9588851 3.9815734
OS 1.958302 3.980907
OS 1.9577189 3.9799907
OS 1.9571358 3.9789078
OS 1.9565527 3.9776583
OS 1.9559696 3.9762422
OS 1.9559696 3.9761589
OS 1.9558863 3.9760756
OS 1.955803 3.9758257
OS 1.9557197 3.9755758
OS 1.9555531 3.9747428
OS 1.9553032 3.9736599
OS 1.95497 3.9722438
OS 1.9548034 3.9706611
OS 1.9546368 3.9689118
OS 1.9545535 3.9669959
OS 1.9545535 3.9669126
OS 1.9545535 3.966746
OS 1.9545535 3.9664961
OS 1.9545535 3.9660796
OS 1.9546368 3.9655798
OS 1.9546368 3.9649967
OS 1.9547201 3.9637472
OS 1.9548867 3.9622478
OS 1.9551366 3.9606651
OS 1.9554698 3.9590824
OS 1.9559696 3.957583
OS 1.9560529 3.9574164
OS 1.9562195 3.9569166
OS 1.9565527 3.9562502
OS 1.9570525 3.9554172
OS 1.9575523 3.9544176
OS 1.9582187 3.9533347
OS 1.9590517 3.9523351
OS 1.9598847 3.9514188
OS 1.959968 3.9513355
OS 1.9603012 3.9510856
OS 1.960801 3.9506691
OS 1.9614674 3.9501693
OS 1.9622171 3.9496695
OS 1.9631334 3.9490864
OS 1.964133 3.9485866
OS 1.9651326 3.9481701
OS 1.9652992 3.9481701
OS 1.9656324 3.9480035
OS 1.9662155 3.9478369
OS 1.9669652 3.9476703
OS 1.9677982 3.9475037
OS 1.9687978 3.9473371
OS 1.9697974 3.9472538
OS 1.9708803 3.9471705
OS 1.9713801 3.9471705
OS 1.9719632 3.9472538
OS 1.9727129 3.9472538
OS 1.9735459 3.9474204
OS 1.9745455 3.947587
OS 1.9755451 3.9477536
OS 1.9765447 3.9480868
OS 1.976628 3.9481701
OS 1.9770445 3.9482534
OS 1.9775443 3.9485033
OS 1.9781274 3.9487532
OS 1.9788771 3.9490864
OS 1.9796268 3.9494196
OS 1.9803765 3.9499194
OS 1.9811262 3.9503359
OS 1.9812095 3.9504192
OS 1.9814594 3.9505858
OS 1.9818759 3.9508357
OS 1.9823757 3.9510856
OS 1.9835419 3.9519186
OS 1.9847081 3.9528349
OS 1.9847914 3.9529182
OS 1.984958 3.9530848
OS 1.9852079 3.9532514
OS 1.9856244 3.9535846
OS 1.9864574 3.9543343
OS 1.9873737 3.9551673
OS 1.9887898 3.9551673
OS 1.9887898 3.9410063
OS 1.9887065 3.9410063
OS 1.9884566 3.9408397
OS 1.9881234 3.9406731
OS 1.9877069 3.9405065
OS 1.9871238 3.9401733
OS 1.9864574 3.9399234
OS 1.9848747 3.9391737
OS 1.9847914 3.9391737
OS 1.9845415 3.9390071
OS 1.9840417 3.9388405
OS 1.9835419 3.9385906
OS 1.9828755 3.9383407
OS 1.9821258 3.9380908
OS 1.9804598 3.9375077
OS 1.9803765 3.9375077
OS 1.97996 3.9374244
OS 1.9794602 3.9372578
OS 1.9787105 3.9370912
OS 1.9778775 3.9369246
OS 1.9770445 3.9366747
OS 1.9751286 3.9363415
OS 1.9750453 3.9363415
OS 1.9747121 3.9362582
OS 1.974129 3.9361749
OS 1.9733793 3.9360916
OS 1.972463 3.9360083
OS 1.9712968 3.935925
OS 1.9698807 3.9358417
OS 1.9677982 3.9358417
OS 1.9670485 3.935925
OS 1.9661322 3.9360083
OS 1.964966 3.9360916
OS 1.9636332 3.9362582
OS 1.9622171 3.9365081
OS 1.9606344 3.9368413
OS 1.9588851 3.9372578
OS 1.9571358 3.9378409
OS 1.9553865 3.9385073
OS 1.9535539 3.939257
OS 1.9518046 3.9402566
OS 1.9500553 3.9413395
OS 1.9484726 3.942589
OS 1.9468899 3.9440051
OS 1.9468066 3.9440884
OS 1.9465567 3.9444216
OS 1.9461402 3.9448381
OS 1.9456404 3.9455045
OS 1.9450573 3.9463375
OS 1.9443909 3.9473371
OS 1.9436412 3.9485866
OS 1.9429748 3.9499194
OS 1.9422251 3.9515021
OS 1.9414754 3.9532514
OS 1.940809 3.955084
OS 1.9402259 3.9571665
OS 1.9397261 3.9594156
OS 1.9393096 3.9618313
OS 1.9390597 3.9643303
OS 1.9389764 3.9670792
OS 1.9389764 3.9671625
OS 1.9389764 3.9672458
OS 1.9389764 3.9677456
OS 1.9390597 3.9684953
OS 1.939143 3.9694949
OS 1.9392263 3.9706611
OS 1.9393929 3.9720772
OS 1.9396428 3.9736599
OS 1.939976 3.9753259
OS 1.9403925 3.9770752
OS 1.9408923 3.9789911
OS 1.9415587 3.9808237
OS 1.9423084 3.9827396
OS 1.9432247 3.9846555
OS 1.9443076 3.9864881
OS 1.9454738 3.9882374
OS 1.9468899 3.9899034
OS 1.9469732 3.9899867
OS 1.9472231 3.9902366
OS 1.9477229 3.9907364
OS 1.9483893 3.9912362
OS 1.949139 3.9919026
OS 1.9501386 3.9926523
OS 1.9513048 3.993402
OS 1.9525543 3.994235
OS 1.9540537 3.9949847
OS 1.9556364 3.9957344
OS 1.9573857 3.9964841
OS 1.9593016 3.9971505
OS 1.9613841 3.9977336
OS 1.9635499 3.9981501
OS 1.9658823 3.9984
OS 1.9683813 3.9984833
OS 1.9696308 3.9984833
OS 1.9705471 3.9984
OE
SE
S P 0
OB 2.1206753 3.09711 I
OS 2.133087 3.09711
OS 2.133087 3.0866142
OS 2.0933529 3.0866142
OS 2.0933529 3.09711
OS 2.1060145 3.09711
OS 2.1060145 3.1289306
OS 2.0933529 3.1289306
OS 2.0933529 3.13876
OS 2.0943525 3.13876
OS 2.0951022 3.1388433
OS 2.0959352 3.1388433
OS 2.0968515 3.1389266
OS 2.0988507 3.1390932
OS 2.098934 3.1390932
OS 2.0993505 3.1391765
OS 2.0998503 3.1392598
OS 2.1004334 3.1393431
OS 2.1018495 3.1397596
OS 2.1025992 3.1400095
OS 2.1032656 3.1402594
OS 2.1033489 3.1403427
OS 2.1035988 3.140426
OS 2.103932 3.1406759
OS 2.1043485 3.1409258
OS 2.1053481 3.1417588
OS 2.1062644 3.1428417
OS 2.1063477 3.142925
OS 2.106431 3.1431749
OS 2.1065976 3.1435081
OS 2.1068475 3.1440079
OS 2.1070141 3.144591
OS 2.1071807 3.1453407
OS 2.1073473 3.1460904
OS 2.1074306 3.1470067
OS 2.1206753 3.1470067
OS 2.1206753 3.09711
OE
OB 2.0791919 3.0866142 I
OS 2.0641146 3.0866142
OS 2.0641146 3.1265149
OS 2.053119 3.1007752
OS 2.0428731 3.1007752
OS 2.0319608 3.1265149
OS 2.0319608 3.0866142
OS 2.0177165 3.0866142
OS 2.0177165 3.1468401
OS 2.0351262 3.1468401
OS 2.0484542 3.117102
OS 2.0616989 3.1468401
OS 2.0791919 3.1468401
OS 2.0791919 3.0866142
OE
SE
S P 0
OB 2.3304635 0.683724 I
OS 2.3428752 0.683724
OS 2.3428752 0.6732282
OS 2.3031411 0.6732282
OS 2.3031411 0.683724
OS 2.3158027 0.683724
OS 2.3158027 0.7155446
OS 2.3031411 0.7155446
OS 2.3031411 0.725374
OS 2.3041407 0.725374
OS 2.3048904 0.7254573
OS 2.3057234 0.7254573
OS 2.3066397 0.7255406
OS 2.3086389 0.7257072
OS 2.3087222 0.7257072
OS 2.3091387 0.7257905
OS 2.3096385 0.7258738
OS 2.3102216 0.7259571
OS 2.3116377 0.7263736
OS 2.3123874 0.7266235
OS 2.3130538 0.7268734
OS 2.3131371 0.7269567
OS 2.313387 0.72704
OS 2.3137202 0.7272899
OS 2.3141367 0.7275398
OS 2.3151363 0.7283728
OS 2.3160526 0.7294557
OS 2.3161359 0.729539
OS 2.3162192 0.7297889
OS 2.3163858 0.7301221
OS 2.3166357 0.7306219
OS 2.3168023 0.731205
OS 2.3169689 0.7319547
OS 2.3171355 0.7327044
OS 2.3172188 0.7336207
OS 2.3304635 0.7336207
OS 2.3304635 0.683724
OE
OB 2.2646565 0.7346203 I
OS 2.2655728 0.734537
OS 2.266739 0.7344537
OS 2.2680718 0.7342871
OS 2.2694879 0.7340372
OS 2.2710706 0.7336207
OS 2.2727366 0.7332042
OS 2.2744859 0.7326211
OS 2.2762352 0.7319547
OS 2.2780678 0.7311217
OS 2.2798171 0.7302054
OS 2.2814831 0.7290392
OS 2.2831491 0.7277897
OS 2.2846485 0.7262903
OS 2.2847318 0.726207
OS 2.2849817 0.7258738
OS 2.2853982 0.7254573
OS 2.285898 0.7247909
OS 2.2864811 0.7238746
OS 2.2871475 0.722875
OS 2.2878139 0.7216255
OS 2.2885636 0.7202927
OS 2.2893133 0.71871
OS 2.2899797 0.7169607
OS 2.2906461 0.7151281
OS 2.2912292 0.7130456
OS 2.291729 0.7107965
OS 2.2921455 0.7084641
OS 2.2923954 0.7059651
OS 2.2924787 0.7032995
OS 2.2924787 0.7032162
OS 2.2924787 0.7027997
OS 2.2924787 0.7022999
OS 2.2923954 0.7015502
OS 2.2923121 0.7006339
OS 2.2922288 0.699551
OS 2.2921455 0.6983015
OS 2.2918956 0.697052
OS 2.2916457 0.6956359
OS 2.2913958 0.6941365
OS 2.2905628 0.6910544
OS 2.290063 0.6894717
OS 2.2894799 0.6879723
OS 2.2888135 0.6864729
OS 2.2879805 0.6849735
OS 2.2878972 0.6848902
OS 2.2878139 0.6846403
OS 2.287564 0.6842238
OS 2.2871475 0.683724
OS 2.286731 0.6831409
OS 2.2861479 0.6823912
OS 2.2854815 0.6816415
OS 2.2848151 0.6808085
OS 2.2839821 0.6798922
OS 2.2829825 0.6790592
OS 2.2819829 0.6781429
OS 2.2809 0.6772266
OS 2.2796505 0.6763936
OS 2.278401 0.6755606
OS 2.2770682 0.6748942
OS 2.2755688 0.6742278
OS 2.2755688 0.6741445
OS 2.2755688 0.6740612
OS 2.2755688 0.6735614
OS 2.2756521 0.6728117
OS 2.2758187 0.6718954
OS 2.2760686 0.6708958
OS 2.2764018 0.6698962
OS 2.2768183 0.6689799
OS 2.2774847 0.6682302
OS 2.277568 0.6681469
OS 2.2779012 0.6679803
OS 2.2783177 0.6676471
OS 2.2790674 0.6673972
OS 2.2799004 0.667064
OS 2.2810666 0.6667308
OS 2.2824827 0.6665642
OS 2.2840654 0.6664809
OS 2.2847318 0.6664809
OS 2.2852316 0.6665642
OS 2.2858147 0.6666475
OS 2.2864811 0.6667308
OS 2.2878972 0.667064
OS 2.2879805 0.667064
OS 2.2882304 0.6671473
OS 2.2886469 0.6673139
OS 2.2890634 0.6673972
OS 2.290063 0.6677304
OS 2.2904795 0.667897
OS 2.290896 0.6680636
OS 2.2923954 0.6680636
OS 2.2923954 0.6574012
OS 2.2923121 0.6574012
OS 2.2919789 0.6573179
OS 2.2914791 0.6571513
OS 2.2908127 0.657068
OS 2.290063 0.6569014
OS 2.28923 0.6567348
OS 2.2874807 0.6564849
OS 2.2873974 0.6564849
OS 2.2870642 0.6564016
OS 2.2864811 0.6564016
OS 2.2856481 0.6563183
OS 2.2845652 0.656235
OS 2.2832324 0.656235
OS 2.2816497 0.6561517
OS 2.2790674 0.6561517
OS 2.2781511 0.656235
OS 2.2770682 0.6563183
OS 2.2757354 0.6564849
OS 2.2744026 0.6566515
OS 2.2730698 0.6569847
OS 2.271737 0.6574012
OS 2.2715704 0.6574845
OS 2.2711539 0.6576511
OS 2.2705708 0.657901
OS 2.2698211 0.6582342
OS 2.2689048 0.658734
OS 2.2679885 0.6593171
OS 2.2670722 0.6599835
OS 2.2662392 0.6607332
OS 2.2661559 0.6608165
OS 2.265906 0.6611497
OS 2.2654895 0.6615662
OS 2.2649897 0.6622326
OS 2.2644066 0.6629823
OS 2.2638235 0.6638153
OS 2.2633237 0.6648149
OS 2.2628239 0.6658978
OS 2.2627406 0.6660644
OS 2.2626573 0.6663976
OS 2.2624907 0.6669807
OS 2.2622408 0.6678137
OS 2.2620742 0.66873
OS 2.2619076 0.6697296
OS 2.261741 0.6708958
OS 2.2616577 0.6721453
OS 2.2614911 0.6721453
OS 2.2610746 0.6722286
OS 2.2604082 0.6722286
OS 2.2595752 0.6723952
OS 2.2584923 0.6725618
OS 2.2572428 0.6727284
OS 2.2558267 0.6730616
OS 2.2543273 0.6734781
OS 2.2527446 0.6739779
OS 2.2510786 0.674561
OS 2.2494126 0.6753107
OS 2.2477466 0.6761437
OS 2.2460806 0.67706
OS 2.2444979 0.6782262
OS 2.2429152 0.679559
OS 2.2414991 0.6809751
OS 2.2414158 0.6810584
OS 2.2411659 0.6813916
OS 2.2408327 0.6818081
OS 2.2403329 0.6824745
OS 2.2398331 0.6833075
OS 2.23925 0.6843071
OS 2.2385836 0.6854733
OS 2.2379172 0.6868894
OS 2.2371675 0.6883888
OS 2.2365844 0.6900548
OS 2.235918 0.6918874
OS 2.2354182 0.6938866
OS 2.2349184 0.6960524
OS 2.2345852 0.6983015
OS 2.2343353 0.7007172
OS 2.234252 0.7032995
OS 2.234252 0.7033828
OS 2.234252 0.7034661
OS 2.234252 0.7039659
OS 2.2343353 0.7047156
OS 2.2343353 0.7057152
OS 2.2345019 0.7068814
OS 2.2346685 0.7082975
OS 2.2349184 0.7098802
OS 2.2352516 0.7116295
OS 2.2356681 0.7133788
OS 2.2361679 0.7152947
OS 2.236751 0.7171273
OS 2.2375007 0.7190432
OS 2.238417 0.7209591
OS 2.2394166 0.7227917
OS 2.2406661 0.724541
OS 2.2419989 0.726207
OS 2.2420822 0.7262903
OS 2.2423321 0.7265402
OS 2.2428319 0.7269567
OS 2.243415 0.7275398
OS 2.244248 0.7282062
OS 2.2451643 0.7288726
OS 2.2463305 0.7297056
OS 2.24758 0.7304553
OS 2.2489961 0.7312883
OS 2.2505788 0.732038
OS 2.2523281 0.7327044
OS 2.254244 0.7333708
OS 2.2563265 0.7339539
OS 2.2584923 0.7343704
OS 2.2608247 0.7346203
OS 2.2633237 0.7347036
OS 2.2639068 0.7347036
OS 2.2646565 0.7346203
OE
OB 2.2633237 0.7233748 H
OS 2.2628239 0.7233748
OS 2.2623241 0.7232915
OS 2.2616577 0.7232915
OS 2.260908 0.7231249
OS 2.260075 0.7229583
OS 2.2591587 0.7227084
OS 2.2583257 0.7223752
OS 2.2582424 0.7222919
OS 2.2579092 0.7222086
OS 2.2574927 0.7219587
OS 2.2569096 0.7215422
OS 2.2562432 0.7210424
OS 2.2554935 0.7204593
OS 2.2547438 0.7197096
OS 2.2539108 0.7187933
OS 2.2538275 0.71871
OS 2.2535776 0.7183768
OS 2.2532444 0.717877
OS 2.2528279 0.7171273
OS 2.2524114 0.716211
OS 2.2519116 0.7152114
OS 2.2514118 0.7139619
OS 2.250912 0.7125458
OS 2.250912 0.7124625
OS 2.2508287 0.7123792
OS 2.2508287 0.7121293
OS 2.2507454 0.7118794
OS 2.2505788 0.7110464
OS 2.2504122 0.7099635
OS 2.2501623 0.7085474
OS 2.2499957 0.7069647
OS 2.2499124 0.7052154
OS 2.2498291 0.7032995
OS 2.2498291 0.7032162
OS 2.2498291 0.7030496
OS 2.2498291 0.7027997
OS 2.2498291 0.7023832
OS 2.2498291 0.7018834
OS 2.2499124 0.7013836
OS 2.2499957 0.7000508
OS 2.250079 0.6985514
OS 2.2503289 0.697052
OS 2.2505788 0.6954693
OS 2.250912 0.6940532
OS 2.2509953 0.6938866
OS 2.2510786 0.6934701
OS 2.2513285 0.6928037
OS 2.2516617 0.6918874
OS 2.2520782 0.6909711
OS 2.252578 0.6898882
OS 2.2531611 0.6888886
OS 2.2538275 0.687889
OS 2.2539108 0.6878057
OS 2.2541607 0.6874725
OS 2.2545772 0.687056
OS 2.2551603 0.6864729
OS 2.2558267 0.6858898
OS 2.2565764 0.6853067
OS 2.2573261 0.6848069
OS 2.2582424 0.6843071
OS 2.2583257 0.6843071
OS 2.2586589 0.6841405
OS 2.2591587 0.6839739
OS 2.2598251 0.6838073
OS 2.2605748 0.6836407
OS 2.2614078 0.6834741
OS 2.2624074 0.6833908
OS 2.2633237 0.6833075
OS 2.2638235 0.6833075
OS 2.2643233 0.6833908
OS 2.2649897 0.6834741
OS 2.2657394 0.6835574
OS 2.2666557 0.6838073
OS 2.267572 0.6840572
OS 2.2684883 0.6843904
OS 2.2685716 0.6844737
OS 2.2689048 0.6846403
OS 2.2694046 0.6848902
OS 2.2699877 0.6853067
OS 2.2706541 0.6858065
OS 2.2714038 0.6863896
OS 2.2720702 0.6871393
OS 2.2728199 0.6879723
OS 2.2729032 0.6880556
OS 2.2731531 0.6884721
OS 2.2734863 0.6889719
OS 2.2739028 0.6897216
OS 2.2744026 0.6906379
OS 2.2749024 0.6917208
OS 2.2754022 0.692887
OS 2.2758187 0.6941365
OS 2.275902 0.6943031
OS 2.2759853 0.6948029
OS 2.2761519 0.6955526
OS 2.2764018 0.6966355
OS 2.2765684 0.697885
OS 2.276735 0.6994677
OS 2.2768183 0.7013003
OS 2.2769016 0.7032995
OS 2.2769016 0.7033828
OS 2.2769016 0.7035494
OS 2.2769016 0.7037993
OS 2.2769016 0.7042158
OS 2.2769016 0.7046323
OS 2.2768183 0.7052154
OS 2.276735 0.7064649
OS 2.2766517 0.707881
OS 2.2764018 0.7094637
OS 2.2761519 0.7109631
OS 2.2757354 0.7124625
OS 2.2757354 0.7125458
OS 2.2756521 0.7126291
OS 2.2755688 0.7131289
OS 2.2753189 0.7137953
OS 2.2749857 0.7147116
OS 2.2745692 0.7157112
OS 2.2740694 0.7167108
OS 2.2734863 0.7177104
OS 2.2728199 0.71871
OS 2.2727366 0.7187933
OS 2.2724867 0.7191265
OS 2.2720702 0.719543
OS 2.2714871 0.7201261
OS 2.270904 0.7207092
OS 2.2701543 0.7212923
OS 2.2693213 0.7217921
OS 2.268405 0.7222919
OS 2.2683217 0.7223752
OS 2.2679885 0.7224585
OS 2.2674887 0.7226251
OS 2.2669056 0.722875
OS 2.2660726 0.7230416
OS 2.2652396 0.7232082
OS 2.2643233 0.7232915
OS 2.2633237 0.7233748
OE
SE
S P 0
OB 2.3431513 3.325005 I
OS 2.3440676 3.325005
OS 2.3449839 3.3249217
OS 2.3471497 3.3246718
OS 2.3473163 3.3246718
OS 2.3476495 3.3245885
OS 2.3481493 3.3245052
OS 2.3488157 3.3244219
OS 2.3501485 3.3242553
OS 2.3508149 3.3240887
OS 2.3513147 3.3240054
OS 2.3513147 3.3122601
OS 2.3500652 3.3122601
OS 2.3499819 3.3123434
OS 2.349732 3.3124267
OS 2.3493155 3.3125933
OS 2.348899 3.3127599
OS 2.3483159 3.3129265
OS 2.3475662 3.3131764
OS 2.3467332 3.3134263
OS 2.3466499 3.3134263
OS 2.3463167 3.3135096
OS 2.3458169 3.3136762
OS 2.3451505 3.3137595
OS 2.3443175 3.3139261
OS 2.3434012 3.3140094
OS 2.3423183 3.3140927
OS 2.3404857 3.3140927
OS 2.3399859 3.3140094
OS 2.3394028 3.3140094
OS 2.3387364 3.3139261
OS 2.3371537 3.3135929
OS 2.3354044 3.3131764
OS 2.3335718 3.31251
OS 2.3318225 3.3115937
OS 2.3309895 3.3110106
OS 2.3302398 3.3103442
OS 2.3300732 3.3101776
OS 2.3299066 3.3099277
OS 2.3296567 3.3096778
OS 2.3293235 3.3092613
OS 2.3289903 3.3087615
OS 2.3282406 3.3075953
OS 2.3274076 3.3060959
OS 2.3266579 3.3042633
OS 2.3259915 3.3020975
OS 2.3254917 3.2996818
OS 2.3256583 3.2997651
OS 2.3259915 3.300015
OS 2.3265746 3.3003482
OS 2.3274076 3.3007647
OS 2.3282406 3.3011812
OS 2.3293235 3.3017643
OS 2.3314893 3.3026806
OS 2.3316559 3.3027639
OS 2.3320724 3.3028472
OS 2.3326555 3.3030138
OS 2.3334885 3.3032637
OS 2.3345714 3.3035136
OS 2.3357376 3.3036802
OS 2.3369871 3.3037635
OS 2.3384032 3.3038468
OS 2.3389863 3.3038468
OS 2.3395694 3.3037635
OS 2.3404024 3.3037635
OS 2.3413187 3.3035969
OS 2.3423183 3.3034303
OS 2.3434012 3.3032637
OS 2.3444841 3.3029305
OS 2.3446507 3.3029305
OS 2.3449839 3.3027639
OS 2.3454837 3.3025973
OS 2.3461501 3.3023474
OS 2.3469831 3.3019309
OS 2.3478161 3.3015144
OS 2.3495654 3.3004315
OS 2.349732 3.3003482
OS 2.3500652 3.300015
OS 2.3506483 3.2994319
OS 2.3513147 3.2987655
OS 2.3521477 3.2978492
OS 2.3529807 3.2967663
OS 2.3537304 3.2955168
OS 2.3544801 3.2941007
OS 2.3544801 3.2940174
OS 2.3545634 3.2939341
OS 2.3546467 3.2936842
OS 2.3548133 3.2934343
OS 2.3550632 3.2926013
OS 2.3554797 3.2914351
OS 2.3558129 3.290019
OS 2.3560628 3.2882697
OS 2.3563127 3.2863538
OS 2.356396 3.284188
OS 2.356396 3.2841047
OS 2.356396 3.2837715
OS 2.356396 3.2832717
OS 2.3563127 3.2826053
OS 2.3562294 3.2817723
OS 2.3560628 3.280856
OS 2.3558962 3.2798564
OS 2.3556463 3.2786902
OS 2.3553131 3.2774407
OS 2.3548966 3.2761912
OS 2.3543968 3.2749417
OS 2.3538137 3.2736089
OS 2.3531473 3.2722761
OS 2.3523143 3.2710266
OS 2.351398 3.2697771
OS 2.3503151 3.2686109
OS 2.3502318 3.2685276
OS 2.3500652 3.268361
OS 2.349732 3.2680278
OS 2.3492322 3.2676946
OS 2.3485658 3.2671948
OS 2.3478994 3.266695
OS 2.3469831 3.2661119
OS 2.3459835 3.2656121
OS 2.3449006 3.265029
OS 2.3436511 3.2644459
OS 2.3423183 3.2639461
OS 2.3408189 3.2634463
OS 2.3392362 3.2631131
OS 2.3375702 3.2627799
OS 2.3357376 3.2626133
OS 2.3338217 3.26253
OS 2.3329054 3.26253
OS 2.3324889 3.2626133
OS 2.3319058 3.2626133
OS 2.3306563 3.2626966
OS 2.3292402 3.2628632
OS 2.3276575 3.2631964
OS 2.3259915 3.2635296
OS 2.3244088 3.2640294
OS 2.3243255 3.2640294
OS 2.3242422 3.2641127
OS 2.3237424 3.2642793
OS 2.3229927 3.2646958
OS 2.3219931 3.2651123
OS 2.3209102 3.2657787
OS 2.319744 3.2665284
OS 2.3185778 3.2674447
OS 2.3174116 3.2684443
OS 2.317245 3.2686109
OS 2.3168285 3.2691107
OS 2.3162454 3.2698604
OS 2.3154957 3.27086
OS 2.3146627 3.2721928
OS 2.3137464 3.2736922
OS 2.3129134 3.2754415
OS 2.3121637 3.2774407
OS 2.3121637 3.277524
OS 2.3120804 3.2776906
OS 2.3119971 3.2780238
OS 2.3119138 3.2784403
OS 2.3117472 3.2789401
OS 2.3115806 3.2796065
OS 2.311414 3.2803562
OS 2.3113307 3.2811892
OS 2.3111641 3.2821055
OS 2.3109975 3.2831051
OS 2.3106643 3.2853542
OS 2.3104977 3.2878532
OS 2.3104144 3.2906021
OS 2.3104144 3.2906854
OS 2.3104144 3.2909353
OS 2.3104144 3.2913518
OS 2.3104144 3.2919349
OS 2.3104977 3.2926013
OS 2.3104977 3.2934343
OS 2.310581 3.2943506
OS 2.3106643 3.2953502
OS 2.3108309 3.297516
OS 2.3110808 3.2998484
OS 2.3114973 3.3022641
OS 2.3120804 3.3045965
OS 2.3120804 3.3046798
OS 2.3121637 3.3048464
OS 2.312247 3.3051796
OS 2.3124136 3.3055961
OS 2.3125802 3.3061792
OS 2.3128301 3.3067623
OS 2.3134132 3.3082617
OS 2.3141629 3.310011
OS 2.3150792 3.3118436
OS 2.3162454 3.3136762
OS 2.3175782 3.3155088
OS 2.3176615 3.3155921
OS 2.3177448 3.3156754
OS 2.3179947 3.3159253
OS 2.3182446 3.3162585
OS 2.3190776 3.3170915
OS 2.3201605 3.3180911
OS 2.3215766 3.319174
OS 2.3232426 3.3203402
OS 2.3251585 3.3215064
OS 2.327241 3.322506
OS 2.3273243 3.322506
OS 2.3274909 3.3225893
OS 2.3278241 3.3227559
OS 2.3283239 3.3229225
OS 2.3288237 3.3230891
OS 2.3295734 3.323339
OS 2.3303231 3.3235889
OS 2.3312394 3.3238388
OS 2.332239 3.3240054
OS 2.3332386 3.3242553
OS 2.3344048 3.3245052
OS 2.3356543 3.3246718
OS 2.3384032 3.325005
OS 2.3413187 3.3250883
OS 2.3424016 3.3250883
OS 2.3431513 3.325005
OE
OB 2.2855077 3.3251716 I
OS 2.2865073 3.3251716
OS 2.2875902 3.3250883
OS 2.289756 3.3248384
OS 2.2899226 3.3248384
OS 2.2902558 3.3247551
OS 2.2908389 3.3246718
OS 2.2915886 3.3245052
OS 2.2924216 3.3243386
OS 2.2933379 3.324172
OS 2.2953371 3.3236722
OS 2.2954204 3.3236722
OS 2.2956703 3.3235889
OS 2.2960868 3.3234223
OS 2.2966699 3.3232557
OS 2.2973363 3.3230058
OS 2.298086 3.3227559
OS 2.299752 3.3220062
OS 2.2998353 3.3219229
OS 2.3001685 3.3218396
OS 2.300585 3.321673
OS 2.3011681 3.3214231
OS 2.3025009 3.32084
OS 2.3031673 3.3205068
OS 2.3037504 3.3201736
OS 2.3037504 3.3059293
OS 2.3021677 3.3059293
OS 2.3020844 3.3060126
OS 2.3020011 3.3060959
OS 2.3017512 3.3062625
OS 2.301418 3.3065957
OS 2.300585 3.3072621
OS 2.2994188 3.3081784
OS 2.2993355 3.3082617
OS 2.2991689 3.3084283
OS 2.2987524 3.3086782
OS 2.2983359 3.3090114
OS 2.2977528 3.3094279
OS 2.2971697 3.3098444
OS 2.2956703 3.310844
OS 2.295587 3.3109273
OS 2.2953371 3.3110939
OS 2.2948373 3.3112605
OS 2.2943375 3.3115937
OS 2.2935878 3.3119269
OS 2.2928381 3.3122601
OS 2.2919218 3.3126766
OS 2.2910055 3.3130098
OS 2.2909222 3.3130931
OS 2.290589 3.3131764
OS 2.2900892 3.313343
OS 2.2894228 3.3135096
OS 2.2885898 3.3136762
OS 2.2877568 3.3137595
OS 2.2867572 3.3139261
OS 2.2851745 3.3139261
OS 2.2845914 3.3138428
OS 2.2837584 3.3137595
OS 2.2828421 3.3136762
OS 2.2818425 3.3135096
OS 2.2808429 3.3131764
OS 2.27976 3.3128432
OS 2.2796767 3.3127599
OS 2.2793435 3.3126766
OS 2.2787604 3.3124267
OS 2.278094 3.3120102
OS 2.2773443 3.3115104
OS 2.276428 3.3109273
OS 2.2755117 3.3101776
OS 2.2745954 3.3092613
OS 2.2745121 3.309178
OS 2.2742622 3.3088448
OS 2.2738457 3.308345
OS 2.2732626 3.3076786
OS 2.2726795 3.3067623
OS 2.2720964 3.3056794
OS 2.2715133 3.3044299
OS 2.2709302 3.3030138
OS 2.2709302 3.3029305
OS 2.2708469 3.3028472
OS 2.2707636 3.3025973
OS 2.2706803 3.3023474
OS 2.2705137 3.3015144
OS 2.2702638 3.3004315
OS 2.2699306 3.2990154
OS 2.269764 3.2974327
OS 2.2695974 3.2956834
OS 2.2695141 3.2937675
OS 2.2695141 3.2936842
OS 2.2695141 3.2935176
OS 2.2695141 3.2932677
OS 2.2695141 3.2928512
OS 2.2695974 3.2923514
OS 2.2695974 3.2917683
OS 2.2696807 3.2905188
OS 2.2698473 3.2890194
OS 2.2700972 3.2874367
OS 2.2704304 3.285854
OS 2.2709302 3.2843546
OS 2.2710135 3.284188
OS 2.2711801 3.2836882
OS 2.2715133 3.2830218
OS 2.2720131 3.2821888
OS 2.2725129 3.2811892
OS 2.2731793 3.2801063
OS 2.2740123 3.2791067
OS 2.2748453 3.2781904
OS 2.2749286 3.2781071
OS 2.2752618 3.2778572
OS 2.2757616 3.2774407
OS 2.276428 3.2769409
OS 2.2771777 3.2764411
OS 2.278094 3.275858
OS 2.2790936 3.2753582
OS 2.2800932 3.2749417
OS 2.2802598 3.2749417
OS 2.280593 3.2747751
OS 2.2811761 3.2746085
OS 2.2819258 3.2744419
OS 2.2827588 3.2742753
OS 2.2837584 3.2741087
OS 2.284758 3.2740254
OS 2.2858409 3.2739421
OS 2.2863407 3.2739421
OS 2.2869238 3.2740254
OS 2.2876735 3.2740254
OS 2.2885065 3.274192
OS 2.2895061 3.2743586
OS 2.2905057 3.2745252
OS 2.2915053 3.2748584
OS 2.2915886 3.2749417
OS 2.2920051 3.275025
OS 2.2925049 3.2752749
OS 2.293088 3.2755248
OS 2.2938377 3.275858
OS 2.2945874 3.2761912
OS 2.2953371 3.276691
OS 2.2960868 3.2771075
OS 2.2961701 3.2771908
OS 2.29642 3.2773574
OS 2.2968365 3.2776073
OS 2.2973363 3.2778572
OS 2.2985025 3.2786902
OS 2.2996687 3.2796065
OS 2.299752 3.2796898
OS 2.2999186 3.2798564
OS 2.3001685 3.280023
OS 2.300585 3.2803562
OS 2.301418 3.2811059
OS 2.3023343 3.2819389
OS 2.3037504 3.2819389
OS 2.3037504 3.2677779
OS 2.3036671 3.2677779
OS 2.3034172 3.2676113
OS 2.303084 3.2674447
OS 2.3026675 3.2672781
OS 2.3020844 3.2669449
OS 2.301418 3.266695
OS 2.2998353 3.2659453
OS 2.299752 3.2659453
OS 2.2995021 3.2657787
OS 2.2990023 3.2656121
OS 2.2985025 3.2653622
OS 2.2978361 3.2651123
OS 2.2970864 3.2648624
OS 2.2954204 3.2642793
OS 2.2953371 3.2642793
OS 2.2949206 3.264196
OS 2.2944208 3.2640294
OS 2.2936711 3.2638628
OS 2.2928381 3.2636962
OS 2.2920051 3.2634463
OS 2.2900892 3.2631131
OS 2.2900059 3.2631131
OS 2.2896727 3.2630298
OS 2.2890896 3.2629465
OS 2.2883399 3.2628632
OS 2.2874236 3.2627799
OS 2.2862574 3.2626966
OS 2.2848413 3.2626133
OS 2.2827588 3.2626133
OS 2.2820091 3.2626966
OS 2.2810928 3.2627799
OS 2.2799266 3.2628632
OS 2.2785938 3.2630298
OS 2.2771777 3.2632797
OS 2.275595 3.2636129
OS 2.2738457 3.2640294
OS 2.2720964 3.2646125
OS 2.2703471 3.2652789
OS 2.2685145 3.2660286
OS 2.2667652 3.2670282
OS 2.2650159 3.2681111
OS 2.2634332 3.2693606
OS 2.2618505 3.2707767
OS 2.2617672 3.27086
OS 2.2615173 3.2711932
OS 2.2611008 3.2716097
OS 2.260601 3.2722761
OS 2.2600179 3.2731091
OS 2.2593515 3.2741087
OS 2.2586018 3.2753582
OS 2.2579354 3.276691
OS 2.2571857 3.2782737
OS 2.256436 3.280023
OS 2.2557696 3.2818556
OS 2.2551865 3.2839381
OS 2.2546867 3.2861872
OS 2.2542702 3.2886029
OS 2.2540203 3.2911019
OS 2.253937 3.2938508
OS 2.253937 3.2939341
OS 2.253937 3.2940174
OS 2.253937 3.2945172
OS 2.2540203 3.2952669
OS 2.2541036 3.2962665
OS 2.2541869 3.2974327
OS 2.2543535 3.2988488
OS 2.2546034 3.3004315
OS 2.2549366 3.3020975
OS 2.2553531 3.3038468
OS 2.2558529 3.3057627
OS 2.2565193 3.3075953
OS 2.257269 3.3095112
OS 2.2581853 3.3114271
OS 2.2592682 3.3132597
OS 2.2604344 3.315009
OS 2.2618505 3.316675
OS 2.2619338 3.3167583
OS 2.2621837 3.3170082
OS 2.2626835 3.317508
OS 2.2633499 3.3180078
OS 2.2640996 3.3186742
OS 2.2650992 3.3194239
OS 2.2662654 3.3201736
OS 2.2675149 3.3210066
OS 2.2690143 3.3217563
OS 2.270597 3.322506
OS 2.2723463 3.3232557
OS 2.2742622 3.3239221
OS 2.2763447 3.3245052
OS 2.2785105 3.3249217
OS 2.2808429 3.3251716
OS 2.2833419 3.3252549
OS 2.2845914 3.3252549
OS 2.2855077 3.3251716
OE
OB 2.3318225 3.293351 H
OS 2.3312394 3.293351
OS 2.3308229 3.2932677
OS 2.3298233 3.2931844
OS 2.3285738 3.2929345
OS 2.3284905 3.2929345
OS 2.3283239 3.2928512
OS 2.3279907 3.2927679
OS 2.3275742 3.2926846
OS 2.3265746 3.2923514
OS 2.3254084 3.2919349
OS 2.3254084 3.2918516
OS 2.3254084 3.2916017
OS 2.3254084 3.2911852
OS 2.3254084 3.2905188
OS 2.3254084 3.2903522
OS 2.3254084 3.2898524
OS 2.3254084 3.289186
OS 2.3254084 3.2881864
OS 2.3254084 3.2881031
OS 2.3254084 3.2879365
OS 2.3254084 3.2876866
OS 2.3254084 3.2873534
OS 2.3254917 3.2863538
OS 2.3254917 3.2851876
OS 2.325575 3.2838548
OS 2.3257416 3.282522
OS 2.3259915 3.2811059
OS 2.3262414 3.2798564
OS 2.3263247 3.2796898
OS 2.326408 3.2793566
OS 2.3265746 3.2787735
OS 2.3269078 3.2781071
OS 2.3275742 3.2766077
OS 2.328074 3.275858
OS 2.3285738 3.2751916
OS 2.3286571 3.2751083
OS 2.3287404 3.2749417
OS 2.3292402 3.2744419
OS 2.3299899 3.2738588
OS 2.3309062 3.2732757
OS 2.3309895 3.2732757
OS 2.3311561 3.2731924
OS 2.331406 3.2731091
OS 2.3318225 3.2730258
OS 2.3327388 3.2728592
OS 2.3338217 3.2727759
OS 2.3342382 3.2727759
OS 2.3345714 3.2728592
OS 2.3354044 3.2730258
OS 2.336404 3.273359
OS 2.3364873 3.273359
OS 2.3366539 3.2734423
OS 2.3369038 3.2736089
OS 2.337237 3.2737755
OS 2.3379867 3.2743586
OS 2.3388197 3.2751916
OS 2.338903 3.2752749
OS 2.3389863 3.2754415
OS 2.3392362 3.2756914
OS 2.3394861 3.2761079
OS 2.3400692 3.2771075
OS 2.340569 3.2782737
OS 2.340569 3.278357
OS 2.3406523 3.2786069
OS 2.3408189 3.2790234
OS 2.3409022 3.2796065
OS 2.3410688 3.2803562
OS 2.3411521 3.2811892
OS 2.3412354 3.2822721
OS 2.3412354 3.2835216
OS 2.3412354 3.2836882
OS 2.3412354 3.2840214
OS 2.3412354 3.2845212
OS 2.3411521 3.2851876
OS 2.3410688 3.2859373
OS 2.3409022 3.2867703
OS 2.3407356 3.28752
OS 2.3404857 3.2882697
OS 2.3404857 3.288353
OS 2.3403191 3.2886029
OS 2.3401525 3.2889361
OS 2.3399859 3.2893526
OS 2.3393195 3.2903522
OS 2.3384032 3.2913518
OS 2.3383199 3.2914351
OS 2.3381533 3.2915184
OS 2.3379034 3.291685
OS 2.3375702 3.2919349
OS 2.3365706 3.2924347
OS 2.3354044 3.2928512
OS 2.3353211 3.2928512
OS 2.3351545 3.2929345
OS 2.334738 3.2930178
OS 2.3343215 3.2931011
OS 2.3338217 3.2931844
OS 2.3331553 3.2932677
OS 2.3318225 3.293351
OE
SE
S P 0
OB 2.4816832 3.8861585 I
OS 2.4560268 3.8861585
OS 2.4560268 3.8760792
OS 2.4565266 3.8760792
OS 2.4568598 3.8761625
OS 2.4576928 3.8761625
OS 2.458859 3.8762458
OS 2.4594421 3.8762458
OS 2.4598586 3.8763291
OS 2.4622743 3.8763291
OS 2.4631073 3.8762458
OS 2.4641902 3.8762458
OS 2.4653564 3.8760792
OS 2.4666892 3.8759126
OS 2.4681053 3.875746
OS 2.4695214 3.8754128
OS 2.469688 3.8754128
OS 2.4701045 3.8752462
OS 2.4708542 3.8750796
OS 2.4716872 3.8747464
OS 2.4726868 3.8744132
OS 2.473853 3.8739134
OS 2.4749359 3.8734136
OS 2.4760188 3.8727472
OS 2.4761854 3.8726639
OS 2.4766019 3.8723307
OS 2.4772683 3.8718309
OS 2.478018 3.8711645
OS 2.478851 3.8703315
OS 2.4797673 3.8692486
OS 2.4806836 3.8680824
OS 2.4814333 3.8667496
OS 2.4815166 3.866583
OS 2.4817665 3.8660832
OS 2.4820164 3.8652502
OS 2.4824329 3.8641673
OS 2.4827661 3.8628345
OS 2.483016 3.8613351
OS 2.4832659 3.8595025
OS 2.4833492 3.8575866
OS 2.4833492 3.8575033
OS 2.4833492 3.85742
OS 2.4833492 3.8571701
OS 2.4833492 3.8568369
OS 2.4832659 3.8559206
OS 2.4831826 3.8547544
OS 2.4829327 3.8534216
OS 2.4826828 3.8520055
OS 2.4822663 3.8504228
OS 2.4816832 3.8489234
OS 2.4816832 3.8488401
OS 2.4815999 3.8487568
OS 2.48135 3.848257
OS 2.4810168 3.8475073
OS 2.480517 3.846591
OS 2.4798506 3.8455081
OS 2.4790176 3.8443419
OS 2.478018 3.8431757
OS 2.4769351 3.8420095
OS 2.4767685 3.8418429
OS 2.476352 3.8415097
OS 2.4756856 3.8410099
OS 2.4747693 3.8403435
OS 2.4736864 3.8395938
OS 2.4724369 3.8388441
OS 2.4709375 3.8381777
OS 2.4693548 3.8375113
OS 2.4692715 3.8375113
OS 2.4691882 3.837428
OS 2.4689383 3.8373447
OS 2.4686051 3.8372614
OS 2.4681886 3.8371781
OS 2.4676888 3.8370115
OS 2.4664393 3.8367616
OS 2.4648566 3.8365117
OS 2.463024 3.8362618
OS 2.4609415 3.8360952
OS 2.4586924 3.8360119
OS 2.4576095 3.8360119
OS 2.4570264 3.8360952
OS 2.45636 3.8360952
OS 2.4547773 3.8361785
OS 2.4529447 3.8363451
OS 2.4510288 3.8365117
OS 2.4490296 3.8368449
OS 2.4471137 3.8371781
OS 2.4470304 3.8371781
OS 2.4468638 3.8372614
OS 2.4466139 3.8372614
OS 2.4462807 3.8373447
OS 2.4454477 3.8375946
OS 2.4442815 3.8379278
OS 2.443032 3.838261
OS 2.4416992 3.8386775
OS 2.4404497 3.839094
OS 2.4392002 3.8395938
OS 2.4392002 3.8527552
OS 2.4406163 3.8527552
OS 2.4406996 3.8526719
OS 2.4409495 3.8525053
OS 2.4412827 3.8523387
OS 2.4421157 3.8518389
OS 2.4431153 3.8512558
OS 2.4431986 3.8512558
OS 2.4433652 3.8510892
OS 2.4436984 3.8509226
OS 2.4441149 3.850756
OS 2.4446147 3.8505061
OS 2.4452811 3.8501729
OS 2.4459475 3.8498397
OS 2.4467805 3.8495065
OS 2.4468638 3.8495065
OS 2.447197 3.8493399
OS 2.4476135 3.8491733
OS 2.4481133 3.8490067
OS 2.4487797 3.8487568
OS 2.4495294 3.8485902
OS 2.4511121 3.8480904
OS 2.4511954 3.8480904
OS 2.4515286 3.8480071
OS 2.4519451 3.8479238
OS 2.4526115 3.8478405
OS 2.4533612 3.8477572
OS 2.4541942 3.8476739
OS 2.4551105 3.8475906
OS 2.4570264 3.8475906
OS 2.4576095 3.8476739
OS 2.4583592 3.8477572
OS 2.4591922 3.8478405
OS 2.4611081 3.8481737
OS 2.4611914 3.8481737
OS 2.4616079 3.848257
OS 2.4621077 3.8484236
OS 2.4626908 3.8486735
OS 2.4641069 3.8493399
OS 2.4648566 3.8497564
OS 2.465523 3.8502562
OS 2.4656063 3.8503395
OS 2.4657729 3.8505061
OS 2.4659395 3.850756
OS 2.4662727 3.8510892
OS 2.4668558 3.8519222
OS 2.4674389 3.8530051
OS 2.4674389 3.8530884
OS 2.4675222 3.853255
OS 2.4676888 3.8535882
OS 2.4678554 3.854088
OS 2.4679387 3.8546711
OS 2.4681053 3.8553375
OS 2.4681886 3.8560872
OS 2.4681886 3.8570035
OS 2.4681886 3.8570868
OS 2.4681886 3.8573367
OS 2.4681053 3.8577532
OS 2.4681053 3.858253
OS 2.4677721 3.8595025
OS 2.4676055 3.8600856
OS 2.4672723 3.8606687
OS 2.4672723 3.860752
OS 2.4671057 3.8609186
OS 2.4669391 3.8611685
OS 2.4666892 3.861585
OS 2.4659395 3.8623347
OS 2.4650232 3.8631677
OS 2.4649399 3.863251
OS 2.46469 3.8634176
OS 2.4641902 3.8635842
OS 2.4636071 3.8639174
OS 2.4628574 3.8641673
OS 2.4620244 3.8645005
OS 2.4611081 3.8647504
OS 2.4600252 3.864917
OS 2.4598586 3.864917
OS 2.4595254 3.8650003
OS 2.4590256 3.8650836
OS 2.4582759 3.8651669
OS 2.4575262 3.8651669
OS 2.4566932 3.8652502
OS 2.4549439 3.8653335
OS 2.4536944 3.8653335
OS 2.4528614 3.8652502
OS 2.4518618 3.8651669
OS 2.4507789 3.8650836
OS 2.4484465 3.8647504
OS 2.4482799 3.8647504
OS 2.4479467 3.8646671
OS 2.4473636 3.8645838
OS 2.4466139 3.8644172
OS 2.4457809 3.8642506
OS 2.4448646 3.864084
OS 2.443032 3.8636675
OS 2.4417825 3.8636675
OS 2.4417825 3.8974873
OS 2.4816832 3.8974873
OS 2.4816832 3.8861585
OE
OB 2.4134605 3.8986535 I
OS 2.4144601 3.8986535
OS 2.415543 3.8985702
OS 2.4177088 3.8983203
OS 2.4178754 3.8983203
OS 2.4182086 3.898237
OS 2.4187917 3.8981537
OS 2.4195414 3.8979871
OS 2.4203744 3.8978205
OS 2.4212907 3.8976539
OS 2.4232899 3.8971541
OS 2.4233732 3.8971541
OS 2.4236231 3.8970708
OS 2.4240396 3.8969042
OS 2.4246227 3.8967376
OS 2.4252891 3.8964877
OS 2.4260388 3.8962378
OS 2.4277048 3.8954881
OS 2.4277881 3.8954048
OS 2.4281213 3.8953215
OS 2.4285378 3.8951549
OS 2.4291209 3.894905
OS 2.4304537 3.8943219
OS 2.4311201 3.8939887
OS 2.4317032 3.8936555
OS 2.4317032 3.8794112
OS 2.4301205 3.8794112
OS 2.4300372 3.8794945
OS 2.4299539 3.8795778
OS 2.429704 3.8797444
OS 2.4293708 3.8800776
OS 2.4285378 3.880744
OS 2.4273716 3.8816603
OS 2.4272883 3.8817436
OS 2.4271217 3.8819102
OS 2.4267052 3.8821601
OS 2.4262887 3.8824933
OS 2.4257056 3.8829098
OS 2.4251225 3.8833263
OS 2.4236231 3.8843259
OS 2.4235398 3.8844092
OS 2.4232899 3.8845758
OS 2.4227901 3.8847424
OS 2.4222903 3.8850756
OS 2.4215406 3.8854088
OS 2.4207909 3.885742
OS 2.4198746 3.8861585
OS 2.4189583 3.8864917
OS 2.418875 3.886575
OS 2.4185418 3.8866583
OS 2.418042 3.8868249
OS 2.4173756 3.8869915
OS 2.4165426 3.8871581
OS 2.4157096 3.8872414
OS 2.41471 3.887408
OS 2.4131273 3.887408
OS 2.4125442 3.8873247
OS 2.4117112 3.8872414
OS 2.4107949 3.8871581
OS 2.4097953 3.8869915
OS 2.4087957 3.8866583
OS 2.4077128 3.8863251
OS 2.4076295 3.8862418
OS 2.4072963 3.8861585
OS 2.4067132 3.8859086
OS 2.4060468 3.8854921
OS 2.4052971 3.8849923
OS 2.4043808 3.8844092
OS 2.4034645 3.8836595
OS 2.4025482 3.8827432
OS 2.4024649 3.8826599
OS 2.402215 3.8823267
OS 2.4017985 3.8818269
OS 2.4012154 3.8811605
OS 2.4006323 3.8802442
OS 2.4000492 3.8791613
OS 2.3994661 3.8779118
OS 2.398883 3.8764957
OS 2.398883 3.8764124
OS 2.3987997 3.8763291
OS 2.3987164 3.8760792
OS 2.3986331 3.8758293
OS 2.3984665 3.8749963
OS 2.3982166 3.8739134
OS 2.3978834 3.8724973
OS 2.3977168 3.8709146
OS 2.3975502 3.8691653
OS 2.3974669 3.8672494
OS 2.3974669 3.8671661
OS 2.3974669 3.8669995
OS 2.3974669 3.8667496
OS 2.3974669 3.8663331
OS 2.3975502 3.8658333
OS 2.3975502 3.8652502
OS 2.3976335 3.8640007
OS 2.3978001 3.8625013
OS 2.39805 3.8609186
OS 2.3983832 3.8593359
OS 2.398883 3.8578365
OS 2.3989663 3.8576699
OS 2.3991329 3.8571701
OS 2.3994661 3.8565037
OS 2.3999659 3.8556707
OS 2.4004657 3.8546711
OS 2.4011321 3.8535882
OS 2.4019651 3.8525886
OS 2.4027981 3.8516723
OS 2.4028814 3.851589
OS 2.4032146 3.8513391
OS 2.4037144 3.8509226
OS 2.4043808 3.8504228
OS 2.4051305 3.849923
OS 2.4060468 3.8493399
OS 2.4070464 3.8488401
OS 2.408046 3.8484236
OS 2.4082126 3.8484236
OS 2.4085458 3.848257
OS 2.4091289 3.8480904
OS 2.4098786 3.8479238
OS 2.4107116 3.8477572
OS 2.4117112 3.8475906
OS 2.4127108 3.8475073
OS 2.4137937 3.847424
OS 2.4142935 3.847424
OS 2.4148766 3.8475073
OS 2.4156263 3.8475073
OS 2.4164593 3.8476739
OS 2.4174589 3.8478405
OS 2.4184585 3.8480071
OS 2.4194581 3.8483403
OS 2.4195414 3.8484236
OS 2.4199579 3.8485069
OS 2.4204577 3.8487568
OS 2.4210408 3.8490067
OS 2.4217905 3.8493399
OS 2.4225402 3.8496731
OS 2.4232899 3.8501729
OS 2.4240396 3.8505894
OS 2.4241229 3.8506727
OS 2.4243728 3.8508393
OS 2.4247893 3.8510892
OS 2.4252891 3.8513391
OS 2.4264553 3.8521721
OS 2.4276215 3.8530884
OS 2.4277048 3.8531717
OS 2.4278714 3.8533383
OS 2.4281213 3.8535049
OS 2.4285378 3.8538381
OS 2.4293708 3.8545878
OS 2.4302871 3.8554208
OS 2.4317032 3.8554208
OS 2.4317032 3.8412598
OS 2.4316199 3.8412598
OS 2.43137 3.8410932
OS 2.4310368 3.8409266
OS 2.4306203 3.84076
OS 2.4300372 3.8404268
OS 2.4293708 3.8401769
OS 2.4277881 3.8394272
OS 2.4277048 3.8394272
OS 2.4274549 3.8392606
OS 2.4269551 3.839094
OS 2.4264553 3.8388441
OS 2.4257889 3.8385942
OS 2.4250392 3.8383443
OS 2.4233732 3.8377612
OS 2.4232899 3.8377612
OS 2.4228734 3.8376779
OS 2.4223736 3.8375113
OS 2.4216239 3.8373447
OS 2.4207909 3.8371781
OS 2.4199579 3.8369282
OS 2.418042 3.836595
OS 2.4179587 3.836595
OS 2.4176255 3.8365117
OS 2.4170424 3.8364284
OS 2.4162927 3.8363451
OS 2.4153764 3.8362618
OS 2.4142102 3.8361785
OS 2.4127941 3.8360952
OS 2.4107116 3.8360952
OS 2.4099619 3.8361785
OS 2.4090456 3.8362618
OS 2.4078794 3.8363451
OS 2.4065466 3.8365117
OS 2.4051305 3.8367616
OS 2.4035478 3.8370948
OS 2.4017985 3.8375113
OS 2.4000492 3.8380944
OS 2.3982999 3.8387608
OS 2.3964673 3.8395105
OS 2.394718 3.8405101
OS 2.3929687 3.841593
OS 2.391386 3.8428425
OS 2.3898033 3.8442586
OS 2.38972 3.8443419
OS 2.3894701 3.8446751
OS 2.3890536 3.8450916
OS 2.3885538 3.845758
OS 2.3879707 3.846591
OS 2.3873043 3.8475906
OS 2.3865546 3.8488401
OS 2.3858882 3.8501729
OS 2.3851385 3.8517556
OS 2.3843888 3.8535049
OS 2.3837224 3.8553375
OS 2.3831393 3.85742
OS 2.3826395 3.8596691
OS 2.382223 3.8620848
OS 2.3819731 3.8645838
OS 2.3818898 3.8673327
OS 2.3818898 3.867416
OS 2.3818898 3.8674993
OS 2.3818898 3.8679991
OS 2.3819731 3.8687488
OS 2.3820564 3.8697484
OS 2.3821397 3.8709146
OS 2.3823063 3.8723307
OS 2.3825562 3.8739134
OS 2.3828894 3.8755794
OS 2.3833059 3.8773287
OS 2.3838057 3.8792446
OS 2.3844721 3.8810772
OS 2.3852218 3.8829931
OS 2.3861381 3.884909
OS 2.387221 3.8867416
OS 2.3883872 3.8884909
OS 2.3898033 3.8901569
OS 2.3898866 3.8902402
OS 2.3901365 3.8904901
OS 2.3906363 3.8909899
OS 2.3913027 3.8914897
OS 2.3920524 3.8921561
OS 2.393052 3.8929058
OS 2.3942182 3.8936555
OS 2.3954677 3.8944885
OS 2.3969671 3.8952382
OS 2.3985498 3.8959879
OS 2.4002991 3.8967376
OS 2.402215 3.897404
OS 2.4042975 3.8979871
OS 2.4064633 3.8984036
OS 2.4087957 3.8986535
OS 2.4112947 3.8987368
OS 2.4125442 3.8987368
OS 2.4134605 3.8986535
OE
SE
S P 0
OB 2.5833833 3.7326519 I
OS 2.5846328 3.7326519
OS 2.5861322 3.7324853
OS 2.5877149 3.7323187
OS 2.5892976 3.7320688
OS 2.590797 3.7317356
OS 2.5909636 3.7317356
OS 2.5914634 3.731569
OS 2.5922131 3.7313191
OS 2.5931294 3.7310692
OS 2.594129 3.7306527
OS 2.5952952 3.7302362
OS 2.5964614 3.7296531
OS 2.5975443 3.72907
OS 2.5977109 3.7289867
OS 2.5980441 3.7287368
OS 2.5986272 3.7283203
OS 2.5992936 3.7277372
OS 2.6000433 3.7270708
OS 2.600793 3.7262378
OS 2.6015427 3.7253215
OS 2.6021258 3.7242386
OS 2.6022091 3.724072
OS 2.6023757 3.7237388
OS 2.6026256 3.7231557
OS 2.6029588 3.7223227
OS 2.6032087 3.7213231
OS 2.6034586 3.7202402
OS 2.6036252 3.7189907
OS 2.6037085 3.7176579
OS 2.6037085 3.7175746
OS 2.6037085 3.717408
OS 2.6037085 3.7171581
OS 2.6036252 3.7168249
OS 2.6035419 3.7158253
OS 2.6033753 3.7145758
OS 2.6029588 3.7131597
OS 2.602459 3.7116603
OS 2.6017093 3.7101609
OS 2.6007097 3.7086615
OS 2.6005431 3.7084949
OS 2.6002099 3.7080784
OS 2.5995435 3.707412
OS 2.5986272 3.706579
OS 2.597461 3.705746
OS 2.5961282 3.704913
OS 2.5946288 3.7042466
OS 2.5928795 3.7036635
OS 2.5928795 3.7030804
OS 2.5929628 3.7030804
OS 2.5932127 3.7029971
OS 2.5937125 3.7029138
OS 2.5942123 3.7028305
OS 2.5948787 3.7026639
OS 2.5955451 3.7024973
OS 2.5970445 3.7019975
OS 2.5971278 3.7019975
OS 2.5973777 3.7018309
OS 2.5977942 3.7016643
OS 2.598294 3.7014144
OS 2.5989604 3.7010812
OS 2.5996268 3.7006647
OS 2.6002932 3.7000816
OS 2.6010429 3.6994985
OS 2.6011262 3.6994152
OS 2.6013761 3.6992486
OS 2.6017093 3.6988321
OS 2.6021258 3.6984156
OS 2.6025423 3.6978325
OS 2.6031254 3.6970828
OS 2.6035419 3.6963331
OS 2.6040417 3.6954168
OS 2.604125 3.6953335
OS 2.6042083 3.6950003
OS 2.6044582 3.6944172
OS 2.6047081 3.6937508
OS 2.6048747 3.6929178
OS 2.6051246 3.6918349
OS 2.6052079 3.690752
OS 2.6052912 3.6895025
OS 2.6052912 3.6894192
OS 2.6052912 3.6893359
OS 2.6052912 3.689086
OS 2.6052912 3.6887528
OS 2.6052079 3.6879198
OS 2.6051246 3.6868369
OS 2.6048747 3.6855874
OS 2.6046248 3.6842546
OS 2.6042083 3.6828385
OS 2.6036252 3.6814224
OS 2.6035419 3.6812558
OS 2.603292 3.6808393
OS 2.6029588 3.6801729
OS 2.6023757 3.6792566
OS 2.6017093 3.6783403
OS 2.6008763 3.6772574
OS 2.5998767 3.6762578
OS 2.5987938 3.6752582
OS 2.5986272 3.6751749
OS 2.5982107 3.6748417
OS 2.5975443 3.6743419
OS 2.5967113 3.6738421
OS 2.5955451 3.6731757
OS 2.5942956 3.6725093
OS 2.5928795 3.6719262
OS 2.5912968 3.6713431
OS 2.5912135 3.6713431
OS 2.5911302 3.6712598
OS 2.5908803 3.6712598
OS 2.5905471 3.6711765
OS 2.5901306 3.6710099
OS 2.5896308 3.6709266
OS 2.5883813 3.6706767
OS 2.5868819 3.6704268
OS 2.5851326 3.6702602
OS 2.5831334 3.6700936
OS 2.5808843 3.6700103
OS 2.5790517 3.6700103
OS 2.5783853 3.6700936
OS 2.5775523 3.6700936
OS 2.5767193 3.6701769
OS 2.5748034 3.6702602
OS 2.5728042 3.6705101
OS 2.5707217 3.67076
OS 2.5687225 3.6711765
OS 2.5686392 3.6711765
OS 2.5684726 3.6712598
OS 2.5682227 3.6712598
OS 2.5678895 3.6713431
OS 2.5669732 3.671593
OS 2.565807 3.6719262
OS 2.5645575 3.6723427
OS 2.5632247 3.6727592
OS 2.5618919 3.673259
OS 2.5606424 3.6737588
OS 2.5606424 3.6868369
OS 2.5620585 3.6868369
OS 2.5622251 3.6867536
OS 2.5626416 3.6865037
OS 2.563308 3.6860872
OS 2.5643076 3.6855874
OS 2.5653905 3.6850043
OS 2.5667233 3.6843379
OS 2.5682227 3.6836715
OS 2.5698054 3.6830884
OS 2.5698887 3.6830884
OS 2.569972 3.6830051
OS 2.5702219 3.6829218
OS 2.5705551 3.6828385
OS 2.5713881 3.6825886
OS 2.5725543 3.6823387
OS 2.5738038 3.6820888
OS 2.5751366 3.6818389
OS 2.5765527 3.6816723
OS 2.5779688 3.681589
OS 2.5788018 3.681589
OS 2.5793849 3.6816723
OS 2.5801346 3.6816723
OS 2.5808843 3.6817556
OS 2.5827169 3.6819222
OS 2.5828002 3.6819222
OS 2.5831334 3.6820055
OS 2.5836332 3.6820888
OS 2.5842163 3.6823387
OS 2.5856324 3.6828385
OS 2.5863821 3.683255
OS 2.5870485 3.6836715
OS 2.5871318 3.6837548
OS 2.5872984 3.6838381
OS 2.5875483 3.684088
OS 2.5878815 3.6843379
OS 2.5886312 3.6851709
OS 2.5892976 3.6861705
OS 2.5892976 3.6862538
OS 2.5894642 3.6864204
OS 2.5895475 3.6867536
OS 2.5897141 3.6872534
OS 2.5898807 3.6878365
OS 2.589964 3.6885862
OS 2.5901306 3.6894192
OS 2.5901306 3.6904188
OS 2.5901306 3.6905021
OS 2.5901306 3.6908353
OS 2.5900473 3.6913351
OS 2.589964 3.6919182
OS 2.5897974 3.6925846
OS 2.5896308 3.693251
OS 2.5892976 3.6939174
OS 2.5888811 3.6945005
OS 2.5887978 3.6945838
OS 2.5886312 3.6947504
OS 2.5883813 3.6950003
OS 2.5880481 3.6953335
OS 2.5876316 3.6956667
OS 2.5871318 3.6960832
OS 2.585799 3.6966663
OS 2.5857157 3.6966663
OS 2.5854658 3.6967496
OS 2.5850493 3.6969162
OS 2.5844662 3.6970828
OS 2.5837998 3.6971661
OS 2.5830501 3.6973327
OS 2.5821338 3.697416
OS 2.5811342 3.6974993
OS 2.5801346 3.6974993
OS 2.5795515 3.6975826
OS 2.5738038 3.6975826
OS 2.5738038 3.7080784
OS 2.5778022 3.7080784
OS 2.5785519 3.7081617
OS 2.5793849 3.7081617
OS 2.5811342 3.708245
OS 2.5812175 3.708245
OS 2.5815507 3.7083283
OS 2.5819672 3.7083283
OS 2.582467 3.7084949
OS 2.5837998 3.7087448
OS 2.5850493 3.7092446
OS 2.5851326 3.7092446
OS 2.5852992 3.7094112
OS 2.5856324 3.7095778
OS 2.5859656 3.7098277
OS 2.5868819 3.7104108
OS 2.5876316 3.7113271
OS 2.5877149 3.7114104
OS 2.5877982 3.711577
OS 2.5879648 3.7119102
OS 2.5881314 3.7123267
OS 2.588298 3.7129098
OS 2.5883813 3.7135762
OS 2.5885479 3.7143259
OS 2.5885479 3.7151589
OS 2.5885479 3.7152422
OS 2.5885479 3.7154921
OS 2.5884646 3.715742
OS 2.5884646 3.7161585
OS 2.5881314 3.7171581
OS 2.5879648 3.7176579
OS 2.5876316 3.7180744
OS 2.5876316 3.7181577
OS 2.587465 3.718241
OS 2.5870485 3.7187408
OS 2.5863821 3.7193239
OS 2.5855491 3.719907
OS 2.5854658 3.719907
OS 2.5852992 3.7199903
OS 2.584966 3.7201569
OS 2.5846328 3.7203235
OS 2.584133 3.7204901
OS 2.5835499 3.7206567
OS 2.5821338 3.7209066
OS 2.5820505 3.7209066
OS 2.5818006 3.7209899
OS 2.5814674 3.7209899
OS 2.5810509 3.7210732
OS 2.579968 3.7211565
OS 2.5780521 3.7211565
OS 2.577469 3.7210732
OS 2.5768026 3.7209899
OS 2.5759696 3.7209066
OS 2.5743036 3.7205734
OS 2.5742203 3.7205734
OS 2.5738871 3.7204901
OS 2.5734706 3.7204068
OS 2.5728875 3.7202402
OS 2.5722211 3.7199903
OS 2.5714714 3.7198237
OS 2.5698887 3.7192406
OS 2.5698054 3.7192406
OS 2.5696388 3.7191573
OS 2.5692223 3.7189907
OS 2.5688058 3.7188241
OS 2.568306 3.7185742
OS 2.5676396 3.718241
OS 2.5663068 3.7175746
OS 2.5662235 3.7175746
OS 2.5659736 3.717408
OS 2.5657237 3.7172414
OS 2.5653072 3.7169915
OS 2.5643909 3.7164917
OS 2.5639744 3.7163251
OS 2.5636412 3.7160752
OS 2.5623917 3.7160752
OS 2.5623917 3.7289034
OS 2.5625583 3.7289867
OS 2.5629748 3.7291533
OS 2.5636412 3.7294032
OS 2.5645575 3.7297364
OS 2.565807 3.7301529
OS 2.5672231 3.7305694
OS 2.5688891 3.7309859
OS 2.5707217 3.7314857
OS 2.570805 3.7314857
OS 2.5709716 3.731569
OS 2.5712215 3.731569
OS 2.571638 3.7316523
OS 2.5721378 3.7318189
OS 2.5726376 3.7319022
OS 2.5740537 3.7321521
OS 2.5756364 3.7323187
OS 2.577469 3.7325686
OS 2.5794682 3.7326519
OS 2.5814674 3.7327352
OS 2.5828835 3.7327352
OS 2.5833833 3.7326519
OE
OB 2.521658 3.7314024 I
OS 2.522491 3.7314024
OS 2.5243236 3.7313191
OS 2.5263228 3.7311525
OS 2.5284053 3.7309026
OS 2.5304878 3.7306527
OS 2.5307377 3.7306527
OS 2.5310709 3.7305694
OS 2.5314041 3.7304861
OS 2.5319039 3.7304028
OS 2.532487 3.7302362
OS 2.5339031 3.7298197
OS 2.5354858 3.7293199
OS 2.5372351 3.7286535
OS 2.5390677 3.7278205
OS 2.5409003 3.7267376
OS 2.5409836 3.7266543
OS 2.5411502 3.726571
OS 2.5414834 3.7263211
OS 2.5418999 3.7260712
OS 2.5423997 3.7256547
OS 2.5429828 3.7251549
OS 2.5443156 3.7239887
OS 2.545815 3.7225726
OS 2.5473144 3.72074
OS 2.5488138 3.7187408
OS 2.5502299 3.7164084
OS 2.5503132 3.7163251
OS 2.5503965 3.7161585
OS 2.5505631 3.715742
OS 2.550813 3.7152422
OS 2.5510629 3.7146591
OS 2.5513128 3.7139094
OS 2.551646 3.7130764
OS 2.5519792 3.7120768
OS 2.5523124 3.7110772
OS 2.5526456 3.709911
OS 2.5528955 3.7086615
OS 2.5531454 3.7073287
OS 2.5535619 3.7044132
OS 2.5537285 3.7012478
OS 2.5537285 3.7011645
OS 2.5537285 3.7009146
OS 2.5537285 3.7004148
OS 2.5536452 3.6998317
OS 2.5536452 3.699082
OS 2.5535619 3.698249
OS 2.5533953 3.6972494
OS 2.5532287 3.6962498
OS 2.5528122 3.6938341
OS 2.5521458 3.6913351
OS 2.5512295 3.6887528
OS 2.5506464 3.68742
OS 2.54998 3.6861705
OS 2.54998 3.6860872
OS 2.5498134 3.6859206
OS 2.5496468 3.6855041
OS 2.5493136 3.6850876
OS 2.5489804 3.6845045
OS 2.5485639 3.6839214
OS 2.547481 3.682422
OS 2.5461482 3.6808393
OS 2.5445655 3.67909
OS 2.5427329 3.6775073
OS 2.5407337 3.6760079
OS 2.5406504 3.6760079
OS 2.5404838 3.6758413
OS 2.5402339 3.675758
OS 2.5399007 3.6755081
OS 2.5394842 3.6752582
OS 2.5389844 3.6750083
OS 2.5377349 3.6743419
OS 2.5361522 3.6736755
OS 2.5344862 3.6730924
OS 2.5325703 3.6725093
OS 2.5304878 3.6720928
OS 2.5302379 3.6720928
OS 2.5299047 3.6720095
OS 2.5295715 3.6719262
OS 2.5289884 3.6719262
OS 2.5284053 3.6718429
OS 2.5277389 3.6717596
OS 2.5269892 3.6716763
OS 2.5252399 3.6715097
OS 2.5232407 3.6714264
OS 2.5210749 3.6712598
OS 2.5 3.6712598
OS 2.5 3.7314857
OS 2.5209916 3.7314857
OS 2.521658 3.7314024
OE
OB 2.5186592 3.7202402 H
OS 2.5151606 3.7202402
OS 2.5151606 3.6825886
OS 2.5184093 3.6825886
OS 2.5197421 3.6826719
OS 2.5225743 3.6826719
OS 2.5239071 3.6827552
OS 2.5240737 3.6827552
OS 2.5244902 3.6828385
OS 2.5251566 3.6829218
OS 2.5260729 3.6830884
OS 2.5270725 3.6833383
OS 2.5282387 3.6837548
OS 2.5294049 3.6842546
OS 2.5305711 3.684921
OS 2.5306544 3.684921
OS 2.5307377 3.6850043
OS 2.5311542 3.6853375
OS 2.5318206 3.6858373
OS 2.5326536 3.686587
OS 2.5335699 3.6875033
OS 2.5344862 3.6885862
OS 2.5354025 3.689919
OS 2.5361522 3.6913351
OS 2.5361522 3.6914184
OS 2.5362355 3.6915017
OS 2.5363188 3.6917516
OS 2.5364854 3.6920848
OS 2.536652 3.6925013
OS 2.5368186 3.6930011
OS 2.5371518 3.6941673
OS 2.537485 3.6956667
OS 2.5378182 3.6973327
OS 2.5380681 3.6992486
OS 2.5381514 3.7014144
OS 2.5381514 3.7014977
OS 2.5381514 3.7016643
OS 2.5381514 3.7019975
OS 2.5381514 3.702414
OS 2.5380681 3.7029138
OS 2.5380681 3.7034969
OS 2.5379015 3.704913
OS 2.5376516 3.7064957
OS 2.5372351 3.7081617
OS 2.5367353 3.709911
OS 2.5360689 3.711577
OS 2.5360689 3.7116603
OS 2.5359856 3.7117436
OS 2.5356524 3.7122434
OS 2.5352359 3.7130764
OS 2.5345695 3.7139927
OS 2.5336532 3.7150756
OS 2.5325703 3.7161585
OS 2.5313208 3.7172414
OS 2.5298214 3.7181577
OS 2.5296548 3.718241
OS 2.5293216 3.7184076
OS 2.5286552 3.7187408
OS 2.5279055 3.719074
OS 2.5269059 3.7194072
OS 2.525823 3.7197404
OS 2.5246568 3.719907
OS 2.5234073 3.7200736
OS 2.5228242 3.7200736
OS 2.5220745 3.7201569
OS 2.519992 3.7201569
OS 2.5186592 3.7202402
OE
SE
S P 0
OB 2.6804538 1.0636454 I
OS 2.6928655 1.0636454
OS 2.6928655 1.0531496
OS 2.6531314 1.0531496
OS 2.6531314 1.0636454
OS 2.665793 1.0636454
OS 2.665793 1.095466
OS 2.6531314 1.095466
OS 2.6531314 1.1052954
OS 2.654131 1.1052954
OS 2.6548807 1.1053787
OS 2.6557137 1.1053787
OS 2.65663 1.105462
OS 2.6586292 1.1056286
OS 2.6587125 1.1056286
OS 2.659129 1.1057119
OS 2.6596288 1.1057952
OS 2.6602119 1.1058785
OS 2.661628 1.106295
OS 2.6623777 1.1065449
OS 2.6630441 1.1067948
OS 2.6631274 1.1068781
OS 2.6633773 1.1069614
OS 2.6637105 1.1072113
OS 2.664127 1.1074612
OS 2.6651266 1.1082942
OS 2.6660429 1.1093771
OS 2.6661262 1.1094604
OS 2.6662095 1.1097103
OS 2.6663761 1.1100435
OS 2.666626 1.1105433
OS 2.6667926 1.1111264
OS 2.6669592 1.1118761
OS 2.6671258 1.1126258
OS 2.6672091 1.1135421
OS 2.6804538 1.1135421
OS 2.6804538 1.0636454
OE
OB 2.6453012 1.1018801 I
OS 2.627475 1.1018801
OS 2.627475 1.0531496
OS 2.6123144 1.0531496
OS 2.6123144 1.1018801
OS 2.5944882 1.1018801
OS 2.5944882 1.1133755
OS 2.6453012 1.1133755
OS 2.6453012 1.1018801
OE
SE
S P 0
OB 2.7430163 3.8830911 I
OS 2.7511797 3.8830911
OS 2.7511797 3.8722621
OS 2.7430163 3.8722621
OS 2.7430163 3.8581011
OS 2.7283555 3.8581011
OS 2.7283555 3.8722621
OS 2.7019494 3.8722621
OS 2.7019494 3.8834243
OS 2.7278557 3.9184936
OS 2.7430163 3.9184936
OS 2.7430163 3.8830911
OE
OB 2.6792085 3.9196598 I
OS 2.6802081 3.9196598
OS 2.681291 3.9195765
OS 2.6834568 3.9193266
OS 2.6836234 3.9193266
OS 2.6839566 3.9192433
OS 2.6845397 3.91916
OS 2.6852894 3.9189934
OS 2.6861224 3.9188268
OS 2.6870387 3.9186602
OS 2.6890379 3.9181604
OS 2.6891212 3.9181604
OS 2.6893711 3.9180771
OS 2.6897876 3.9179105
OS 2.6903707 3.9177439
OS 2.6910371 3.917494
OS 2.6917868 3.9172441
OS 2.6934528 3.9164944
OS 2.6935361 3.9164111
OS 2.6938693 3.9163278
OS 2.6942858 3.9161612
OS 2.6948689 3.9159113
OS 2.6962017 3.9153282
OS 2.6968681 3.914995
OS 2.6974512 3.9146618
OS 2.6974512 3.9004175
OS 2.6958685 3.9004175
OS 2.6957852 3.9005008
OS 2.6957019 3.9005841
OS 2.695452 3.9007507
OS 2.6951188 3.9010839
OS 2.6942858 3.9017503
OS 2.6931196 3.9026666
OS 2.6930363 3.9027499
OS 2.6928697 3.9029165
OS 2.6924532 3.9031664
OS 2.6920367 3.9034996
OS 2.6914536 3.9039161
OS 2.6908705 3.9043326
OS 2.6893711 3.9053322
OS 2.6892878 3.9054155
OS 2.6890379 3.9055821
OS 2.6885381 3.9057487
OS 2.6880383 3.9060819
OS 2.6872886 3.9064151
OS 2.6865389 3.9067483
OS 2.6856226 3.9071648
OS 2.6847063 3.907498
OS 2.684623 3.9075813
OS 2.6842898 3.9076646
OS 2.68379 3.9078312
OS 2.6831236 3.9079978
OS 2.6822906 3.9081644
OS 2.6814576 3.9082477
OS 2.680458 3.9084143
OS 2.6788753 3.9084143
OS 2.6782922 3.908331
OS 2.6774592 3.9082477
OS 2.6765429 3.9081644
OS 2.6755433 3.9079978
OS 2.6745437 3.9076646
OS 2.6734608 3.9073314
OS 2.6733775 3.9072481
OS 2.6730443 3.9071648
OS 2.6724612 3.9069149
OS 2.6717948 3.9064984
OS 2.6710451 3.9059986
OS 2.6701288 3.9054155
OS 2.6692125 3.9046658
OS 2.6682962 3.9037495
OS 2.6682129 3.9036662
OS 2.667963 3.903333
OS 2.6675465 3.9028332
OS 2.6669634 3.9021668
OS 2.6663803 3.9012505
OS 2.6657972 3.9001676
OS 2.6652141 3.8989181
OS 2.664631 3.897502
OS 2.664631 3.8974187
OS 2.6645477 3.8973354
OS 2.6644644 3.8970855
OS 2.6643811 3.8968356
OS 2.6642145 3.8960026
OS 2.6639646 3.8949197
OS 2.6636314 3.8935036
OS 2.6634648 3.8919209
OS 2.6632982 3.8901716
OS 2.6632149 3.8882557
OS 2.6632149 3.8881724
OS 2.6632149 3.8880058
OS 2.6632149 3.8877559
OS 2.6632149 3.8873394
OS 2.6632982 3.8868396
OS 2.6632982 3.8862565
OS 2.6633815 3.885007
OS 2.6635481 3.8835076
OS 2.663798 3.8819249
OS 2.6641312 3.8803422
OS 2.664631 3.8788428
OS 2.6647143 3.8786762
OS 2.6648809 3.8781764
OS 2.6652141 3.87751
OS 2.6657139 3.876677
OS 2.6662137 3.8756774
OS 2.6668801 3.8745945
OS 2.6677131 3.8735949
OS 2.6685461 3.8726786
OS 2.6686294 3.8725953
OS 2.6689626 3.8723454
OS 2.6694624 3.8719289
OS 2.6701288 3.8714291
OS 2.6708785 3.8709293
OS 2.6717948 3.8703462
OS 2.6727944 3.8698464
OS 2.673794 3.8694299
OS 2.6739606 3.8694299
OS 2.6742938 3.8692633
OS 2.6748769 3.8690967
OS 2.6756266 3.8689301
OS 2.6764596 3.8687635
OS 2.6774592 3.8685969
OS 2.6784588 3.8685136
OS 2.6795417 3.8684303
OS 2.6800415 3.8684303
OS 2.6806246 3.8685136
OS 2.6813743 3.8685136
OS 2.6822073 3.8686802
OS 2.6832069 3.8688468
OS 2.6842065 3.8690134
OS 2.6852061 3.8693466
OS 2.6852894 3.8694299
OS 2.6857059 3.8695132
OS 2.6862057 3.8697631
OS 2.6867888 3.870013
OS 2.6875385 3.8703462
OS 2.6882882 3.8706794
OS 2.6890379 3.8711792
OS 2.6897876 3.8715957
OS 2.6898709 3.871679
OS 2.6901208 3.8718456
OS 2.6905373 3.8720955
OS 2.6910371 3.8723454
OS 2.6922033 3.8731784
OS 2.6933695 3.8740947
OS 2.6934528 3.874178
OS 2.6936194 3.8743446
OS 2.6938693 3.8745112
OS 2.6942858 3.8748444
OS 2.6951188 3.8755941
OS 2.6960351 3.8764271
OS 2.6974512 3.8764271
OS 2.6974512 3.8622661
OS 2.6973679 3.8622661
OS 2.697118 3.8620995
OS 2.6967848 3.8619329
OS 2.6963683 3.8617663
OS 2.6957852 3.8614331
OS 2.6951188 3.8611832
OS 2.6935361 3.8604335
OS 2.6934528 3.8604335
OS 2.6932029 3.8602669
OS 2.6927031 3.8601003
OS 2.6922033 3.8598504
OS 2.6915369 3.8596005
OS 2.6907872 3.8593506
OS 2.6891212 3.8587675
OS 2.6890379 3.8587675
OS 2.6886214 3.8586842
OS 2.6881216 3.8585176
OS 2.6873719 3.858351
OS 2.6865389 3.8581844
OS 2.6857059 3.8579345
OS 2.68379 3.8576013
OS 2.6837067 3.8576013
OS 2.6833735 3.857518
OS 2.6827904 3.8574347
OS 2.6820407 3.8573514
OS 2.6811244 3.8572681
OS 2.6799582 3.8571848
OS 2.6785421 3.8571015
OS 2.6764596 3.8571015
OS 2.6757099 3.8571848
OS 2.6747936 3.8572681
OS 2.6736274 3.8573514
OS 2.6722946 3.857518
OS 2.6708785 3.8577679
OS 2.6692958 3.8581011
OS 2.6675465 3.8585176
OS 2.6657972 3.8591007
OS 2.6640479 3.8597671
OS 2.6622153 3.8605168
OS 2.660466 3.8615164
OS 2.6587167 3.8625993
OS 2.657134 3.8638488
OS 2.6555513 3.8652649
OS 2.655468 3.8653482
OS 2.6552181 3.8656814
OS 2.6548016 3.8660979
OS 2.6543018 3.8667643
OS 2.6537187 3.8675973
OS 2.6530523 3.8685969
OS 2.6523026 3.8698464
OS 2.6516362 3.8711792
OS 2.6508865 3.8727619
OS 2.6501368 3.8745112
OS 2.6494704 3.8763438
OS 2.6488873 3.8784263
OS 2.6483875 3.8806754
OS 2.647971 3.8830911
OS 2.6477211 3.8855901
OS 2.6476378 3.888339
OS 2.6476378 3.8884223
OS 2.6476378 3.8885056
OS 2.6476378 3.8890054
OS 2.6477211 3.8897551
OS 2.6478044 3.8907547
OS 2.6478877 3.8919209
OS 2.6480543 3.893337
OS 2.6483042 3.8949197
OS 2.6486374 3.8965857
OS 2.6490539 3.898335
OS 2.6495537 3.9002509
OS 2.6502201 3.9020835
OS 2.6509698 3.9039994
OS 2.6518861 3.9059153
OS 2.652969 3.9077479
OS 2.6541352 3.9094972
OS 2.6555513 3.9111632
OS 2.6556346 3.9112465
OS 2.6558845 3.9114964
OS 2.6563843 3.9119962
OS 2.6570507 3.912496
OS 2.6578004 3.9131624
OS 2.6588 3.9139121
OS 2.6599662 3.9146618
OS 2.6612157 3.9154948
OS 2.6627151 3.9162445
OS 2.6642978 3.9169942
OS 2.6660471 3.9177439
OS 2.667963 3.9184103
OS 2.6700455 3.9189934
OS 2.6722113 3.9194099
OS 2.6745437 3.9196598
OS 2.6770427 3.9197431
OS 2.6782922 3.9197431
OS 2.6792085 3.9196598
OE
OB 2.7283555 3.9035829 H
OS 2.7131116 3.8830911
OS 2.7283555 3.8830911
OS 2.7283555 3.9035829
OE
SE
S P 0
OB 2.7666997 3.6960832 I
OS 2.7748631 3.6960832
OS 2.7748631 3.6852542
OS 2.7666997 3.6852542
OS 2.7666997 3.6710932
OS 2.7520389 3.6710932
OS 2.7520389 3.6852542
OS 2.7256328 3.6852542
OS 2.7256328 3.6964164
OS 2.7515391 3.7314857
OS 2.7666997 3.7314857
OS 2.7666997 3.6960832
OE
OB 2.6889808 3.7314024 I
OS 2.6898138 3.7314024
OS 2.6916464 3.7313191
OS 2.6936456 3.7311525
OS 2.6957281 3.7309026
OS 2.6978106 3.7306527
OS 2.6980605 3.7306527
OS 2.6983937 3.7305694
OS 2.6987269 3.7304861
OS 2.6992267 3.7304028
OS 2.6998098 3.7302362
OS 2.7012259 3.7298197
OS 2.7028086 3.7293199
OS 2.7045579 3.7286535
OS 2.7063905 3.7278205
OS 2.7082231 3.7267376
OS 2.7083064 3.7266543
OS 2.708473 3.726571
OS 2.7088062 3.7263211
OS 2.7092227 3.7260712
OS 2.7097225 3.7256547
OS 2.7103056 3.7251549
OS 2.7116384 3.7239887
OS 2.7131378 3.7225726
OS 2.7146372 3.72074
OS 2.7161366 3.7187408
OS 2.7175527 3.7164084
OS 2.717636 3.7163251
OS 2.7177193 3.7161585
OS 2.7178859 3.715742
OS 2.7181358 3.7152422
OS 2.7183857 3.7146591
OS 2.7186356 3.7139094
OS 2.7189688 3.7130764
OS 2.719302 3.7120768
OS 2.7196352 3.7110772
OS 2.7199684 3.709911
OS 2.7202183 3.7086615
OS 2.7204682 3.7073287
OS 2.7208847 3.7044132
OS 2.7210513 3.7012478
OS 2.7210513 3.7011645
OS 2.7210513 3.7009146
OS 2.7210513 3.7004148
OS 2.720968 3.6998317
OS 2.720968 3.699082
OS 2.7208847 3.698249
OS 2.7207181 3.6972494
OS 2.7205515 3.6962498
OS 2.720135 3.6938341
OS 2.7194686 3.6913351
OS 2.7185523 3.6887528
OS 2.7179692 3.68742
OS 2.7173028 3.6861705
OS 2.7173028 3.6860872
OS 2.7171362 3.6859206
OS 2.7169696 3.6855041
OS 2.7166364 3.6850876
OS 2.7163032 3.6845045
OS 2.7158867 3.6839214
OS 2.7148038 3.682422
OS 2.713471 3.6808393
OS 2.7118883 3.67909
OS 2.7100557 3.6775073
OS 2.7080565 3.6760079
OS 2.7079732 3.6760079
OS 2.7078066 3.6758413
OS 2.7075567 3.675758
OS 2.7072235 3.6755081
OS 2.706807 3.6752582
OS 2.7063072 3.6750083
OS 2.7050577 3.6743419
OS 2.703475 3.6736755
OS 2.701809 3.6730924
OS 2.6998931 3.6725093
OS 2.6978106 3.6720928
OS 2.6975607 3.6720928
OS 2.6972275 3.6720095
OS 2.6968943 3.6719262
OS 2.6963112 3.6719262
OS 2.6957281 3.6718429
OS 2.6950617 3.6717596
OS 2.694312 3.6716763
OS 2.6925627 3.6715097
OS 2.6905635 3.6714264
OS 2.6883977 3.6712598
OS 2.6673228 3.6712598
OS 2.6673228 3.7314857
OS 2.6883144 3.7314857
OS 2.6889808 3.7314024
OE
OB 2.685982 3.7202402 H
OS 2.6824834 3.7202402
OS 2.6824834 3.6825886
OS 2.6857321 3.6825886
OS 2.6870649 3.6826719
OS 2.6898971 3.6826719
OS 2.6912299 3.6827552
OS 2.6913965 3.6827552
OS 2.691813 3.6828385
OS 2.6924794 3.6829218
OS 2.6933957 3.6830884
OS 2.6943953 3.6833383
OS 2.6955615 3.6837548
OS 2.6967277 3.6842546
OS 2.6978939 3.684921
OS 2.6979772 3.684921
OS 2.6980605 3.6850043
OS 2.698477 3.6853375
OS 2.6991434 3.6858373
OS 2.6999764 3.686587
OS 2.7008927 3.6875033
OS 2.701809 3.6885862
OS 2.7027253 3.689919
OS 2.703475 3.6913351
OS 2.703475 3.6914184
OS 2.7035583 3.6915017
OS 2.7036416 3.6917516
OS 2.7038082 3.6920848
OS 2.7039748 3.6925013
OS 2.7041414 3.6930011
OS 2.7044746 3.6941673
OS 2.7048078 3.6956667
OS 2.705141 3.6973327
OS 2.7053909 3.6992486
OS 2.7054742 3.7014144
OS 2.7054742 3.7014977
OS 2.7054742 3.7016643
OS 2.7054742 3.7019975
OS 2.7054742 3.702414
OS 2.7053909 3.7029138
OS 2.7053909 3.7034969
OS 2.7052243 3.704913
OS 2.7049744 3.7064957
OS 2.7045579 3.7081617
OS 2.7040581 3.709911
OS 2.7033917 3.711577
OS 2.7033917 3.7116603
OS 2.7033084 3.7117436
OS 2.7029752 3.7122434
OS 2.7025587 3.7130764
OS 2.7018923 3.7139927
OS 2.700976 3.7150756
OS 2.6998931 3.7161585
OS 2.6986436 3.7172414
OS 2.6971442 3.7181577
OS 2.6969776 3.718241
OS 2.6966444 3.7184076
OS 2.695978 3.7187408
OS 2.6952283 3.719074
OS 2.6942287 3.7194072
OS 2.6931458 3.7197404
OS 2.6919796 3.719907
OS 2.6907301 3.7200736
OS 2.690147 3.7200736
OS 2.6893973 3.7201569
OS 2.6873148 3.7201569
OS 2.685982 3.7202402
OE
OB 2.7520389 3.716575 H
OS 2.736795 3.6960832
OS 2.7520389 3.6960832
OS 2.7520389 3.716575
OE
SE
S P 0
OB 2.681339 1.4343861 I
OS 2.6689273 1.4343861
OS 2.6689273 1.4448819
OS 2.7086614 1.4448819
OS 2.7086614 1.4343861
OS 2.6959998 1.4343861
OS 2.6959998 1.4025655
OS 2.7086614 1.4025655
OS 2.7086614 1.3927361
OS 2.7076618 1.3927361
OS 2.7069121 1.3926528
OS 2.7060791 1.3926528
OS 2.7051628 1.3925695
OS 2.7031636 1.3924029
OS 2.7030803 1.3924029
OS 2.7026638 1.3923196
OS 2.702164 1.3922363
OS 2.7015809 1.392153
OS 2.7001648 1.3917365
OS 2.6994151 1.3914866
OS 2.6987487 1.3912367
OS 2.6986654 1.3911534
OS 2.6984155 1.3910701
OS 2.6980823 1.3908202
OS 2.6976658 1.3905703
OS 2.6966662 1.3897373
OS 2.6957499 1.3886544
OS 2.6956666 1.3885711
OS 2.6955833 1.3883212
OS 2.6954167 1.387988
OS 2.6951668 1.3874882
OS 2.6950002 1.3869051
OS 2.6948336 1.3861554
OS 2.694667 1.3854057
OS 2.6945837 1.3844894
OS 2.681339 1.3844894
OS 2.681339 1.4343861
OE
SE
S P 0
OB 2.7088981 2.5485593 I
OS 2.6964864 2.5485593
OS 2.6964864 2.5590551
OS 2.7362205 2.5590551
OS 2.7362205 2.5485593
OS 2.7235589 2.5485593
OS 2.7235589 2.5167387
OS 2.7362205 2.5167387
OS 2.7362205 2.5069093
OS 2.7352209 2.5069093
OS 2.7344712 2.506826
OS 2.7336382 2.506826
OS 2.7327219 2.5067427
OS 2.7307227 2.5065761
OS 2.7306394 2.5065761
OS 2.7302229 2.5064928
OS 2.7297231 2.5064095
OS 2.72914 2.5063262
OS 2.7277239 2.5059097
OS 2.7269742 2.5056598
OS 2.7263078 2.5054099
OS 2.7262245 2.5053266
OS 2.7259746 2.5052433
OS 2.7256414 2.5049934
OS 2.7252249 2.5047435
OS 2.7242253 2.5039105
OS 2.723309 2.5028276
OS 2.7232257 2.5027443
OS 2.7231424 2.5024944
OS 2.7229758 2.5021612
OS 2.7227259 2.5016614
OS 2.7225593 2.5010783
OS 2.7223927 2.5003286
OS 2.7222261 2.4995789
OS 2.7221428 2.4986626
OS 2.7088981 2.4986626
OS 2.7088981 2.5485593
OE
OB 2.6546698 2.4978296 I
OS 2.6537535 2.4978296
OS 2.6528372 2.4979129
OS 2.6506714 2.4981628
OS 2.6505048 2.4981628
OS 2.6501716 2.4982461
OS 2.6496718 2.4983294
OS 2.6490054 2.4984127
OS 2.6476726 2.4985793
OS 2.6470062 2.4987459
OS 2.6465064 2.4988292
OS 2.6465064 2.5105745
OS 2.6477559 2.5105745
OS 2.6478392 2.5104912
OS 2.6480891 2.5104079
OS 2.6485056 2.5102413
OS 2.6489221 2.5100747
OS 2.6495052 2.5099081
OS 2.6502549 2.5096582
OS 2.6510879 2.5094083
OS 2.6511712 2.5094083
OS 2.6515044 2.509325
OS 2.6520042 2.5091584
OS 2.6526706 2.5090751
OS 2.6535036 2.5089085
OS 2.6544199 2.5088252
OS 2.6555028 2.5087419
OS 2.6573354 2.5087419
OS 2.6578352 2.5088252
OS 2.6584183 2.5088252
OS 2.6590847 2.5089085
OS 2.6606674 2.5092417
OS 2.6624167 2.5096582
OS 2.6642493 2.5103246
OS 2.6659986 2.5112409
OS 2.6668316 2.511824
OS 2.6675813 2.5124904
OS 2.6677479 2.512657
OS 2.6679145 2.5129069
OS 2.6681644 2.5131568
OS 2.6684976 2.5135733
OS 2.6688308 2.5140731
OS 2.6695805 2.5152393
OS 2.6704135 2.5167387
OS 2.6711632 2.5185713
OS 2.6718296 2.5207371
OS 2.6723294 2.5231528
OS 2.6721628 2.5230695
OS 2.6718296 2.5228196
OS 2.6712465 2.5224864
OS 2.6704135 2.5220699
OS 2.6695805 2.5216534
OS 2.6684976 2.5210703
OS 2.6663318 2.520154
OS 2.6661652 2.5200707
OS 2.6657487 2.5199874
OS 2.6651656 2.5198208
OS 2.6643326 2.5195709
OS 2.6632497 2.519321
OS 2.6620835 2.5191544
OS 2.660834 2.5190711
OS 2.6594179 2.5189878
OS 2.6588348 2.5189878
OS 2.6582517 2.5190711
OS 2.6574187 2.5190711
OS 2.6565024 2.5192377
OS 2.6555028 2.5194043
OS 2.6544199 2.5195709
OS 2.653337 2.5199041
OS 2.6531704 2.5199041
OS 2.6528372 2.5200707
OS 2.6523374 2.5202373
OS 2.651671 2.5204872
OS 2.650838 2.5209037
OS 2.650005 2.5213202
OS 2.6482557 2.5224031
OS 2.6480891 2.5224864
OS 2.6477559 2.5228196
OS 2.6471728 2.5234027
OS 2.6465064 2.5240691
OS 2.6456734 2.5249854
OS 2.6448404 2.5260683
OS 2.6440907 2.5273178
OS 2.643341 2.5287339
OS 2.643341 2.5288172
OS 2.6432577 2.5289005
OS 2.6431744 2.5291504
OS 2.6430078 2.5294003
OS 2.6427579 2.5302333
OS 2.6423414 2.5313995
OS 2.6420082 2.5328156
OS 2.6417583 2.5345649
OS 2.6415084 2.5364808
OS 2.6414251 2.5386466
OS 2.6414251 2.5387299
OS 2.6414251 2.5390631
OS 2.6414251 2.5395629
OS 2.6415084 2.5402293
OS 2.6415917 2.5410623
OS 2.6417583 2.5419786
OS 2.6419249 2.5429782
OS 2.6421748 2.5441444
OS 2.642508 2.5453939
OS 2.6429245 2.5466434
OS 2.6434243 2.5478929
OS 2.6440074 2.5492257
OS 2.6446738 2.5505585
OS 2.6455068 2.551808
OS 2.6464231 2.5530575
OS 2.647506 2.5542237
OS 2.6475893 2.554307
OS 2.6477559 2.5544736
OS 2.6480891 2.5548068
OS 2.6485889 2.55514
OS 2.6492553 2.5556398
OS 2.6499217 2.5561396
OS 2.650838 2.5567227
OS 2.6518376 2.5572225
OS 2.6529205 2.5578056
OS 2.65417 2.5583887
OS 2.6555028 2.5588885
OS 2.6570022 2.5593883
OS 2.6585849 2.5597215
OS 2.6602509 2.5600547
OS 2.6620835 2.5602213
OS 2.6639994 2.5603046
OS 2.6649157 2.5603046
OS 2.6653322 2.5602213
OS 2.6659153 2.5602213
OS 2.6671648 2.560138
OS 2.6685809 2.5599714
OS 2.6701636 2.5596382
OS 2.6718296 2.559305
OS 2.6734123 2.5588052
OS 2.6734956 2.5588052
OS 2.6735789 2.5587219
OS 2.6740787 2.5585553
OS 2.6748284 2.5581388
OS 2.675828 2.5577223
OS 2.6769109 2.5570559
OS 2.6780771 2.5563062
OS 2.6792433 2.5553899
OS 2.6804095 2.5543903
OS 2.6805761 2.5542237
OS 2.6809926 2.5537239
OS 2.6815757 2.5529742
OS 2.6823254 2.5519746
OS 2.6831584 2.5506418
OS 2.6840747 2.5491424
OS 2.6849077 2.5473931
OS 2.6856574 2.5453939
OS 2.6856574 2.5453106
OS 2.6857407 2.545144
OS 2.685824 2.5448108
OS 2.6859073 2.5443943
OS 2.6860739 2.5438945
OS 2.6862405 2.5432281
OS 2.6864071 2.5424784
OS 2.6864904 2.5416454
OS 2.686657 2.5407291
OS 2.6868236 2.5397295
OS 2.6871568 2.5374804
OS 2.6873234 2.5349814
OS 2.6874067 2.5322325
OS 2.6874067 2.5321492
OS 2.6874067 2.5318993
OS 2.6874067 2.5314828
OS 2.6874067 2.5308997
OS 2.6873234 2.5302333
OS 2.6873234 2.5294003
OS 2.6872401 2.528484
OS 2.6871568 2.5274844
OS 2.6869902 2.5253186
OS 2.6867403 2.5229862
OS 2.6863238 2.5205705
OS 2.6857407 2.5182381
OS 2.6857407 2.5181548
OS 2.6856574 2.5179882
OS 2.6855741 2.517655
OS 2.6854075 2.5172385
OS 2.6852409 2.5166554
OS 2.684991 2.5160723
OS 2.6844079 2.5145729
OS 2.6836582 2.5128236
OS 2.6827419 2.510991
OS 2.6815757 2.5091584
OS 2.6802429 2.5073258
OS 2.6801596 2.5072425
OS 2.6800763 2.5071592
OS 2.6798264 2.5069093
OS 2.6795765 2.5065761
OS 2.6787435 2.5057431
OS 2.6776606 2.5047435
OS 2.6762445 2.5036606
OS 2.6745785 2.5024944
OS 2.6726626 2.5013282
OS 2.6705801 2.5003286
OS 2.6704968 2.5003286
OS 2.6703302 2.5002453
OS 2.669997 2.5000787
OS 2.6694972 2.4999121
OS 2.6689974 2.4997455
OS 2.6682477 2.4994956
OS 2.667498 2.4992457
OS 2.6665817 2.4989958
OS 2.6655821 2.4988292
OS 2.6645825 2.4985793
OS 2.6634163 2.4983294
OS 2.6621668 2.4981628
OS 2.6594179 2.4978296
OS 2.6565024 2.4977463
OS 2.6554195 2.4977463
OS 2.6546698 2.4978296
OE
OB 2.6659986 2.5294836 H
OS 2.6665817 2.5294836
OS 2.6669982 2.5295669
OS 2.6679978 2.5296502
OS 2.6692473 2.5299001
OS 2.6693306 2.5299001
OS 2.6694972 2.5299834
OS 2.6698304 2.5300667
OS 2.6702469 2.53015
OS 2.6712465 2.5304832
OS 2.6724127 2.5308997
OS 2.6724127 2.530983
OS 2.6724127 2.5312329
OS 2.6724127 2.5316494
OS 2.6724127 2.5323158
OS 2.6724127 2.5324824
OS 2.6724127 2.5329822
OS 2.6724127 2.5336486
OS 2.6724127 2.5346482
OS 2.6724127 2.5347315
OS 2.6724127 2.5348981
OS 2.6724127 2.535148
OS 2.6724127 2.5354812
OS 2.6723294 2.5364808
OS 2.6723294 2.537647
OS 2.6722461 2.5389798
OS 2.6720795 2.5403126
OS 2.6718296 2.5417287
OS 2.6715797 2.5429782
OS 2.6714964 2.5431448
OS 2.6714131 2.543478
OS 2.6712465 2.5440611
OS 2.6709133 2.5447275
OS 2.6702469 2.5462269
OS 2.6697471 2.5469766
OS 2.6692473 2.547643
OS 2.669164 2.5477263
OS 2.6690807 2.5478929
OS 2.6685809 2.5483927
OS 2.6678312 2.5489758
OS 2.6669149 2.5495589
OS 2.6668316 2.5495589
OS 2.666665 2.5496422
OS 2.6664151 2.5497255
OS 2.6659986 2.5498088
OS 2.6650823 2.5499754
OS 2.6639994 2.5500587
OS 2.6635829 2.5500587
OS 2.6632497 2.5499754
OS 2.6624167 2.5498088
OS 2.6614171 2.5494756
OS 2.6613338 2.5494756
OS 2.6611672 2.5493923
OS 2.6609173 2.5492257
OS 2.6605841 2.5490591
OS 2.6598344 2.548476
OS 2.6590014 2.547643
OS 2.6589181 2.5475597
OS 2.6588348 2.5473931
OS 2.6585849 2.5471432
OS 2.658335 2.5467267
OS 2.6577519 2.5457271
OS 2.6572521 2.5445609
OS 2.6572521 2.5444776
OS 2.6571688 2.5442277
OS 2.6570022 2.5438112
OS 2.6569189 2.5432281
OS 2.6567523 2.5424784
OS 2.656669 2.5416454
OS 2.6565857 2.5405625
OS 2.6565857 2.539313
OS 2.6565857 2.5391464
OS 2.6565857 2.5388132
OS 2.6565857 2.5383134
OS 2.656669 2.537647
OS 2.6567523 2.5368973
OS 2.6569189 2.5360643
OS 2.6570855 2.5353146
OS 2.6573354 2.5345649
OS 2.6573354 2.5344816
OS 2.657502 2.5342317
OS 2.6576686 2.5338985
OS 2.6578352 2.533482
OS 2.6585016 2.5324824
OS 2.6594179 2.5314828
OS 2.6595012 2.5313995
OS 2.6596678 2.5313162
OS 2.6599177 2.5311496
OS 2.6602509 2.5308997
OS 2.6612505 2.5303999
OS 2.6624167 2.5299834
OS 2.6625 2.5299834
OS 2.6626666 2.5299001
OS 2.6630831 2.5298168
OS 2.6634996 2.5297335
OS 2.6639994 2.5296502
OS 2.6646658 2.5295669
OS 2.6659986 2.5294836
OE
SE
S P 0
OB 2.9035918 0.743085 I
OS 2.9045081 0.7430017
OS 2.9055077 0.7429184
OS 2.9066739 0.7427518
OS 2.9079234 0.7425852
OS 2.9105057 0.7420021
OS 2.9119218 0.7415856
OS 2.9132546 0.7411691
OS 2.9145874 0.740586
OS 2.9158369 0.7399196
OS 2.9170031 0.7391699
OS 2.918086 0.7383369
OS 2.9181693 0.7382536
OS 2.9183359 0.738087
OS 2.9185858 0.7378371
OS 2.9190023 0.7375039
OS 2.9194188 0.7370041
OS 2.9198353 0.736421
OS 2.9203351 0.7356713
OS 2.9209182 0.7349216
OS 2.921418 0.7340053
OS 2.9219178 0.7330057
OS 2.9223343 0.7318395
OS 2.9228341 0.7306733
OS 2.9231673 0.7294238
OS 2.9234172 0.7280077
OS 2.9235838 0.7265083
OS 2.9236671 0.7249256
OS 2.9236671 0.7248423
OS 2.9236671 0.7246757
OS 2.9236671 0.7244258
OS 2.9236671 0.7240093
OS 2.9235838 0.7235095
OS 2.9235005 0.7229264
OS 2.9233339 0.7215936
OS 2.9230007 0.7199276
OS 2.9225842 0.7181783
OS 2.9219178 0.7162624
OS 2.9210848 0.7143465
OS 2.9210848 0.7142632
OS 2.9210015 0.7140966
OS 2.9208349 0.7138467
OS 2.920585 0.7134302
OS 2.9203351 0.7130137
OS 2.9200019 0.7124306
OS 2.9190856 0.7110978
OS 2.9179194 0.7094318
OS 2.9165033 0.7075992
OS 2.914754 0.7056
OS 2.9127548 0.7034342
OS 2.9125882 0.7032676
OS 2.9121717 0.7028511
OS 2.911422 0.7021014
OS 2.9105057 0.7012684
OS 2.9094228 0.7002688
OS 2.9082566 0.6991859
OS 2.9056743 0.6969368
OS 2.9055077 0.6968535
OS 2.9050912 0.6965203
OS 2.9045081 0.6960205
OS 2.9037584 0.6954374
OS 2.9020924 0.6941046
OS 2.9013427 0.6935215
OS 2.9006763 0.6930217
OS 2.9263327 0.6930217
OS 2.9263327 0.6816929
OS 2.8820171 0.6816929
OS 2.8820171 0.691439
OS 2.8821004 0.6915223
OS 2.882267 0.6916056
OS 2.8826002 0.6918555
OS 2.8829334 0.6921887
OS 2.8834332 0.6926052
OS 2.8840163 0.693105
OS 2.8853491 0.6941879
OS 2.8869318 0.6954374
OS 2.8885978 0.6968535
OS 2.8903471 0.6983529
OS 2.8920964 0.6998523
OS 2.8921797 0.6999356
OS 2.892263 0.7000189
OS 2.8925129 0.7002688
OS 2.8928461 0.7005187
OS 2.8936791 0.7012684
OS 2.894762 0.702268
OS 2.8960115 0.7034342
OS 2.8973443 0.704767
OS 2.8986771 0.7060998
OS 2.9000099 0.7074326
OS 2.9000932 0.7075159
OS 2.9001765 0.7076825
OS 2.9004264 0.7078491
OS 2.9007596 0.7081823
OS 2.9015093 0.7090986
OS 2.9025089 0.7101815
OS 2.9035085 0.7115143
OS 2.9045914 0.7128471
OS 2.905591 0.7142632
OS 2.906424 0.715596
OS 2.9065073 0.7157626
OS 2.9067572 0.7161791
OS 2.9070904 0.7169288
OS 2.9074236 0.7178451
OS 2.9077568 0.718928
OS 2.90809 0.7200942
OS 2.9083399 0.721427
OS 2.9084232 0.7228431
OS 2.9084232 0.7229264
OS 2.9084232 0.7230097
OS 2.9084232 0.7235095
OS 2.9082566 0.7243425
OS 2.90809 0.7252588
OS 2.9077568 0.7262584
OS 2.9073403 0.7273413
OS 2.9066739 0.7284242
OS 2.9058409 0.7293405
OS 2.9057576 0.7294238
OS 2.9054244 0.7296737
OS 2.9048413 0.7300902
OS 2.9040083 0.7305067
OS 2.9030087 0.7308399
OS 2.9018425 0.7312564
OS 2.9004264 0.7315063
OS 2.8988437 0.7315896
OS 2.8980107 0.7315896
OS 2.8974276 0.7315063
OS 2.8967612 0.731423
OS 2.8960948 0.7313397
OS 2.8945121 0.7310065
OS 2.8944288 0.7310065
OS 2.8941789 0.7309232
OS 2.8937624 0.7307566
OS 2.8931793 0.73059
OS 2.8925962 0.7304234
OS 2.8918465 0.7300902
OS 2.8903471 0.7295071
OS 2.8902638 0.7295071
OS 2.8900139 0.7293405
OS 2.8895974 0.7291739
OS 2.8890976 0.728924
OS 2.8879314 0.7283409
OS 2.8867652 0.7275912
OS 2.8866819 0.7275912
OS 2.8865153 0.7274246
OS 2.8860155 0.7270914
OS 2.8852658 0.7266749
OS 2.8846827 0.7262584
OS 2.8835165 0.7262584
OS 2.8835165 0.7393365
OS 2.8835998 0.7394198
OS 2.8840163 0.7395864
OS 2.8845994 0.7398363
OS 2.8854324 0.7400862
OS 2.8865153 0.7405027
OS 2.8879314 0.7409192
OS 2.8895141 0.7413357
OS 2.89143 0.7418355
OS 2.8915133 0.7418355
OS 2.8916799 0.7419188
OS 2.8919298 0.7420021
OS 2.8923463 0.7420854
OS 2.8928461 0.7421687
OS 2.8934292 0.742252
OS 2.894762 0.7425019
OS 2.8963447 0.7427518
OS 2.898094 0.7430017
OS 2.8999266 0.743085
OS 2.9018425 0.7431683
OS 2.9028421 0.7431683
OS 2.9035918 0.743085
OE
OB 2.8453651 0.743085 I
OS 2.8462814 0.7430017
OS 2.8474476 0.7429184
OS 2.8487804 0.7427518
OS 2.8501965 0.7425019
OS 2.8517792 0.7420854
OS 2.8534452 0.7416689
OS 2.8551945 0.7410858
OS 2.8569438 0.7404194
OS 2.8587764 0.7395864
OS 2.8605257 0.7386701
OS 2.8621917 0.7375039
OS 2.8638577 0.7362544
OS 2.8653571 0.734755
OS 2.8654404 0.7346717
OS 2.8656903 0.7343385
OS 2.8661068 0.733922
OS 2.8666066 0.7332556
OS 2.8671897 0.7323393
OS 2.8678561 0.7313397
OS 2.8685225 0.7300902
OS 2.8692722 0.7287574
OS 2.8700219 0.7271747
OS 2.8706883 0.7254254
OS 2.8713547 0.7235928
OS 2.8719378 0.7215103
OS 2.8724376 0.7192612
OS 2.8728541 0.7169288
OS 2.873104 0.7144298
OS 2.8731873 0.7117642
OS 2.8731873 0.7116809
OS 2.8731873 0.7112644
OS 2.8731873 0.7107646
OS 2.873104 0.7100149
OS 2.8730207 0.7090986
OS 2.8729374 0.7080157
OS 2.8728541 0.7067662
OS 2.8726042 0.7055167
OS 2.8723543 0.7041006
OS 2.8721044 0.7026012
OS 2.8712714 0.6995191
OS 2.8707716 0.6979364
OS 2.8701885 0.696437
OS 2.8695221 0.6949376
OS 2.8686891 0.6934382
OS 2.8686058 0.6933549
OS 2.8685225 0.693105
OS 2.8682726 0.6926885
OS 2.8678561 0.6921887
OS 2.8674396 0.6916056
OS 2.8668565 0.6908559
OS 2.8661901 0.6901062
OS 2.8655237 0.6892732
OS 2.8646907 0.6883569
OS 2.8636911 0.6875239
OS 2.8626915 0.6866076
OS 2.8616086 0.6856913
OS 2.8603591 0.6848583
OS 2.8591096 0.6840253
OS 2.8577768 0.6833589
OS 2.8562774 0.6826925
OS 2.8562774 0.6826092
OS 2.8562774 0.6825259
OS 2.8562774 0.6820261
OS 2.8563607 0.6812764
OS 2.8565273 0.6803601
OS 2.8567772 0.6793605
OS 2.8571104 0.6783609
OS 2.8575269 0.6774446
OS 2.8581933 0.6766949
OS 2.8582766 0.6766116
OS 2.8586098 0.676445
OS 2.8590263 0.6761118
OS 2.859776 0.6758619
OS 2.860609 0.6755287
OS 2.8617752 0.6751955
OS 2.8631913 0.6750289
OS 2.864774 0.6749456
OS 2.8654404 0.6749456
OS 2.8659402 0.6750289
OS 2.8665233 0.6751122
OS 2.8671897 0.6751955
OS 2.8686058 0.6755287
OS 2.8686891 0.6755287
OS 2.868939 0.675612
OS 2.8693555 0.6757786
OS 2.869772 0.6758619
OS 2.8707716 0.6761951
OS 2.8711881 0.6763617
OS 2.8716046 0.6765283
OS 2.873104 0.6765283
OS 2.873104 0.6658659
OS 2.8730207 0.6658659
OS 2.8726875 0.6657826
OS 2.8721877 0.665616
OS 2.8715213 0.6655327
OS 2.8707716 0.6653661
OS 2.8699386 0.6651995
OS 2.8681893 0.6649496
OS 2.868106 0.6649496
OS 2.8677728 0.6648663
OS 2.8671897 0.6648663
OS 2.8663567 0.664783
OS 2.8652738 0.6646997
OS 2.863941 0.6646997
OS 2.8623583 0.6646164
OS 2.859776 0.6646164
OS 2.8588597 0.6646997
OS 2.8577768 0.664783
OS 2.856444 0.6649496
OS 2.8551112 0.6651162
OS 2.8537784 0.6654494
OS 2.8524456 0.6658659
OS 2.852279 0.6659492
OS 2.8518625 0.6661158
OS 2.8512794 0.6663657
OS 2.8505297 0.6666989
OS 2.8496134 0.6671987
OS 2.8486971 0.6677818
OS 2.8477808 0.6684482
OS 2.8469478 0.6691979
OS 2.8468645 0.6692812
OS 2.8466146 0.6696144
OS 2.8461981 0.6700309
OS 2.8456983 0.6706973
OS 2.8451152 0.671447
OS 2.8445321 0.67228
OS 2.8440323 0.6732796
OS 2.8435325 0.6743625
OS 2.8434492 0.6745291
OS 2.8433659 0.6748623
OS 2.8431993 0.6754454
OS 2.8429494 0.6762784
OS 2.8427828 0.6771947
OS 2.8426162 0.6781943
OS 2.8424496 0.6793605
OS 2.8423663 0.68061
OS 2.8421997 0.68061
OS 2.8417832 0.6806933
OS 2.8411168 0.6806933
OS 2.8402838 0.6808599
OS 2.8392009 0.6810265
OS 2.8379514 0.6811931
OS 2.8365353 0.6815263
OS 2.8350359 0.6819428
OS 2.8334532 0.6824426
OS 2.8317872 0.6830257
OS 2.8301212 0.6837754
OS 2.8284552 0.6846084
OS 2.8267892 0.6855247
OS 2.8252065 0.6866909
OS 2.8236238 0.6880237
OS 2.8222077 0.6894398
OS 2.8221244 0.6895231
OS 2.8218745 0.6898563
OS 2.8215413 0.6902728
OS 2.8210415 0.6909392
OS 2.8205417 0.6917722
OS 2.8199586 0.6927718
OS 2.8192922 0.693938
OS 2.8186258 0.6953541
OS 2.8178761 0.6968535
OS 2.817293 0.6985195
OS 2.8166266 0.7003521
OS 2.8161268 0.7023513
OS 2.815627 0.7045171
OS 2.8152938 0.7067662
OS 2.8150439 0.7091819
OS 2.8149606 0.7117642
OS 2.8149606 0.7118475
OS 2.8149606 0.7119308
OS 2.8149606 0.7124306
OS 2.8150439 0.7131803
OS 2.8150439 0.7141799
OS 2.8152105 0.7153461
OS 2.8153771 0.7167622
OS 2.815627 0.7183449
OS 2.8159602 0.7200942
OS 2.8163767 0.7218435
OS 2.8168765 0.7237594
OS 2.8174596 0.725592
OS 2.8182093 0.7275079
OS 2.8191256 0.7294238
OS 2.8201252 0.7312564
OS 2.8213747 0.7330057
OS 2.8227075 0.7346717
OS 2.8227908 0.734755
OS 2.8230407 0.7350049
OS 2.8235405 0.7354214
OS 2.8241236 0.7360045
OS 2.8249566 0.7366709
OS 2.8258729 0.7373373
OS 2.8270391 0.7381703
OS 2.8282886 0.73892
OS 2.8297047 0.739753
OS 2.8312874 0.7405027
OS 2.8330367 0.7411691
OS 2.8349526 0.7418355
OS 2.8370351 0.7424186
OS 2.8392009 0.7428351
OS 2.8415333 0.743085
OS 2.8440323 0.7431683
OS 2.8446154 0.7431683
OS 2.8453651 0.743085
OE
OB 2.8440323 0.7318395 H
OS 2.8435325 0.7318395
OS 2.8430327 0.7317562
OS 2.8423663 0.7317562
OS 2.8416166 0.7315896
OS 2.8407836 0.731423
OS 2.8398673 0.7311731
OS 2.8390343 0.7308399
OS 2.838951 0.7307566
OS 2.8386178 0.7306733
OS 2.8382013 0.7304234
OS 2.8376182 0.7300069
OS 2.8369518 0.7295071
OS 2.8362021 0.728924
OS 2.8354524 0.7281743
OS 2.8346194 0.727258
OS 2.8345361 0.7271747
OS 2.8342862 0.7268415
OS 2.833953 0.7263417
OS 2.8335365 0.725592
OS 2.83312 0.7246757
OS 2.8326202 0.7236761
OS 2.8321204 0.7224266
OS 2.8316206 0.7210105
OS 2.8316206 0.7209272
OS 2.8315373 0.7208439
OS 2.8315373 0.720594
OS 2.831454 0.7203441
OS 2.8312874 0.7195111
OS 2.8311208 0.7184282
OS 2.8308709 0.7170121
OS 2.8307043 0.7154294
OS 2.830621 0.7136801
OS 2.8305377 0.7117642
OS 2.8305377 0.7116809
OS 2.8305377 0.7115143
OS 2.8305377 0.7112644
OS 2.8305377 0.7108479
OS 2.8305377 0.7103481
OS 2.830621 0.7098483
OS 2.8307043 0.7085155
OS 2.8307876 0.7070161
OS 2.8310375 0.7055167
OS 2.8312874 0.703934
OS 2.8316206 0.7025179
OS 2.8317039 0.7023513
OS 2.8317872 0.7019348
OS 2.8320371 0.7012684
OS 2.8323703 0.7003521
OS 2.8327868 0.6994358
OS 2.8332866 0.6983529
OS 2.8338697 0.6973533
OS 2.8345361 0.6963537
OS 2.8346194 0.6962704
OS 2.8348693 0.6959372
OS 2.8352858 0.6955207
OS 2.8358689 0.6949376
OS 2.8365353 0.6943545
OS 2.837285 0.6937714
OS 2.8380347 0.6932716
OS 2.838951 0.6927718
OS 2.8390343 0.6927718
OS 2.8393675 0.6926052
OS 2.8398673 0.6924386
OS 2.8405337 0.692272
OS 2.8412834 0.6921054
OS 2.8421164 0.6919388
OS 2.843116 0.6918555
OS 2.8440323 0.6917722
OS 2.8445321 0.6917722
OS 2.8450319 0.6918555
OS 2.8456983 0.6919388
OS 2.846448 0.6920221
OS 2.8473643 0.692272
OS 2.8482806 0.6925219
OS 2.8491969 0.6928551
OS 2.8492802 0.6929384
OS 2.8496134 0.693105
OS 2.8501132 0.6933549
OS 2.8506963 0.6937714
OS 2.8513627 0.6942712
OS 2.8521124 0.6948543
OS 2.8527788 0.695604
OS 2.8535285 0.696437
OS 2.8536118 0.6965203
OS 2.8538617 0.6969368
OS 2.8541949 0.6974366
OS 2.8546114 0.6981863
OS 2.8551112 0.6991026
OS 2.855611 0.7001855
OS 2.8561108 0.7013517
OS 2.8565273 0.7026012
OS 2.8566106 0.7027678
OS 2.8566939 0.7032676
OS 2.8568605 0.7040173
OS 2.8571104 0.7051002
OS 2.857277 0.7063497
OS 2.8574436 0.7079324
OS 2.8575269 0.709765
OS 2.8576102 0.7117642
OS 2.8576102 0.7118475
OS 2.8576102 0.7120141
OS 2.8576102 0.712264
OS 2.8576102 0.7126805
OS 2.8576102 0.713097
OS 2.8575269 0.7136801
OS 2.8574436 0.7149296
OS 2.8573603 0.7163457
OS 2.8571104 0.7179284
OS 2.8568605 0.7194278
OS 2.856444 0.7209272
OS 2.856444 0.7210105
OS 2.8563607 0.7210938
OS 2.8562774 0.7215936
OS 2.8560275 0.72226
OS 2.8556943 0.7231763
OS 2.8552778 0.7241759
OS 2.854778 0.7251755
OS 2.8541949 0.7261751
OS 2.8535285 0.7271747
OS 2.8534452 0.727258
OS 2.8531953 0.7275912
OS 2.8527788 0.7280077
OS 2.8521957 0.7285908
OS 2.8516126 0.7291739
OS 2.8508629 0.729757
OS 2.8500299 0.7302568
OS 2.8491136 0.7307566
OS 2.8490303 0.7308399
OS 2.8486971 0.7309232
OS 2.8481973 0.7310898
OS 2.8476142 0.7313397
OS 2.8467812 0.7315063
OS 2.8459482 0.7316729
OS 2.8450319 0.7317562
OS 2.8440323 0.7318395
OE
SE
S P 0
OB 2.9285949 3.7201569 I
OS 2.9029385 3.7201569
OS 2.9029385 3.7100776
OS 2.9034383 3.7100776
OS 2.9037715 3.7101609
OS 2.9046045 3.7101609
OS 2.9057707 3.7102442
OS 2.9063538 3.7102442
OS 2.9067703 3.7103275
OS 2.909186 3.7103275
OS 2.910019 3.7102442
OS 2.9111019 3.7102442
OS 2.9122681 3.7100776
OS 2.9136009 3.709911
OS 2.915017 3.7097444
OS 2.9164331 3.7094112
OS 2.9165997 3.7094112
OS 2.9170162 3.7092446
OS 2.9177659 3.709078
OS 2.9185989 3.7087448
OS 2.9195985 3.7084116
OS 2.9207647 3.7079118
OS 2.9218476 3.707412
OS 2.9229305 3.7067456
OS 2.9230971 3.7066623
OS 2.9235136 3.7063291
OS 2.92418 3.7058293
OS 2.9249297 3.7051629
OS 2.9257627 3.7043299
OS 2.926679 3.703247
OS 2.9275953 3.7020808
OS 2.928345 3.700748
OS 2.9284283 3.7005814
OS 2.9286782 3.7000816
OS 2.9289281 3.6992486
OS 2.9293446 3.6981657
OS 2.9296778 3.6968329
OS 2.9299277 3.6953335
OS 2.9301776 3.6935009
OS 2.9302609 3.691585
OS 2.9302609 3.6915017
OS 2.9302609 3.6914184
OS 2.9302609 3.6911685
OS 2.9302609 3.6908353
OS 2.9301776 3.689919
OS 2.9300943 3.6887528
OS 2.9298444 3.68742
OS 2.9295945 3.6860039
OS 2.929178 3.6844212
OS 2.9285949 3.6829218
OS 2.9285949 3.6828385
OS 2.9285116 3.6827552
OS 2.9282617 3.6822554
OS 2.9279285 3.6815057
OS 2.9274287 3.6805894
OS 2.9267623 3.6795065
OS 2.9259293 3.6783403
OS 2.9249297 3.6771741
OS 2.9238468 3.6760079
OS 2.9236802 3.6758413
OS 2.9232637 3.6755081
OS 2.9225973 3.6750083
OS 2.921681 3.6743419
OS 2.9205981 3.6735922
OS 2.9193486 3.6728425
OS 2.9178492 3.6721761
OS 2.9162665 3.6715097
OS 2.9161832 3.6715097
OS 2.9160999 3.6714264
OS 2.91585 3.6713431
OS 2.9155168 3.6712598
OS 2.9151003 3.6711765
OS 2.9146005 3.6710099
OS 2.913351 3.67076
OS 2.9117683 3.6705101
OS 2.9099357 3.6702602
OS 2.9078532 3.6700936
OS 2.9056041 3.6700103
OS 2.9045212 3.6700103
OS 2.9039381 3.6700936
OS 2.9032717 3.6700936
OS 2.901689 3.6701769
OS 2.8998564 3.6703435
OS 2.8979405 3.6705101
OS 2.8959413 3.6708433
OS 2.8940254 3.6711765
OS 2.8939421 3.6711765
OS 2.8937755 3.6712598
OS 2.8935256 3.6712598
OS 2.8931924 3.6713431
OS 2.8923594 3.671593
OS 2.8911932 3.6719262
OS 2.8899437 3.6722594
OS 2.8886109 3.6726759
OS 2.8873614 3.6730924
OS 2.8861119 3.6735922
OS 2.8861119 3.6867536
OS 2.887528 3.6867536
OS 2.8876113 3.6866703
OS 2.8878612 3.6865037
OS 2.8881944 3.6863371
OS 2.8890274 3.6858373
OS 2.890027 3.6852542
OS 2.8901103 3.6852542
OS 2.8902769 3.6850876
OS 2.8906101 3.684921
OS 2.8910266 3.6847544
OS 2.8915264 3.6845045
OS 2.8921928 3.6841713
OS 2.8928592 3.6838381
OS 2.8936922 3.6835049
OS 2.8937755 3.6835049
OS 2.8941087 3.6833383
OS 2.8945252 3.6831717
OS 2.895025 3.6830051
OS 2.8956914 3.6827552
OS 2.8964411 3.6825886
OS 2.8980238 3.6820888
OS 2.8981071 3.6820888
OS 2.8984403 3.6820055
OS 2.8988568 3.6819222
OS 2.8995232 3.6818389
OS 2.9002729 3.6817556
OS 2.9011059 3.6816723
OS 2.9020222 3.681589
OS 2.9039381 3.681589
OS 2.9045212 3.6816723
OS 2.9052709 3.6817556
OS 2.9061039 3.6818389
OS 2.9080198 3.6821721
OS 2.9081031 3.6821721
OS 2.9085196 3.6822554
OS 2.9090194 3.682422
OS 2.9096025 3.6826719
OS 2.9110186 3.6833383
OS 2.9117683 3.6837548
OS 2.9124347 3.6842546
OS 2.912518 3.6843379
OS 2.9126846 3.6845045
OS 2.9128512 3.6847544
OS 2.9131844 3.6850876
OS 2.9137675 3.6859206
OS 2.9143506 3.6870035
OS 2.9143506 3.6870868
OS 2.9144339 3.6872534
OS 2.9146005 3.6875866
OS 2.9147671 3.6880864
OS 2.9148504 3.6886695
OS 2.915017 3.6893359
OS 2.9151003 3.6900856
OS 2.9151003 3.6910019
OS 2.9151003 3.6910852
OS 2.9151003 3.6913351
OS 2.915017 3.6917516
OS 2.915017 3.6922514
OS 2.9146838 3.6935009
OS 2.9145172 3.694084
OS 2.914184 3.6946671
OS 2.914184 3.6947504
OS 2.9140174 3.694917
OS 2.9138508 3.6951669
OS 2.9136009 3.6955834
OS 2.9128512 3.6963331
OS 2.9119349 3.6971661
OS 2.9118516 3.6972494
OS 2.9116017 3.697416
OS 2.9111019 3.6975826
OS 2.9105188 3.6979158
OS 2.9097691 3.6981657
OS 2.9089361 3.6984989
OS 2.9080198 3.6987488
OS 2.9069369 3.6989154
OS 2.9067703 3.6989154
OS 2.9064371 3.6989987
OS 2.9059373 3.699082
OS 2.9051876 3.6991653
OS 2.9044379 3.6991653
OS 2.9036049 3.6992486
OS 2.9018556 3.6993319
OS 2.9006061 3.6993319
OS 2.8997731 3.6992486
OS 2.8987735 3.6991653
OS 2.8976906 3.699082
OS 2.8953582 3.6987488
OS 2.8951916 3.6987488
OS 2.8948584 3.6986655
OS 2.8942753 3.6985822
OS 2.8935256 3.6984156
OS 2.8926926 3.698249
OS 2.8917763 3.6980824
OS 2.8899437 3.6976659
OS 2.8886942 3.6976659
OS 2.8886942 3.7314857
OS 2.9285949 3.7314857
OS 2.9285949 3.7201569
OE
OB 2.8464611 3.7314024 I
OS 2.8472941 3.7314024
OS 2.8491267 3.7313191
OS 2.8511259 3.7311525
OS 2.8532084 3.7309026
OS 2.8552909 3.7306527
OS 2.8555408 3.7306527
OS 2.855874 3.7305694
OS 2.8562072 3.7304861
OS 2.856707 3.7304028
OS 2.8572901 3.7302362
OS 2.8587062 3.7298197
OS 2.8602889 3.7293199
OS 2.8620382 3.7286535
OS 2.8638708 3.7278205
OS 2.8657034 3.7267376
OS 2.8657867 3.7266543
OS 2.8659533 3.726571
OS 2.8662865 3.7263211
OS 2.866703 3.7260712
OS 2.8672028 3.7256547
OS 2.8677859 3.7251549
OS 2.8691187 3.7239887
OS 2.8706181 3.7225726
OS 2.8721175 3.72074
OS 2.8736169 3.7187408
OS 2.875033 3.7164084
OS 2.8751163 3.7163251
OS 2.8751996 3.7161585
OS 2.8753662 3.715742
OS 2.8756161 3.7152422
OS 2.875866 3.7146591
OS 2.8761159 3.7139094
OS 2.8764491 3.7130764
OS 2.8767823 3.7120768
OS 2.8771155 3.7110772
OS 2.8774487 3.709911
OS 2.8776986 3.7086615
OS 2.8779485 3.7073287
OS 2.878365 3.7044132
OS 2.8785316 3.7012478
OS 2.8785316 3.7011645
OS 2.8785316 3.7009146
OS 2.8785316 3.7004148
OS 2.8784483 3.6998317
OS 2.8784483 3.699082
OS 2.878365 3.698249
OS 2.8781984 3.6972494
OS 2.8780318 3.6962498
OS 2.8776153 3.6938341
OS 2.8769489 3.6913351
OS 2.8760326 3.6887528
OS 2.8754495 3.68742
OS 2.8747831 3.6861705
OS 2.8747831 3.6860872
OS 2.8746165 3.6859206
OS 2.8744499 3.6855041
OS 2.8741167 3.6850876
OS 2.8737835 3.6845045
OS 2.873367 3.6839214
OS 2.8722841 3.682422
OS 2.8709513 3.6808393
OS 2.8693686 3.67909
OS 2.867536 3.6775073
OS 2.8655368 3.6760079
OS 2.8654535 3.6760079
OS 2.8652869 3.6758413
OS 2.865037 3.675758
OS 2.8647038 3.6755081
OS 2.8642873 3.6752582
OS 2.8637875 3.6750083
OS 2.862538 3.6743419
OS 2.8609553 3.6736755
OS 2.8592893 3.6730924
OS 2.8573734 3.6725093
OS 2.8552909 3.6720928
OS 2.855041 3.6720928
OS 2.8547078 3.6720095
OS 2.8543746 3.6719262
OS 2.8537915 3.6719262
OS 2.8532084 3.6718429
OS 2.852542 3.6717596
OS 2.8517923 3.6716763
OS 2.850043 3.6715097
OS 2.8480438 3.6714264
OS 2.845878 3.6712598
OS 2.8248031 3.6712598
OS 2.8248031 3.7314857
OS 2.8457947 3.7314857
OS 2.8464611 3.7314024
OE
OB 2.8434623 3.7202402 H
OS 2.8399637 3.7202402
OS 2.8399637 3.6825886
OS 2.8432124 3.6825886
OS 2.8445452 3.6826719
OS 2.8473774 3.6826719
OS 2.8487102 3.6827552
OS 2.8488768 3.6827552
OS 2.8492933 3.6828385
OS 2.8499597 3.6829218
OS 2.850876 3.6830884
OS 2.8518756 3.6833383
OS 2.8530418 3.6837548
OS 2.854208 3.6842546
OS 2.8553742 3.684921
OS 2.8554575 3.684921
OS 2.8555408 3.6850043
OS 2.8559573 3.6853375
OS 2.8566237 3.6858373
OS 2.8574567 3.686587
OS 2.858373 3.6875033
OS 2.8592893 3.6885862
OS 2.8602056 3.689919
OS 2.8609553 3.6913351
OS 2.8609553 3.6914184
OS 2.8610386 3.6915017
OS 2.8611219 3.6917516
OS 2.8612885 3.6920848
OS 2.8614551 3.6925013
OS 2.8616217 3.6930011
OS 2.8619549 3.6941673
OS 2.8622881 3.6956667
OS 2.8626213 3.6973327
OS 2.8628712 3.6992486
OS 2.8629545 3.7014144
OS 2.8629545 3.7014977
OS 2.8629545 3.7016643
OS 2.8629545 3.7019975
OS 2.8629545 3.702414
OS 2.8628712 3.7029138
OS 2.8628712 3.7034969
OS 2.8627046 3.704913
OS 2.8624547 3.7064957
OS 2.8620382 3.7081617
OS 2.8615384 3.709911
OS 2.860872 3.711577
OS 2.860872 3.7116603
OS 2.8607887 3.7117436
OS 2.8604555 3.7122434
OS 2.860039 3.7130764
OS 2.8593726 3.7139927
OS 2.8584563 3.7150756
OS 2.8573734 3.7161585
OS 2.8561239 3.7172414
OS 2.8546245 3.7181577
OS 2.8544579 3.718241
OS 2.8541247 3.7184076
OS 2.8534583 3.7187408
OS 2.8527086 3.719074
OS 2.851709 3.7194072
OS 2.8506261 3.7197404
OS 2.8494599 3.719907
OS 2.8482104 3.7200736
OS 2.8476273 3.7200736
OS 2.8468776 3.7201569
OS 2.8447951 3.7201569
OS 2.8434623 3.7202402
OE
SE
S P 0
OB 3.0157045 4.0574551 I
OS 3.016954 4.0574551
OS 3.0184534 4.0572885
OS 3.0200361 4.0571219
OS 3.0216188 4.056872
OS 3.0231182 4.0565388
OS 3.0232848 4.0565388
OS 3.0237846 4.0563722
OS 3.0245343 4.0561223
OS 3.0254506 4.0558724
OS 3.0264502 4.0554559
OS 3.0276164 4.0550394
OS 3.0287826 4.0544563
OS 3.0298655 4.0538732
OS 3.0300321 4.0537899
OS 3.0303653 4.05354
OS 3.0309484 4.0531235
OS 3.0316148 4.0525404
OS 3.0323645 4.051874
OS 3.0331142 4.051041
OS 3.0338639 4.0501247
OS 3.034447 4.0490418
OS 3.0345303 4.0488752
OS 3.0346969 4.048542
OS 3.0349468 4.0479589
OS 3.03528 4.0471259
OS 3.0355299 4.0461263
OS 3.0357798 4.0450434
OS 3.0359464 4.0437939
OS 3.0360297 4.0424611
OS 3.0360297 4.0423778
OS 3.0360297 4.0422112
OS 3.0360297 4.0419613
OS 3.0359464 4.0416281
OS 3.0358631 4.0406285
OS 3.0356965 4.039379
OS 3.03528 4.0379629
OS 3.0347802 4.0364635
OS 3.0340305 4.0349641
OS 3.0330309 4.0334647
OS 3.0328643 4.0332981
OS 3.0325311 4.0328816
OS 3.0318647 4.0322152
OS 3.0309484 4.0313822
OS 3.0297822 4.0305492
OS 3.0284494 4.0297162
OS 3.02695 4.0290498
OS 3.0252007 4.0284667
OS 3.0252007 4.0278836
OS 3.025284 4.0278836
OS 3.0255339 4.0278003
OS 3.0260337 4.027717
OS 3.0265335 4.0276337
OS 3.0271999 4.0274671
OS 3.0278663 4.0273005
OS 3.0293657 4.0268007
OS 3.029449 4.0268007
OS 3.0296989 4.0266341
OS 3.0301154 4.0264675
OS 3.0306152 4.0262176
OS 3.0312816 4.0258844
OS 3.031948 4.0254679
OS 3.0326144 4.0248848
OS 3.0333641 4.0243017
OS 3.0334474 4.0242184
OS 3.0336973 4.0240518
OS 3.0340305 4.0236353
OS 3.034447 4.0232188
OS 3.0348635 4.0226357
OS 3.0354466 4.021886
OS 3.0358631 4.0211363
OS 3.0363629 4.02022
OS 3.0364462 4.0201367
OS 3.0365295 4.0198035
OS 3.0367794 4.0192204
OS 3.0370293 4.018554
OS 3.0371959 4.017721
OS 3.0374458 4.0166381
OS 3.0375291 4.0155552
OS 3.0376124 4.0143057
OS 3.0376124 4.0142224
OS 3.0376124 4.0141391
OS 3.0376124 4.0138892
OS 3.0376124 4.013556
OS 3.0375291 4.012723
OS 3.0374458 4.0116401
OS 3.0371959 4.0103906
OS 3.036946 4.0090578
OS 3.0365295 4.0076417
OS 3.0359464 4.0062256
OS 3.0358631 4.006059
OS 3.0356132 4.0056425
OS 3.03528 4.0049761
OS 3.0346969 4.0040598
OS 3.0340305 4.0031435
OS 3.0331975 4.0020606
OS 3.0321979 4.001061
OS 3.031115 4.0000614
OS 3.0309484 3.9999781
OS 3.0305319 3.9996449
OS 3.0298655 3.9991451
OS 3.0290325 3.9986453
OS 3.0278663 3.9979789
OS 3.0266168 3.9973125
OS 3.0252007 3.9967294
OS 3.023618 3.9961463
OS 3.0235347 3.9961463
OS 3.0234514 3.996063
OS 3.0232015 3.996063
OS 3.0228683 3.9959797
OS 3.0224518 3.9958131
OS 3.021952 3.9957298
OS 3.0207025 3.9954799
OS 3.0192031 3.99523
OS 3.0174538 3.9950634
OS 3.0154546 3.9948968
OS 3.0132055 3.9948135
OS 3.0113729 3.9948135
OS 3.0107065 3.9948968
OS 3.0098735 3.9948968
OS 3.0090405 3.9949801
OS 3.0071246 3.9950634
OS 3.0051254 3.9953133
OS 3.0030429 3.9955632
OS 3.0010437 3.9959797
OS 3.0009604 3.9959797
OS 3.0007938 3.996063
OS 3.0005439 3.996063
OS 3.0002107 3.9961463
OS 2.9992944 3.9963962
OS 2.9981282 3.9967294
OS 2.9968787 3.9971459
OS 2.9955459 3.9975624
OS 2.9942131 3.9980622
OS 2.9929636 3.998562
OS 2.9929636 4.0116401
OS 2.9943797 4.0116401
OS 2.9945463 4.0115568
OS 2.9949628 4.0113069
OS 2.9956292 4.0108904
OS 2.9966288 4.0103906
OS 2.9977117 4.0098075
OS 2.9990445 4.0091411
OS 3.0005439 4.0084747
OS 3.0021266 4.0078916
OS 3.0022099 4.0078916
OS 3.0022932 4.0078083
OS 3.0025431 4.007725
OS 3.0028763 4.0076417
OS 3.0037093 4.0073918
OS 3.0048755 4.0071419
OS 3.006125 4.006892
OS 3.0074578 4.0066421
OS 3.0088739 4.0064755
OS 3.01029 4.0063922
OS 3.011123 4.0063922
OS 3.0117061 4.0064755
OS 3.0124558 4.0064755
OS 3.0132055 4.0065588
OS 3.0150381 4.0067254
OS 3.0151214 4.0067254
OS 3.0154546 4.0068087
OS 3.0159544 4.006892
OS 3.0165375 4.0071419
OS 3.0179536 4.0076417
OS 3.0187033 4.0080582
OS 3.0193697 4.0084747
OS 3.019453 4.008558
OS 3.0196196 4.0086413
OS 3.0198695 4.0088912
OS 3.0202027 4.0091411
OS 3.0209524 4.0099741
OS 3.0216188 4.0109737
OS 3.0216188 4.011057
OS 3.0217854 4.0112236
OS 3.0218687 4.0115568
OS 3.0220353 4.0120566
OS 3.0222019 4.0126397
OS 3.0222852 4.0133894
OS 3.0224518 4.0142224
OS 3.0224518 4.015222
OS 3.0224518 4.0153053
OS 3.0224518 4.0156385
OS 3.0223685 4.0161383
OS 3.0222852 4.0167214
OS 3.0221186 4.0173878
OS 3.021952 4.0180542
OS 3.0216188 4.0187206
OS 3.0212023 4.0193037
OS 3.021119 4.019387
OS 3.0209524 4.0195536
OS 3.0207025 4.0198035
OS 3.0203693 4.0201367
OS 3.0199528 4.0204699
OS 3.019453 4.0208864
OS 3.0181202 4.0214695
OS 3.0180369 4.0214695
OS 3.017787 4.0215528
OS 3.0173705 4.0217194
OS 3.0167874 4.021886
OS 3.016121 4.0219693
OS 3.0153713 4.0221359
OS 3.014455 4.0222192
OS 3.0134554 4.0223025
OS 3.0124558 4.0223025
OS 3.0118727 4.0223858
OS 3.006125 4.0223858
OS 3.006125 4.0328816
OS 3.0101234 4.0328816
OS 3.0108731 4.0329649
OS 3.0117061 4.0329649
OS 3.0134554 4.0330482
OS 3.0135387 4.0330482
OS 3.0138719 4.0331315
OS 3.0142884 4.0331315
OS 3.0147882 4.0332981
OS 3.016121 4.033548
OS 3.0173705 4.0340478
OS 3.0174538 4.0340478
OS 3.0176204 4.0342144
OS 3.0179536 4.034381
OS 3.0182868 4.0346309
OS 3.0192031 4.035214
OS 3.0199528 4.0361303
OS 3.0200361 4.0362136
OS 3.0201194 4.0363802
OS 3.020286 4.0367134
OS 3.0204526 4.0371299
OS 3.0206192 4.037713
OS 3.0207025 4.0383794
OS 3.0208691 4.0391291
OS 3.0208691 4.0399621
OS 3.0208691 4.0400454
OS 3.0208691 4.0402953
OS 3.0207858 4.0405452
OS 3.0207858 4.0409617
OS 3.0204526 4.0419613
OS 3.020286 4.0424611
OS 3.0199528 4.0428776
OS 3.0199528 4.0429609
OS 3.0197862 4.0430442
OS 3.0193697 4.043544
OS 3.0187033 4.0441271
OS 3.0178703 4.0447102
OS 3.017787 4.0447102
OS 3.0176204 4.0447935
OS 3.0172872 4.0449601
OS 3.016954 4.0451267
OS 3.0164542 4.0452933
OS 3.0158711 4.0454599
OS 3.014455 4.0457098
OS 3.0143717 4.0457098
OS 3.0141218 4.0457931
OS 3.0137886 4.0457931
OS 3.0133721 4.0458764
OS 3.0122892 4.0459597
OS 3.0103733 4.0459597
OS 3.0097902 4.0458764
OS 3.0091238 4.0457931
OS 3.0082908 4.0457098
OS 3.0066248 4.0453766
OS 3.0065415 4.0453766
OS 3.0062083 4.0452933
OS 3.0057918 4.04521
OS 3.0052087 4.0450434
OS 3.0045423 4.0447935
OS 3.0037926 4.0446269
OS 3.0022099 4.0440438
OS 3.0021266 4.0440438
OS 3.00196 4.0439605
OS 3.0015435 4.0437939
OS 3.001127 4.0436273
OS 3.0006272 4.0433774
OS 2.9999608 4.0430442
OS 2.998628 4.0423778
OS 2.9985447 4.0423778
OS 2.9982948 4.0422112
OS 2.9980449 4.0420446
OS 2.9976284 4.0417947
OS 2.9967121 4.0412949
OS 2.9962956 4.0411283
OS 2.9959624 4.0408784
OS 2.9947129 4.0408784
OS 2.9947129 4.0537066
OS 2.9948795 4.0537899
OS 2.995296 4.0539565
OS 2.9959624 4.0542064
OS 2.9968787 4.0545396
OS 2.9981282 4.0549561
OS 2.9995443 4.0553726
OS 3.0012103 4.0557891
OS 3.0030429 4.0562889
OS 3.0031262 4.0562889
OS 3.0032928 4.0563722
OS 3.0035427 4.0563722
OS 3.0039592 4.0564555
OS 3.004459 4.0566221
OS 3.0049588 4.0567054
OS 3.0063749 4.0569553
OS 3.0079576 4.0571219
OS 3.0097902 4.0573718
OS 3.0117894 4.0574551
OS 3.0137886 4.0575384
OS 3.0152047 4.0575384
OS 3.0157045 4.0574551
OE
OB 2.9833841 4.0178043 I
OS 2.9833841 4.017721
OS 2.9833841 4.0173045
OS 2.9833841 4.0167214
OS 2.9833008 4.0159717
OS 2.9832175 4.0150554
OS 2.9830509 4.0139725
OS 2.9828843 4.0128063
OS 2.9825511 4.0115568
OS 2.9822179 4.0101407
OS 2.9818014 4.0088079
OS 2.9813016 4.0073085
OS 2.9807185 4.0058924
OS 2.9799688 4.0045596
OS 2.9790525 4.0032268
OS 2.9781362 4.001894
OS 2.97697 4.0007278
OS 2.9768867 4.0006445
OS 2.9766368 4.0004779
OS 2.9763036 4.0001447
OS 2.9758038 3.9998115
OS 2.9751374 3.999395
OS 2.9743044 3.9988952
OS 2.9733881 3.9983121
OS 2.9722219 3.9978123
OS 2.9709724 3.9972292
OS 2.9695563 3.9966461
OS 2.9680569 3.9961463
OS 2.9663909 3.9957298
OS 2.9645583 3.9953966
OS 2.9625591 3.9950634
OS 2.9603933 3.9948968
OS 2.9581442 3.9948135
OS 2.956978 3.9948135
OS 2.956145 3.9948968
OS 2.9551454 3.9949801
OS 2.9539792 3.9951467
OS 2.9527297 3.9953133
OS 2.9513136 3.9955632
OS 2.9498142 3.9958131
OS 2.9483148 3.9962296
OS 2.9467321 3.9967294
OS 2.9452327 3.9973125
OS 2.9437333 3.9979789
OS 2.9422339 3.9987286
OS 2.9408178 3.9996449
OS 2.9395683 4.0006445
OS 2.939485 4.0007278
OS 2.9393184 4.0008944
OS 2.9389852 4.0012276
OS 2.9385687 4.0017274
OS 2.9380689 4.0023105
OS 2.9374858 4.0030602
OS 2.9369027 4.0039765
OS 2.9363196 4.0049761
OS 2.9357365 4.0061423
OS 2.9351534 4.0073918
OS 2.9345703 4.0088079
OS 2.9340705 4.0103073
OS 2.933654 4.0120566
OS 2.9333208 4.0138059
OS 2.9331542 4.0157218
OS 2.9330709 4.0178043
OS 2.9330709 4.0562889
OS 2.9482315 4.0562889
OS 2.9482315 4.0187206
OS 2.9482315 4.0186373
OS 2.9482315 4.0184707
OS 2.9482315 4.0181375
OS 2.9482315 4.017721
OS 2.9483148 4.0171379
OS 2.9483981 4.0165548
OS 2.9485647 4.0151387
OS 2.9488146 4.0136393
OS 2.9492311 4.0120566
OS 2.9498142 4.0106405
OS 2.9505639 4.0093077
OS 2.9506472 4.0091411
OS 2.9509804 4.0088079
OS 2.9515635 4.0083914
OS 2.9523965 4.0078083
OS 2.9534794 4.0072252
OS 2.9547289 4.0068087
OS 2.9563116 4.0064755
OS 2.9581442 4.0063089
OS 2.958644 4.0063089
OS 2.9589772 4.0063922
OS 2.9598935 4.0064755
OS 2.9610597 4.0066421
OS 2.9622259 4.0070586
OS 2.9635587 4.0075584
OS 2.9647249 4.0082248
OS 2.9657245 4.0092244
OS 2.9658078 4.009391
OS 2.966141 4.0098075
OS 2.9665575 4.0104739
OS 2.966974 4.0114735
OS 2.9674738 4.0128063
OS 2.967807 4.0144723
OS 2.9679736 4.0153886
OS 2.9681402 4.0163882
OS 2.9682235 4.0175544
OS 2.9682235 4.0187206
OS 2.9682235 4.0562889
OS 2.9833841 4.0562889
OS 2.9833841 4.0178043
OE
SE
S P 0
OB 3.0518258 1.006274 I
OS 3.0530753 1.006274
OS 3.0545747 1.0061074
OS 3.0561574 1.0059408
OS 3.0577401 1.0056909
OS 3.0592395 1.0053577
OS 3.0594061 1.0053577
OS 3.0599059 1.0051911
OS 3.0606556 1.0049412
OS 3.0615719 1.0046913
OS 3.0625715 1.0042748
OS 3.0637377 1.0038583
OS 3.0649039 1.0032752
OS 3.0659868 1.0026921
OS 3.0661534 1.0026088
OS 3.0664866 1.0023589
OS 3.0670697 1.0019424
OS 3.0677361 1.0013593
OS 3.0684858 1.0006929
OS 3.0692355 0.9998599
OS 3.0699852 0.9989436
OS 3.0705683 0.9978607
OS 3.0706516 0.9976941
OS 3.0708182 0.9973609
OS 3.0710681 0.9967778
OS 3.0714013 0.9959448
OS 3.0716512 0.9949452
OS 3.0719011 0.9938623
OS 3.0720677 0.9926128
OS 3.072151 0.99128
OS 3.072151 0.9911967
OS 3.072151 0.9910301
OS 3.072151 0.9907802
OS 3.0720677 0.990447
OS 3.0719844 0.9894474
OS 3.0718178 0.9881979
OS 3.0714013 0.9867818
OS 3.0709015 0.9852824
OS 3.0701518 0.983783
OS 3.0691522 0.9822836
OS 3.0689856 0.982117
OS 3.0686524 0.9817005
OS 3.067986 0.9810341
OS 3.0670697 0.9802011
OS 3.0659035 0.9793681
OS 3.0645707 0.9785351
OS 3.0630713 0.9778687
OS 3.061322 0.9772856
OS 3.061322 0.9767025
OS 3.0614053 0.9767025
OS 3.0616552 0.9766192
OS 3.062155 0.9765359
OS 3.0626548 0.9764526
OS 3.0633212 0.976286
OS 3.0639876 0.9761194
OS 3.065487 0.9756196
OS 3.0655703 0.9756196
OS 3.0658202 0.975453
OS 3.0662367 0.9752864
OS 3.0667365 0.9750365
OS 3.0674029 0.9747033
OS 3.0680693 0.9742868
OS 3.0687357 0.9737037
OS 3.0694854 0.9731206
OS 3.0695687 0.9730373
OS 3.0698186 0.9728707
OS 3.0701518 0.9724542
OS 3.0705683 0.9720377
OS 3.0709848 0.9714546
OS 3.0715679 0.9707049
OS 3.0719844 0.9699552
OS 3.0724842 0.9690389
OS 3.0725675 0.9689556
OS 3.0726508 0.9686224
OS 3.0729007 0.9680393
OS 3.0731506 0.9673729
OS 3.0733172 0.9665399
OS 3.0735671 0.965457
OS 3.0736504 0.9643741
OS 3.0737337 0.9631246
OS 3.0737337 0.9630413
OS 3.0737337 0.962958
OS 3.0737337 0.9627081
OS 3.0737337 0.9623749
OS 3.0736504 0.9615419
OS 3.0735671 0.960459
OS 3.0733172 0.9592095
OS 3.0730673 0.9578767
OS 3.0726508 0.9564606
OS 3.0720677 0.9550445
OS 3.0719844 0.9548779
OS 3.0717345 0.9544614
OS 3.0714013 0.953795
OS 3.0708182 0.9528787
OS 3.0701518 0.9519624
OS 3.0693188 0.9508795
OS 3.0683192 0.9498799
OS 3.0672363 0.9488803
OS 3.0670697 0.948797
OS 3.0666532 0.9484638
OS 3.0659868 0.947964
OS 3.0651538 0.9474642
OS 3.0639876 0.9467978
OS 3.0627381 0.9461314
OS 3.061322 0.9455483
OS 3.0597393 0.9449652
OS 3.059656 0.9449652
OS 3.0595727 0.9448819
OS 3.0593228 0.9448819
OS 3.0589896 0.9447986
OS 3.0585731 0.944632
OS 3.0580733 0.9445487
OS 3.0568238 0.9442988
OS 3.0553244 0.9440489
OS 3.0535751 0.9438823
OS 3.0515759 0.9437157
OS 3.0493268 0.9436324
OS 3.0474942 0.9436324
OS 3.0468278 0.9437157
OS 3.0459948 0.9437157
OS 3.0451618 0.943799
OS 3.0432459 0.9438823
OS 3.0412467 0.9441322
OS 3.0391642 0.9443821
OS 3.037165 0.9447986
OS 3.0370817 0.9447986
OS 3.0369151 0.9448819
OS 3.0366652 0.9448819
OS 3.036332 0.9449652
OS 3.0354157 0.9452151
OS 3.0342495 0.9455483
OS 3.033 0.9459648
OS 3.0316672 0.9463813
OS 3.0303344 0.9468811
OS 3.0290849 0.9473809
OS 3.0290849 0.960459
OS 3.030501 0.960459
OS 3.0306676 0.9603757
OS 3.0310841 0.9601258
OS 3.0317505 0.9597093
OS 3.0327501 0.9592095
OS 3.033833 0.9586264
OS 3.0351658 0.95796
OS 3.0366652 0.9572936
OS 3.0382479 0.9567105
OS 3.0383312 0.9567105
OS 3.0384145 0.9566272
OS 3.0386644 0.9565439
OS 3.0389976 0.9564606
OS 3.0398306 0.9562107
OS 3.0409968 0.9559608
OS 3.0422463 0.9557109
OS 3.0435791 0.955461
OS 3.0449952 0.9552944
OS 3.0464113 0.9552111
OS 3.0472443 0.9552111
OS 3.0478274 0.9552944
OS 3.0485771 0.9552944
OS 3.0493268 0.9553777
OS 3.0511594 0.9555443
OS 3.0512427 0.9555443
OS 3.0515759 0.9556276
OS 3.0520757 0.9557109
OS 3.0526588 0.9559608
OS 3.0540749 0.9564606
OS 3.0548246 0.9568771
OS 3.055491 0.9572936
OS 3.0555743 0.9573769
OS 3.0557409 0.9574602
OS 3.0559908 0.9577101
OS 3.056324 0.95796
OS 3.0570737 0.958793
OS 3.0577401 0.9597926
OS 3.0577401 0.9598759
OS 3.0579067 0.9600425
OS 3.05799 0.9603757
OS 3.0581566 0.9608755
OS 3.0583232 0.9614586
OS 3.0584065 0.9622083
OS 3.0585731 0.9630413
OS 3.0585731 0.9640409
OS 3.0585731 0.9641242
OS 3.0585731 0.9644574
OS 3.0584898 0.9649572
OS 3.0584065 0.9655403
OS 3.0582399 0.9662067
OS 3.0580733 0.9668731
OS 3.0577401 0.9675395
OS 3.0573236 0.9681226
OS 3.0572403 0.9682059
OS 3.0570737 0.9683725
OS 3.0568238 0.9686224
OS 3.0564906 0.9689556
OS 3.0560741 0.9692888
OS 3.0555743 0.9697053
OS 3.0542415 0.9702884
OS 3.0541582 0.9702884
OS 3.0539083 0.9703717
OS 3.0534918 0.9705383
OS 3.0529087 0.9707049
OS 3.0522423 0.9707882
OS 3.0514926 0.9709548
OS 3.0505763 0.9710381
OS 3.0495767 0.9711214
OS 3.0485771 0.9711214
OS 3.047994 0.9712047
OS 3.0422463 0.9712047
OS 3.0422463 0.9817005
OS 3.0462447 0.9817005
OS 3.0469944 0.9817838
OS 3.0478274 0.9817838
OS 3.0495767 0.9818671
OS 3.04966 0.9818671
OS 3.0499932 0.9819504
OS 3.0504097 0.9819504
OS 3.0509095 0.982117
OS 3.0522423 0.9823669
OS 3.0534918 0.9828667
OS 3.0535751 0.9828667
OS 3.0537417 0.9830333
OS 3.0540749 0.9831999
OS 3.0544081 0.9834498
OS 3.0553244 0.9840329
OS 3.0560741 0.9849492
OS 3.0561574 0.9850325
OS 3.0562407 0.9851991
OS 3.0564073 0.9855323
OS 3.0565739 0.9859488
OS 3.0567405 0.9865319
OS 3.0568238 0.9871983
OS 3.0569904 0.987948
OS 3.0569904 0.988781
OS 3.0569904 0.9888643
OS 3.0569904 0.9891142
OS 3.0569071 0.9893641
OS 3.0569071 0.9897806
OS 3.0565739 0.9907802
OS 3.0564073 0.99128
OS 3.0560741 0.9916965
OS 3.0560741 0.9917798
OS 3.0559075 0.9918631
OS 3.055491 0.9923629
OS 3.0548246 0.992946
OS 3.0539916 0.9935291
OS 3.0539083 0.9935291
OS 3.0537417 0.9936124
OS 3.0534085 0.993779
OS 3.0530753 0.9939456
OS 3.0525755 0.9941122
OS 3.0519924 0.9942788
OS 3.0505763 0.9945287
OS 3.050493 0.9945287
OS 3.0502431 0.994612
OS 3.0499099 0.994612
OS 3.0494934 0.9946953
OS 3.0484105 0.9947786
OS 3.0464946 0.9947786
OS 3.0459115 0.9946953
OS 3.0452451 0.994612
OS 3.0444121 0.9945287
OS 3.0427461 0.9941955
OS 3.0426628 0.9941955
OS 3.0423296 0.9941122
OS 3.0419131 0.9940289
OS 3.04133 0.9938623
OS 3.0406636 0.9936124
OS 3.0399139 0.9934458
OS 3.0383312 0.9928627
OS 3.0382479 0.9928627
OS 3.0380813 0.9927794
OS 3.0376648 0.9926128
OS 3.0372483 0.9924462
OS 3.0367485 0.9921963
OS 3.0360821 0.9918631
OS 3.0347493 0.9911967
OS 3.034666 0.9911967
OS 3.0344161 0.9910301
OS 3.0341662 0.9908635
OS 3.0337497 0.9906136
OS 3.0328334 0.9901138
OS 3.0324169 0.9899472
OS 3.0320837 0.9896973
OS 3.0308342 0.9896973
OS 3.0308342 1.0025255
OS 3.0310008 1.0026088
OS 3.0314173 1.0027754
OS 3.0320837 1.0030253
OS 3.033 1.0033585
OS 3.0342495 1.003775
OS 3.0356656 1.0041915
OS 3.0373316 1.004608
OS 3.0391642 1.0051078
OS 3.0392475 1.0051078
OS 3.0394141 1.0051911
OS 3.039664 1.0051911
OS 3.0400805 1.0052744
OS 3.0405803 1.005441
OS 3.0410801 1.0055243
OS 3.0424962 1.0057742
OS 3.0440789 1.0059408
OS 3.0459115 1.0061907
OS 3.0479107 1.006274
OS 3.0499099 1.0063573
OS 3.051326 1.0063573
OS 3.0518258 1.006274
OE
OB 3.0040116 1.006274 I
OS 3.0050112 1.006274
OS 3.0060941 1.0061907
OS 3.0082599 1.0059408
OS 3.0084265 1.0059408
OS 3.0087597 1.0058575
OS 3.0093428 1.0057742
OS 3.0100925 1.0056076
OS 3.0109255 1.005441
OS 3.0118418 1.0052744
OS 3.013841 1.0047746
OS 3.0139243 1.0047746
OS 3.0141742 1.0046913
OS 3.0145907 1.0045247
OS 3.0151738 1.0043581
OS 3.0158402 1.0041082
OS 3.0165899 1.0038583
OS 3.0182559 1.0031086
OS 3.0183392 1.0030253
OS 3.0186724 1.002942
OS 3.0190889 1.0027754
OS 3.019672 1.0025255
OS 3.0210048 1.0019424
OS 3.0216712 1.0016092
OS 3.0222543 1.001276
OS 3.0222543 0.9870317
OS 3.0206716 0.9870317
OS 3.0205883 0.987115
OS 3.020505 0.9871983
OS 3.0202551 0.9873649
OS 3.0199219 0.9876981
OS 3.0190889 0.9883645
OS 3.0179227 0.9892808
OS 3.0178394 0.9893641
OS 3.0176728 0.9895307
OS 3.0172563 0.9897806
OS 3.0168398 0.9901138
OS 3.0162567 0.9905303
OS 3.0156736 0.9909468
OS 3.0141742 0.9919464
OS 3.0140909 0.9920297
OS 3.013841 0.9921963
OS 3.0133412 0.9923629
OS 3.0128414 0.9926961
OS 3.0120917 0.9930293
OS 3.011342 0.9933625
OS 3.0104257 0.993779
OS 3.0095094 0.9941122
OS 3.0094261 0.9941955
OS 3.0090929 0.9942788
OS 3.0085931 0.9944454
OS 3.0079267 0.994612
OS 3.0070937 0.9947786
OS 3.0062607 0.9948619
OS 3.0052611 0.9950285
OS 3.0036784 0.9950285
OS 3.0030953 0.9949452
OS 3.0022623 0.9948619
OS 3.001346 0.9947786
OS 3.0003464 0.994612
OS 2.9993468 0.9942788
OS 2.9982639 0.9939456
OS 2.9981806 0.9938623
OS 2.9978474 0.993779
OS 2.9972643 0.9935291
OS 2.9965979 0.9931126
OS 2.9958482 0.9926128
OS 2.9949319 0.9920297
OS 2.9940156 0.99128
OS 2.9930993 0.9903637
OS 2.993016 0.9902804
OS 2.9927661 0.9899472
OS 2.9923496 0.9894474
OS 2.9917665 0.988781
OS 2.9911834 0.9878647
OS 2.9906003 0.9867818
OS 2.9900172 0.9855323
OS 2.9894341 0.9841162
OS 2.9894341 0.9840329
OS 2.9893508 0.9839496
OS 2.9892675 0.9836997
OS 2.9891842 0.9834498
OS 2.9890176 0.9826168
OS 2.9887677 0.9815339
OS 2.9884345 0.9801178
OS 2.9882679 0.9785351
OS 2.9881013 0.9767858
OS 2.988018 0.9748699
OS 2.988018 0.9747866
OS 2.988018 0.97462
OS 2.988018 0.9743701
OS 2.988018 0.9739536
OS 2.9881013 0.9734538
OS 2.9881013 0.9728707
OS 2.9881846 0.9716212
OS 2.9883512 0.9701218
OS 2.9886011 0.9685391
OS 2.9889343 0.9669564
OS 2.9894341 0.965457
OS 2.9895174 0.9652904
OS 2.989684 0.9647906
OS 2.9900172 0.9641242
OS 2.990517 0.9632912
OS 2.9910168 0.9622916
OS 2.9916832 0.9612087
OS 2.9925162 0.9602091
OS 2.9933492 0.9592928
OS 2.9934325 0.9592095
OS 2.9937657 0.9589596
OS 2.9942655 0.9585431
OS 2.9949319 0.9580433
OS 2.9956816 0.9575435
OS 2.9965979 0.9569604
OS 2.9975975 0.9564606
OS 2.9985971 0.9560441
OS 2.9987637 0.9560441
OS 2.9990969 0.9558775
OS 2.99968 0.9557109
OS 3.0004297 0.9555443
OS 3.0012627 0.9553777
OS 3.0022623 0.9552111
OS 3.0032619 0.9551278
OS 3.0043448 0.9550445
OS 3.0048446 0.9550445
OS 3.0054277 0.9551278
OS 3.0061774 0.9551278
OS 3.0070104 0.9552944
OS 3.00801 0.955461
OS 3.0090096 0.9556276
OS 3.0100092 0.9559608
OS 3.0100925 0.9560441
OS 3.010509 0.9561274
OS 3.0110088 0.9563773
OS 3.0115919 0.9566272
OS 3.0123416 0.9569604
OS 3.0130913 0.9572936
OS 3.013841 0.9577934
OS 3.0145907 0.9582099
OS 3.014674 0.9582932
OS 3.0149239 0.9584598
OS 3.0153404 0.9587097
OS 3.0158402 0.9589596
OS 3.0170064 0.9597926
OS 3.0181726 0.9607089
OS 3.0182559 0.9607922
OS 3.0184225 0.9609588
OS 3.0186724 0.9611254
OS 3.0190889 0.9614586
OS 3.0199219 0.9622083
OS 3.0208382 0.9630413
OS 3.0222543 0.9630413
OS 3.0222543 0.9488803
OS 3.022171 0.9488803
OS 3.0219211 0.9487137
OS 3.0215879 0.9485471
OS 3.0211714 0.9483805
OS 3.0205883 0.9480473
OS 3.0199219 0.9477974
OS 3.0183392 0.9470477
OS 3.0182559 0.9470477
OS 3.018006 0.9468811
OS 3.0175062 0.9467145
OS 3.0170064 0.9464646
OS 3.01634 0.9462147
OS 3.0155903 0.9459648
OS 3.0139243 0.9453817
OS 3.013841 0.9453817
OS 3.0134245 0.9452984
OS 3.0129247 0.9451318
OS 3.012175 0.9449652
OS 3.011342 0.9447986
OS 3.010509 0.9445487
OS 3.0085931 0.9442155
OS 3.0085098 0.9442155
OS 3.0081766 0.9441322
OS 3.0075935 0.9440489
OS 3.0068438 0.9439656
OS 3.0059275 0.9438823
OS 3.0047613 0.943799
OS 3.0033452 0.9437157
OS 3.0012627 0.9437157
OS 3.000513 0.943799
OS 2.9995967 0.9438823
OS 2.9984305 0.9439656
OS 2.9970977 0.9441322
OS 2.9956816 0.9443821
OS 2.9940989 0.9447153
OS 2.9923496 0.9451318
OS 2.9906003 0.9457149
OS 2.988851 0.9463813
OS 2.9870184 0.947131
OS 2.9852691 0.9481306
OS 2.9835198 0.9492135
OS 2.9819371 0.950463
OS 2.9803544 0.9518791
OS 2.9802711 0.9519624
OS 2.9800212 0.9522956
OS 2.9796047 0.9527121
OS 2.9791049 0.9533785
OS 2.9785218 0.9542115
OS 2.9778554 0.9552111
OS 2.9771057 0.9564606
OS 2.9764393 0.9577934
OS 2.9756896 0.9593761
OS 2.9749399 0.9611254
OS 2.9742735 0.962958
OS 2.9736904 0.9650405
OS 2.9731906 0.9672896
OS 2.9727741 0.9697053
OS 2.9725242 0.9722043
OS 2.9724409 0.9749532
OS 2.9724409 0.9750365
OS 2.9724409 0.9751198
OS 2.9724409 0.9756196
OS 2.9725242 0.9763693
OS 2.9726075 0.9773689
OS 2.9726908 0.9785351
OS 2.9728574 0.9799512
OS 2.9731073 0.9815339
OS 2.9734405 0.9831999
OS 2.973857 0.9849492
OS 2.9743568 0.9868651
OS 2.9750232 0.9886977
OS 2.9757729 0.9906136
OS 2.9766892 0.9925295
OS 2.9777721 0.9943621
OS 2.9789383 0.9961114
OS 2.9803544 0.9977774
OS 2.9804377 0.9978607
OS 2.9806876 0.9981106
OS 2.9811874 0.9986104
OS 2.9818538 0.9991102
OS 2.9826035 0.9997766
OS 2.9836031 1.0005263
OS 2.9847693 1.001276
OS 2.9860188 1.002109
OS 2.9875182 1.0028587
OS 2.9891009 1.0036084
OS 2.9908502 1.0043581
OS 2.9927661 1.0050245
OS 2.9948486 1.0056076
OS 2.9970144 1.0060241
OS 2.9993468 1.006274
OS 3.0018458 1.0063573
OS 3.0030953 1.0063573
OS 3.0040116 1.006274
OE
SE
S P 0
OB 3.5171171 1.9900342 I
OS 3.4714099 1.9900342
OS 3.4714099 1.9711874
OS 3.5135555 1.9711874
OS 3.5135555 1.9507082
OS 3.4714099 1.9507082
OS 3.4714099 1.9236994
OS 3.5171171 1.9236994
OS 3.5171171 1.9032202
OS 3.4445495 1.9032202
OS 3.4445495 2.0105134
OS 3.5171171 2.0105134
OS 3.5171171 1.9900342
OE
OB 3.3773243 1.8799214 I
OS 3.3566967 1.8799214
OS 3.3991391 2.0152622
OS 3.4200635 2.0152622
OS 3.3773243 1.8799214
OE
OB 3.6079379 1.9900342 I
OS 3.5622307 1.9900342
OS 3.5622307 1.9711874
OS 3.6043763 1.9711874
OS 3.6043763 1.9507082
OS 3.5622307 1.9507082
OS 3.5622307 1.9236994
OS 3.6079379 1.9236994
OS 3.6079379 1.9032202
OS 3.5353703 1.9032202
OS 3.5353703 2.0105134
OS 3.6079379 2.0105134
OS 3.6079379 1.9900342
OE
OB 3.7582671 2.012591 I
OS 3.7598995 2.0124426
OS 3.7616803 2.0122942
OS 3.7637579 2.0119974
OS 3.7659839 2.0117006
OS 3.7705843 2.0106618
OS 3.7731071 2.0099198
OS 3.7754815 2.0091778
OS 3.7778559 2.008139
OS 3.7800819 2.0069518
OS 3.7821595 2.0056162
OS 3.7840887 2.0041322
OS 3.7842371 2.0039838
OS 3.7845339 2.003687
OS 3.7849791 2.0032418
OS 3.7857211 2.0026482
OS 3.7864631 2.0017578
OS 3.7872051 2.000719
OS 3.7880955 1.9993834
OS 3.7891343 1.9980478
OS 3.7900247 1.9964154
OS 3.7909151 1.9946346
OS 3.7916571 1.992557
OS 3.7925475 1.9904794
OS 3.7931411 1.9882534
OS 3.7935863 1.9857306
OS 3.7938831 1.9830594
OS 3.7940315 1.9802398
OS 3.7940315 1.9800914
OS 3.7940315 1.9797946
OS 3.7940315 1.9793494
OS 3.7940315 1.9786074
OS 3.7938831 1.977717
OS 3.7937347 1.9766782
OS 3.7934379 1.9743038
OS 3.7928443 1.9713358
OS 3.7921023 1.9682194
OS 3.7909151 1.9648062
OS 3.7894311 1.961393
OS 3.7894311 1.9612446
OS 3.7892827 1.9609478
OS 3.7889859 1.9605026
OS 3.7885407 1.9597606
OS 3.7880955 1.9590186
OS 3.7875019 1.9579798
OS 3.7858695 1.9556054
OS 3.7837919 1.9526374
OS 3.7812691 1.9493726
OS 3.7781527 1.945811
OS 3.7745911 1.9419526
OS 3.7742943 1.9416558
OS 3.7735523 1.9409138
OS 3.7722167 1.9395782
OS 3.7705843 1.9380942
OS 3.7686551 1.9363134
OS 3.7665775 1.9343842
OS 3.7619771 1.9303774
OS 3.7616803 1.930229
OS 3.7609383 1.9296354
OS 3.7598995 1.928745
OS 3.7585639 1.9277062
OS 3.7555959 1.9253318
OS 3.7542603 1.924293
OS 3.7530731 1.9234026
OS 3.7987803 1.9234026
OS 3.7987803 1.9032202
OS 3.7198315 1.9032202
OS 3.7198315 1.920583
OS 3.7199799 1.9207314
OS 3.7202767 1.9208798
OS 3.7208703 1.921325
OS 3.7214639 1.9219186
OS 3.7223543 1.9226606
OS 3.7233931 1.923551
OS 3.7257675 1.9254802
OS 3.7285871 1.9277062
OS 3.7315551 1.930229
OS 3.7346715 1.9329002
OS 3.7377879 1.9355714
OS 3.7379363 1.9357198
OS 3.7380847 1.9358682
OS 3.7385299 1.9363134
OS 3.7391235 1.9367586
OS 3.7406075 1.9380942
OS 3.7425367 1.939875
OS 3.7447627 1.9419526
OS 3.7471371 1.944327
OS 3.7495115 1.9467014
OS 3.7518859 1.9490758
OS 3.7520343 1.9492242
OS 3.7521827 1.949521
OS 3.7526279 1.9498178
OS 3.7532215 1.9504114
OS 3.7545571 1.9520438
OS 3.7563379 1.953973
OS 3.7581187 1.9563474
OS 3.7600479 1.9587218
OS 3.7618287 1.9612446
OS 3.7633127 1.963619
OS 3.7634611 1.9639158
OS 3.7639063 1.9646578
OS 3.7644999 1.9659934
OS 3.7650935 1.9676258
OS 3.7656871 1.969555
OS 3.7662807 1.9716326
OS 3.7667259 1.974007
OS 3.7668743 1.9765298
OS 3.7668743 1.9766782
OS 3.7668743 1.9768266
OS 3.7668743 1.977717
OS 3.7665775 1.979201
OS 3.7662807 1.9808334
OS 3.7656871 1.9826142
OS 3.7649451 1.9845434
OS 3.7637579 1.9864726
OS 3.7622739 1.988105
OS 3.7621255 1.9882534
OS 3.7615319 1.9886986
OS 3.7604931 1.9894406
OS 3.7590091 1.9901826
OS 3.7572283 1.9907762
OS 3.7551507 1.9915182
OS 3.7526279 1.9919634
OS 3.7498083 1.9921118
OS 3.7483243 1.9921118
OS 3.7472855 1.9919634
OS 3.7460983 1.991815
OS 3.7449111 1.9916666
OS 3.7420915 1.991073
OS 3.7419431 1.991073
OS 3.7414979 1.9909246
OS 3.7407559 1.9906278
OS 3.7397171 1.990331
OS 3.7386783 1.9900342
OS 3.7373427 1.9894406
OS 3.7346715 1.9884018
OS 3.7345231 1.9884018
OS 3.7340779 1.988105
OS 3.7333359 1.9878082
OS 3.7324455 1.987363
OS 3.7303679 1.9863242
OS 3.7282903 1.9849886
OS 3.7281419 1.9849886
OS 3.7278451 1.9846918
OS 3.7269547 1.9840982
OS 3.7256191 1.9833562
OS 3.7245803 1.9826142
OS 3.7225027 1.9826142
OS 3.7225027 2.005913
OS 3.7226511 2.0060614
OS 3.7233931 2.0063582
OS 3.7244319 2.0068034
OS 3.7259159 2.0072486
OS 3.7278451 2.0079906
OS 3.7303679 2.0087326
OS 3.7331875 2.0094746
OS 3.7366007 2.010365
OS 3.7367491 2.010365
OS 3.7370459 2.0105134
OS 3.7374911 2.0106618
OS 3.7382331 2.0108102
OS 3.7391235 2.0109586
OS 3.7401623 2.011107
OS 3.7425367 2.0115522
OS 3.7453563 2.0119974
OS 3.7484727 2.0124426
OS 3.7517375 2.012591
OS 3.7551507 2.0127394
OS 3.7569315 2.0127394
OS 3.7582671 2.012591
OE
OB 3.6914871 1.9474434 I
OS 3.7060303 1.9474434
OS 3.7060303 1.9281514
OS 3.6914871 1.9281514
OS 3.6914871 1.9029234
OS 3.6653687 1.9029234
OS 3.6653687 1.9281514
OS 3.6183259 1.9281514
OS 3.6183259 1.948037
OS 3.6644783 2.0105134
OS 3.6914871 2.0105134
OS 3.6914871 1.9474434
OE
OB 3.0548511 1.9900341 I
OS 3.0091439 1.9900341
OS 3.0091439 1.9711873
OS 3.0512895 1.9711873
OS 3.0512895 1.9507081
OS 3.0091439 1.9507081
OS 3.0091439 1.9236993
OS 3.0548511 1.9236993
OS 3.0548511 1.9032201
OS 2.9822835 1.9032201
OS 2.9822835 2.0105133
OS 3.0548511 2.0105133
OS 3.0548511 1.9900341
OE
OB 3.1231151 2.0125909 I
OS 3.1248959 2.0125909
OS 3.1268251 2.0124425
OS 3.1306835 2.0119973
OS 3.1309803 2.0119973
OS 3.1315739 2.0118489
OS 3.1326127 2.0117005
OS 3.1339483 2.0114037
OS 3.1354323 2.0111069
OS 3.1370647 2.0108101
OS 3.1406263 2.0099197
OS 3.1407747 2.0099197
OS 3.1412199 2.0097713
OS 3.1419619 2.0094745
OS 3.1430007 2.0091777
OS 3.1441879 2.0087325
OS 3.1455235 2.0082873
OS 3.1484915 2.0069517
OS 3.1486399 2.0068033
OS 3.1492335 2.0066549
OS 3.1499755 2.0063581
OS 3.1510143 2.0059129
OS 3.1533887 2.0048741
OS 3.1545759 2.0042805
OS 3.1556147 2.0036869
OS 3.1556147 1.9783105
OS 3.1527951 1.9783105
OS 3.1526467 1.9784589
OS 3.1524983 1.9786073
OS 3.1520531 1.9789041
OS 3.1514595 1.9794977
OS 3.1499755 1.9806849
OS 3.1478979 1.9823173
OS 3.1477495 1.9824657
OS 3.1474527 1.9827625
OS 3.1467107 1.9832077
OS 3.1459687 1.9838013
OS 3.1449299 1.9845433
OS 3.1438911 1.9852853
OS 3.1412199 1.9870661
OS 3.1410715 1.9872145
OS 3.1406263 1.9875113
OS 3.1397359 1.9878081
OS 3.1388455 1.9884017
OS 3.1375099 1.9889953
OS 3.1361743 1.9895889
OS 3.1345419 1.9903309
OS 3.1329095 1.9909245
OS 3.1327611 1.9910729
OS 3.1321675 1.9912213
OS 3.1312771 1.9915181
OS 3.1300899 1.9918149
OS 3.1286059 1.9921117
OS 3.1271219 1.9922601
OS 3.1253411 1.9925569
OS 3.1225215 1.9925569
OS 3.1214827 1.9924085
OS 3.1199987 1.9922601
OS 3.1183663 1.9921117
OS 3.1165855 1.9918149
OS 3.1148047 1.9912213
OS 3.1128755 1.9906277
OS 3.1127271 1.9904793
OS 3.1121335 1.9903309
OS 3.1110947 1.9898857
OS 3.1099075 1.9891437
OS 3.1085719 1.9882533
OS 3.1069395 1.9872145
OS 3.1053071 1.9858789
OS 3.1036747 1.9842465
OS 3.1035263 1.9840981
OS 3.1030811 1.9835045
OS 3.1023391 1.9826141
OS 3.1013003 1.9814269
OS 3.1002615 1.9797945
OS 3.0992227 1.9778653
OS 3.0981839 1.9756393
OS 3.0971451 1.9731165
OS 3.0971451 1.9729681
OS 3.0969967 1.9728197
OS 3.0968483 1.9723745
OS 3.0966999 1.9719293
OS 3.0964031 1.9704453
OS 3.0959579 1.9685161
OS 3.0953643 1.9659933
OS 3.0950675 1.9631737
OS 3.0947707 1.9600573
OS 3.0946223 1.9566441
OS 3.0946223 1.9564957
OS 3.0946223 1.9561989
OS 3.0946223 1.9557537
OS 3.0946223 1.9550117
OS 3.0947707 1.9541213
OS 3.0947707 1.9530825
OS 3.0949191 1.9508565
OS 3.0952159 1.9481853
OS 3.0956611 1.9453657
OS 3.0962547 1.9425461
OS 3.0971451 1.9398749
OS 3.0972935 1.9395781
OS 3.0975903 1.9386877
OS 3.0981839 1.9375005
OS 3.0990743 1.9360165
OS 3.0999647 1.9342357
OS 3.1011519 1.9323065
OS 3.1026359 1.9305257
OS 3.1041199 1.9288933
OS 3.1042683 1.9287449
OS 3.1048619 1.9282997
OS 3.1057523 1.9275577
OS 3.1069395 1.9266673
OS 3.1082751 1.9257769
OS 3.1099075 1.9247381
OS 3.1116883 1.9238477
OS 3.1134691 1.9231057
OS 3.1137659 1.9231057
OS 3.1143595 1.9228089
OS 3.1153983 1.9225121
OS 3.1167339 1.9222153
OS 3.1182179 1.9219185
OS 3.1199987 1.9216217
OS 3.1217795 1.9214733
OS 3.1237087 1.9213249
OS 3.1245991 1.9213249
OS 3.1256379 1.9214733
OS 3.1269735 1.9214733
OS 3.1284575 1.9217701
OS 3.1302383 1.9220669
OS 3.1320191 1.9223637
OS 3.1337999 1.9229573
OS 3.1339483 1.9231057
OS 3.1346903 1.9232541
OS 3.1355807 1.9236993
OS 3.1366195 1.9241445
OS 3.1379551 1.9247381
OS 3.1392907 1.9253317
OS 3.1406263 1.9262221
OS 3.1419619 1.9269641
OS 3.1421103 1.9271125
OS 3.1425555 1.9274093
OS 3.1432975 1.9278545
OS 3.1441879 1.9282997
OS 3.1462655 1.9297837
OS 3.1483431 1.9314161
OS 3.1484915 1.9315645
OS 3.1487883 1.9318613
OS 3.1492335 1.9321581
OS 3.1499755 1.9327517
OS 3.1514595 1.9340873
OS 3.1530919 1.9355713
OS 3.1556147 1.9355713
OS 3.1556147 1.9103433
OS 3.1554663 1.9103433
OS 3.1550211 1.9100465
OS 3.1544275 1.9097497
OS 3.1536855 1.9094529
OS 3.1526467 1.9088593
OS 3.1514595 1.9084141
OS 3.1486399 1.9070785
OS 3.1484915 1.9070785
OS 3.1480463 1.9067817
OS 3.1471559 1.9064849
OS 3.1462655 1.9060397
OS 3.1450783 1.9055945
OS 3.1437427 1.9051493
OS 3.1407747 1.9041105
OS 3.1406263 1.9041105
OS 3.1398843 1.9039621
OS 3.1389939 1.9036653
OS 3.1376583 1.9033685
OS 3.1361743 1.9030717
OS 3.1346903 1.9026265
OS 3.1312771 1.9020329
OS 3.1311287 1.9020329
OS 3.1305351 1.9018845
OS 3.1294963 1.9017361
OS 3.1281607 1.9015877
OS 3.1265283 1.9014393
OS 3.1244507 1.9012909
OS 3.1219279 1.9011425
OS 3.1182179 1.9011425
OS 3.1168823 1.9012909
OS 3.1152499 1.9014393
OS 3.1131723 1.9015877
OS 3.1107979 1.9018845
OS 3.1082751 1.9023297
OS 3.1054555 1.9029233
OS 3.1023391 1.9036653
OS 3.0992227 1.9047041
OS 3.0961063 1.9058913
OS 3.0928415 1.9072269
OS 3.0897251 1.9090077
OS 3.0866087 1.9109369
OS 3.0837891 1.9131629
OS 3.0809695 1.9156857
OS 3.0808211 1.9158341
OS 3.0803759 1.9164277
OS 3.0796339 1.9171697
OS 3.0787435 1.9183569
OS 3.0777047 1.9198409
OS 3.0765175 1.9216217
OS 3.0751819 1.9238477
OS 3.0739947 1.9262221
OS 3.0726591 1.9290417
OS 3.0713235 1.9321581
OS 3.0701363 1.9354229
OS 3.0690975 1.9391329
OS 3.0682071 1.9431397
OS 3.0674651 1.9474433
OS 3.0670199 1.9518953
OS 3.0668715 1.9567925
OS 3.0668715 1.9569409
OS 3.0668715 1.9570893
OS 3.0668715 1.9579797
OS 3.0670199 1.9593153
OS 3.0671683 1.9610961
OS 3.0673167 1.9631737
OS 3.0676135 1.9656965
OS 3.0680587 1.9685161
OS 3.0686523 1.9714841
OS 3.0693943 1.9746005
OS 3.0702847 1.9780137
OS 3.0714719 1.9812785
OS 3.0728075 1.9846917
OS 3.0744399 1.9881049
OS 3.0763691 1.9913697
OS 3.0784467 1.9944861
OS 3.0809695 1.9974541
OS 3.0811179 1.9976025
OS 3.0815631 1.9980477
OS 3.0824535 1.9989381
OS 3.0836407 1.9998285
OS 3.0849763 2.0010157
OS 3.0867571 2.0023513
OS 3.0888347 2.0036869
OS 3.0910607 2.0051709
OS 3.0937319 2.0065065
OS 3.0965515 2.0078421
OS 3.0996679 2.0091777
OS 3.1030811 2.0103649
OS 3.1067911 2.0114037
OS 3.1106495 2.0121457
OS 3.1148047 2.0125909
OS 3.1192567 2.0127393
OS 3.1214827 2.0127393
OS 3.1231151 2.0125909
OE
OB 3.3035695 2.012591 I
OS 3.3052019 2.0124426
OS 3.3069827 2.0122942
OS 3.3090603 2.0119974
OS 3.3112863 2.0117006
OS 3.3158867 2.0106618
OS 3.3184095 2.0099198
OS 3.3207839 2.0091778
OS 3.3231583 2.008139
OS 3.3253843 2.0069518
OS 3.3274619 2.0056162
OS 3.3293911 2.0041322
OS 3.3295395 2.0039838
OS 3.3298363 2.003687
OS 3.3302815 2.0032418
OS 3.3310235 2.0026482
OS 3.3317655 2.0017578
OS 3.3325075 2.000719
OS 3.3333979 1.9993834
OS 3.3344367 1.9980478
OS 3.3353271 1.9964154
OS 3.3362175 1.9946346
OS 3.3369595 1.992557
OS 3.3378499 1.9904794
OS 3.3384435 1.9882534
OS 3.3388887 1.9857306
OS 3.3391855 1.9830594
OS 3.3393339 1.9802398
OS 3.3393339 1.9800914
OS 3.3393339 1.9797946
OS 3.3393339 1.9793494
OS 3.3393339 1.9786074
OS 3.3391855 1.977717
OS 3.3390371 1.9766782
OS 3.3387403 1.9743038
OS 3.3381467 1.9713358
OS 3.3374047 1.9682194
OS 3.3362175 1.9648062
OS 3.3347335 1.961393
OS 3.3347335 1.9612446
OS 3.3345851 1.9609478
OS 3.3342883 1.9605026
OS 3.3338431 1.9597606
OS 3.3333979 1.9590186
OS 3.3328043 1.9579798
OS 3.3311719 1.9556054
OS 3.3290943 1.9526374
OS 3.3265715 1.9493726
OS 3.3234551 1.945811
OS 3.3198935 1.9419526
OS 3.3195967 1.9416558
OS 3.3188547 1.9409138
OS 3.3175191 1.9395782
OS 3.3158867 1.9380942
OS 3.3139575 1.9363134
OS 3.3118799 1.9343842
OS 3.3072795 1.9303774
OS 3.3069827 1.930229
OS 3.3062407 1.9296354
OS 3.3052019 1.928745
OS 3.3038663 1.9277062
OS 3.3008983 1.9253318
OS 3.2995627 1.924293
OS 3.2983755 1.9234026
OS 3.3440827 1.9234026
OS 3.3440827 1.9032202
OS 3.2651339 1.9032201
OS 3.2651339 1.9205829
OS 3.2652823 1.9207313
OS 3.2655791 1.9208797
OS 3.2661727 1.9213249
OS 3.2667663 1.9219185
OS 3.2676567 1.9226605
OS 3.2686955 1.923551
OS 3.2710699 1.9254802
OS 3.2738895 1.9277062
OS 3.2768575 1.930229
OS 3.2799739 1.9329002
OS 3.2830903 1.9355714
OS 3.2832387 1.9357198
OS 3.2833871 1.9358682
OS 3.2838323 1.9363134
OS 3.2844259 1.9367586
OS 3.2859099 1.9380942
OS 3.2878391 1.939875
OS 3.2900651 1.9419526
OS 3.2924395 1.944327
OS 3.2948139 1.9467014
OS 3.2971883 1.9490758
OS 3.2973367 1.9492242
OS 3.2974851 1.949521
OS 3.2979303 1.9498178
OS 3.2985239 1.9504114
OS 3.2998595 1.9520438
OS 3.3016403 1.953973
OS 3.3034211 1.9563474
OS 3.3053503 1.9587218
OS 3.3071311 1.9612446
OS 3.3086151 1.963619
OS 3.3087635 1.9639158
OS 3.3092087 1.9646578
OS 3.3098023 1.9659934
OS 3.3103959 1.9676258
OS 3.3109895 1.969555
OS 3.3115831 1.9716326
OS 3.3120283 1.974007
OS 3.3121767 1.9765298
OS 3.3121767 1.9766782
OS 3.3121767 1.9768266
OS 3.3121767 1.977717
OS 3.3118799 1.979201
OS 3.3115831 1.9808334
OS 3.3109895 1.9826142
OS 3.3102475 1.9845434
OS 3.3090603 1.9864726
OS 3.3075763 1.988105
OS 3.3074279 1.9882534
OS 3.3068343 1.9886986
OS 3.3057955 1.9894406
OS 3.3043115 1.9901826
OS 3.3025307 1.9907762
OS 3.3004531 1.9915182
OS 3.2979303 1.9919634
OS 3.2951107 1.9921118
OS 3.2936267 1.9921118
OS 3.2925879 1.9919634
OS 3.2914007 1.991815
OS 3.2902135 1.9916666
OS 3.2873939 1.991073
OS 3.2872455 1.991073
OS 3.2868003 1.9909246
OS 3.2860583 1.9906278
OS 3.2850195 1.990331
OS 3.2839807 1.9900342
OS 3.2826451 1.9894406
OS 3.2799739 1.9884018
OS 3.2798255 1.9884018
OS 3.2793803 1.988105
OS 3.2786383 1.9878082
OS 3.2777479 1.987363
OS 3.2756703 1.9863242
OS 3.2735927 1.9849886
OS 3.2734443 1.9849886
OS 3.2731475 1.9846918
OS 3.2722571 1.9840982
OS 3.2709215 1.9833562
OS 3.2698827 1.9826142
OS 3.2678051 1.9826141
OS 3.2678051 2.0059129
OS 3.2679535 2.0060613
OS 3.2686955 2.0063582
OS 3.2697343 2.0068034
OS 3.2712183 2.0072486
OS 3.2731475 2.0079906
OS 3.2756703 2.0087326
OS 3.2784899 2.0094746
OS 3.2819031 2.010365
OS 3.2820515 2.010365
OS 3.2823483 2.0105134
OS 3.2827935 2.0106618
OS 3.2835355 2.0108102
OS 3.2844259 2.0109586
OS 3.2854647 2.011107
OS 3.2878391 2.0115522
OS 3.2906587 2.0119974
OS 3.2937751 2.0124426
OS 3.2970399 2.012591
OS 3.3004531 2.0127394
OS 3.3022339 2.0127394
OS 3.3035695 2.012591
OE
OB 3.2367895 1.9474433 I
OS 3.2513327 1.9474433
OS 3.2513327 1.9281513
OS 3.2367895 1.9281513
OS 3.2367895 1.9029233
OS 3.2106711 1.9029233
OS 3.2106711 1.9281513
OS 3.1636283 1.9281513
OS 3.1636283 1.9480369
OS 3.2097807 2.0105133
OS 3.2367895 2.0105133
OS 3.2367895 1.9474433
OE
OB 3.2106711 1.9839497 H
OS 3.1835139 1.9474433
OS 3.2106711 1.9474433
OS 3.2106711 1.9839497
OE
OB 3.6653687 1.9839498 H
OS 3.6382115 1.9474434
OS 3.6653687 1.9474434
OS 3.6653687 1.9839498
OE
SE
S P 0
OB 3.0668102 3.7326519 I
OS 3.0677265 3.7325686
OS 3.0687261 3.7324853
OS 3.0698923 3.7323187
OS 3.0711418 3.7321521
OS 3.0737241 3.731569
OS 3.0751402 3.7311525
OS 3.076473 3.730736
OS 3.0778058 3.7301529
OS 3.0790553 3.7294865
OS 3.0802215 3.7287368
OS 3.0813044 3.7279038
OS 3.0813877 3.7278205
OS 3.0815543 3.7276539
OS 3.0818042 3.727404
OS 3.0822207 3.7270708
OS 3.0826372 3.726571
OS 3.0830537 3.7259879
OS 3.0835535 3.7252382
OS 3.0841366 3.7244885
OS 3.0846364 3.7235722
OS 3.0851362 3.7225726
OS 3.0855527 3.7214064
OS 3.0860525 3.7202402
OS 3.0863857 3.7189907
OS 3.0866356 3.7175746
OS 3.0868022 3.7160752
OS 3.0868855 3.7144925
OS 3.0868855 3.7144092
OS 3.0868855 3.7142426
OS 3.0868855 3.7139927
OS 3.0868855 3.7135762
OS 3.0868022 3.7130764
OS 3.0867189 3.7124933
OS 3.0865523 3.7111605
OS 3.0862191 3.7094945
OS 3.0858026 3.7077452
OS 3.0851362 3.7058293
OS 3.0843032 3.7039134
OS 3.0843032 3.7038301
OS 3.0842199 3.7036635
OS 3.0840533 3.7034136
OS 3.0838034 3.7029971
OS 3.0835535 3.7025806
OS 3.0832203 3.7019975
OS 3.082304 3.7006647
OS 3.0811378 3.6989987
OS 3.0797217 3.6971661
OS 3.0779724 3.6951669
OS 3.0759732 3.6930011
OS 3.0758066 3.6928345
OS 3.0753901 3.692418
OS 3.0746404 3.6916683
OS 3.0737241 3.6908353
OS 3.0726412 3.6898357
OS 3.071475 3.6887528
OS 3.0688927 3.6865037
OS 3.0687261 3.6864204
OS 3.0683096 3.6860872
OS 3.0677265 3.6855874
OS 3.0669768 3.6850043
OS 3.0653108 3.6836715
OS 3.0645611 3.6830884
OS 3.0638947 3.6825886
OS 3.0895511 3.6825886
OS 3.0895511 3.6712598
OS 3.0452355 3.6712598
OS 3.0452355 3.6810059
OS 3.0453188 3.6810892
OS 3.0454854 3.6811725
OS 3.0458186 3.6814224
OS 3.0461518 3.6817556
OS 3.0466516 3.6821721
OS 3.0472347 3.6826719
OS 3.0485675 3.6837548
OS 3.0501502 3.6850043
OS 3.0518162 3.6864204
OS 3.0535655 3.6879198
OS 3.0553148 3.6894192
OS 3.0553981 3.6895025
OS 3.0554814 3.6895858
OS 3.0557313 3.6898357
OS 3.0560645 3.6900856
OS 3.0568975 3.6908353
OS 3.0579804 3.6918349
OS 3.0592299 3.6930011
OS 3.0605627 3.6943339
OS 3.0618955 3.6956667
OS 3.0632283 3.6969995
OS 3.0633116 3.6970828
OS 3.0633949 3.6972494
OS 3.0636448 3.697416
OS 3.063978 3.6977492
OS 3.0647277 3.6986655
OS 3.0657273 3.6997484
OS 3.0667269 3.7010812
OS 3.0678098 3.702414
OS 3.0688094 3.7038301
OS 3.0696424 3.7051629
OS 3.0697257 3.7053295
OS 3.0699756 3.705746
OS 3.0703088 3.7064957
OS 3.070642 3.707412
OS 3.0709752 3.7084949
OS 3.0713084 3.7096611
OS 3.0715583 3.7109939
OS 3.0716416 3.71241
OS 3.0716416 3.7124933
OS 3.0716416 3.7125766
OS 3.0716416 3.7130764
OS 3.071475 3.7139094
OS 3.0713084 3.7148257
OS 3.0709752 3.7158253
OS 3.0705587 3.7169082
OS 3.0698923 3.7179911
OS 3.0690593 3.7189074
OS 3.068976 3.7189907
OS 3.0686428 3.7192406
OS 3.0680597 3.7196571
OS 3.0672267 3.7200736
OS 3.0662271 3.7204068
OS 3.0650609 3.7208233
OS 3.0636448 3.7210732
OS 3.0620621 3.7211565
OS 3.0612291 3.7211565
OS 3.060646 3.7210732
OS 3.0599796 3.7209899
OS 3.0593132 3.7209066
OS 3.0577305 3.7205734
OS 3.0576472 3.7205734
OS 3.0573973 3.7204901
OS 3.0569808 3.7203235
OS 3.0563977 3.7201569
OS 3.0558146 3.7199903
OS 3.0550649 3.7196571
OS 3.0535655 3.719074
OS 3.0534822 3.719074
OS 3.0532323 3.7189074
OS 3.0528158 3.7187408
OS 3.052316 3.7184909
OS 3.0511498 3.7179078
OS 3.0499836 3.7171581
OS 3.0499003 3.7171581
OS 3.0497337 3.7169915
OS 3.0492339 3.7166583
OS 3.0484842 3.7162418
OS 3.0479011 3.7158253
OS 3.0467349 3.7158253
OS 3.0467349 3.7289034
OS 3.0468182 3.7289867
OS 3.0472347 3.7291533
OS 3.0478178 3.7294032
OS 3.0486508 3.7296531
OS 3.0497337 3.7300696
OS 3.0511498 3.7304861
OS 3.0527325 3.7309026
OS 3.0546484 3.7314024
OS 3.0547317 3.7314024
OS 3.0548983 3.7314857
OS 3.0551482 3.731569
OS 3.0555647 3.7316523
OS 3.0560645 3.7317356
OS 3.0566476 3.7318189
OS 3.0579804 3.7320688
OS 3.0595631 3.7323187
OS 3.0613124 3.7325686
OS 3.063145 3.7326519
OS 3.0650609 3.7327352
OS 3.0660605 3.7327352
OS 3.0668102 3.7326519
OE
OB 3.0043352 3.7314024 I
OS 3.0051682 3.7314024
OS 3.0070008 3.7313191
OS 3.009 3.7311525
OS 3.0110825 3.7309026
OS 3.013165 3.7306527
OS 3.0134149 3.7306527
OS 3.0137481 3.7305694
OS 3.0140813 3.7304861
OS 3.0145811 3.7304028
OS 3.0151642 3.7302362
OS 3.0165803 3.7298197
OS 3.018163 3.7293199
OS 3.0199123 3.7286535
OS 3.0217449 3.7278205
OS 3.0235775 3.7267376
OS 3.0236608 3.7266543
OS 3.0238274 3.726571
OS 3.0241606 3.7263211
OS 3.0245771 3.7260712
OS 3.0250769 3.7256547
OS 3.02566 3.7251549
OS 3.0269928 3.7239887
OS 3.0284922 3.7225726
OS 3.0299916 3.72074
OS 3.031491 3.7187408
OS 3.0329071 3.7164084
OS 3.0329904 3.7163251
OS 3.0330737 3.7161585
OS 3.0332403 3.715742
OS 3.0334902 3.7152422
OS 3.0337401 3.7146591
OS 3.03399 3.7139094
OS 3.0343232 3.7130764
OS 3.0346564 3.7120768
OS 3.0349896 3.7110772
OS 3.0353228 3.709911
OS 3.0355727 3.7086615
OS 3.0358226 3.7073287
OS 3.0362391 3.7044132
OS 3.0364057 3.7012478
OS 3.0364057 3.7011645
OS 3.0364057 3.7009146
OS 3.0364057 3.7004148
OS 3.0363224 3.6998317
OS 3.0363224 3.699082
OS 3.0362391 3.698249
OS 3.0360725 3.6972494
OS 3.0359059 3.6962498
OS 3.0354894 3.6938341
OS 3.034823 3.6913351
OS 3.0339067 3.6887528
OS 3.0333236 3.68742
OS 3.0326572 3.6861705
OS 3.0326572 3.6860872
OS 3.0324906 3.6859206
OS 3.032324 3.6855041
OS 3.0319908 3.6850876
OS 3.0316576 3.6845045
OS 3.0312411 3.6839214
OS 3.0301582 3.682422
OS 3.0288254 3.6808393
OS 3.0272427 3.67909
OS 3.0254101 3.6775073
OS 3.0234109 3.6760079
OS 3.0233276 3.6760079
OS 3.023161 3.6758413
OS 3.0229111 3.675758
OS 3.0225779 3.6755081
OS 3.0221614 3.6752582
OS 3.0216616 3.6750083
OS 3.0204121 3.6743419
OS 3.0188294 3.6736755
OS 3.0171634 3.6730924
OS 3.0152475 3.6725093
OS 3.013165 3.6720928
OS 3.0129151 3.6720928
OS 3.0125819 3.6720095
OS 3.0122487 3.6719262
OS 3.0116656 3.6719262
OS 3.0110825 3.6718429
OS 3.0104161 3.6717596
OS 3.0096664 3.6716763
OS 3.0079171 3.6715097
OS 3.0059179 3.6714264
OS 3.0037521 3.6712598
OS 2.9826772 3.6712598
OS 2.9826772 3.7314857
OS 3.0036688 3.7314857
OS 3.0043352 3.7314024
OE
OB 3.0013364 3.7202402 H
OS 2.9978378 3.7202402
OS 2.9978378 3.6825886
OS 3.0010865 3.6825886
OS 3.0024193 3.6826719
OS 3.0052515 3.6826719
OS 3.0065843 3.6827552
OS 3.0067509 3.6827552
OS 3.0071674 3.6828385
OS 3.0078338 3.6829218
OS 3.0087501 3.6830884
OS 3.0097497 3.6833383
OS 3.0109159 3.6837548
OS 3.0120821 3.6842546
OS 3.0132483 3.684921
OS 3.0133316 3.684921
OS 3.0134149 3.6850043
OS 3.0138314 3.6853375
OS 3.0144978 3.6858373
OS 3.0153308 3.686587
OS 3.0162471 3.6875033
OS 3.0171634 3.6885862
OS 3.0180797 3.689919
OS 3.0188294 3.6913351
OS 3.0188294 3.6914184
OS 3.0189127 3.6915017
OS 3.018996 3.6917516
OS 3.0191626 3.6920848
OS 3.0193292 3.6925013
OS 3.0194958 3.6930011
OS 3.019829 3.6941673
OS 3.0201622 3.6956667
OS 3.0204954 3.6973327
OS 3.0207453 3.6992486
OS 3.0208286 3.7014144
OS 3.0208286 3.7014977
OS 3.0208286 3.7016643
OS 3.0208286 3.7019975
OS 3.0208286 3.702414
OS 3.0207453 3.7029138
OS 3.0207453 3.7034969
OS 3.0205787 3.704913
OS 3.0203288 3.7064957
OS 3.0199123 3.7081617
OS 3.0194125 3.709911
OS 3.0187461 3.711577
OS 3.0187461 3.7116603
OS 3.0186628 3.7117436
OS 3.0183296 3.7122434
OS 3.0179131 3.7130764
OS 3.0172467 3.7139927
OS 3.0163304 3.7150756
OS 3.0152475 3.7161585
OS 3.013998 3.7172414
OS 3.0124986 3.7181577
OS 3.012332 3.718241
OS 3.0119988 3.7184076
OS 3.0113324 3.7187408
OS 3.0105827 3.719074
OS 3.0095831 3.7194072
OS 3.0085002 3.7197404
OS 3.007334 3.719907
OS 3.0060845 3.7200736
OS 3.0055014 3.7200736
OS 3.0047517 3.7201569
OS 3.0026692 3.7201569
OS 3.0013364 3.7202402
OE
SE
S P 0
OB 3.1796953 3.8999748 I
OS 3.1802784 3.8999748
OS 3.1815279 3.8998915
OS 3.182944 3.8997249
OS 3.1845267 3.8993917
OS 3.1861094 3.8990585
OS 3.1876921 3.8985587
OS 3.1877754 3.8985587
OS 3.1878587 3.8984754
OS 3.1883585 3.8983088
OS 3.1891082 3.8978923
OS 3.1901078 3.8974758
OS 3.1911907 3.8968094
OS 3.1923569 3.8960597
OS 3.1935231 3.8951434
OS 3.1946893 3.8940605
OS 3.1948559 3.8938939
OS 3.1952724 3.8933941
OS 3.1958555 3.8926444
OS 3.1966052 3.8916448
OS 3.1974382 3.890312
OS 3.1982712 3.8888126
OS 3.1990209 3.8870633
OS 3.1997706 3.8851474
OS 3.1997706 3.8850641
OS 3.1998539 3.8848975
OS 3.1999372 3.8845643
OS 3.2000205 3.8841478
OS 3.2001871 3.883648
OS 3.2003537 3.8830649
OS 3.2005203 3.8823152
OS 3.2006869 3.8814822
OS 3.2008535 3.8805659
OS 3.2010201 3.8795663
OS 3.2013533 3.8773172
OS 3.2015199 3.8748182
OS 3.2016032 3.8720693
OS 3.2016032 3.871986
OS 3.2016032 3.8717361
OS 3.2016032 3.8713196
OS 3.2016032 3.8707365
OS 3.2015199 3.8700701
OS 3.2015199 3.8693204
OS 3.2014366 3.8684041
OS 3.2013533 3.8674045
OS 3.2011867 3.8652387
OS 3.2008535 3.8629063
OS 3.2003537 3.8604073
OS 3.1997706 3.8579916
OS 3.1997706 3.8579083
OS 3.1996873 3.8577417
OS 3.199604 3.8574085
OS 3.1994374 3.8569087
OS 3.1992708 3.8563256
OS 3.1990209 3.8557425
OS 3.1984378 3.8542431
OS 3.1976881 3.8524938
OS 3.1966885 3.8506612
OS 3.1956056 3.8487453
OS 3.1942728 3.846996
OS 3.1941895 3.8469127
OS 3.1941062 3.8468294
OS 3.1938563 3.8465795
OS 3.1936064 3.8462463
OS 3.1927734 3.8454133
OS 3.1916072 3.8443304
OS 3.1901911 3.8431642
OS 3.1885251 3.841998
OS 3.1866925 3.8408318
OS 3.18461 3.8398322
OS 3.1845267 3.8398322
OS 3.1843601 3.8397489
OS 3.1840269 3.8395823
OS 3.1836104 3.839499
OS 3.1830273 3.8392491
OS 3.1823609 3.8390825
OS 3.1816112 3.8388326
OS 3.1806949 3.838666
OS 3.1796953 3.8384161
OS 3.1786124 3.8381662
OS 3.1774462 3.8379996
OS 3.1761967 3.837833
OS 3.1734478 3.8374998
OS 3.170449 3.8374165
OS 3.1693661 3.8374165
OS 3.1686164 3.8374998
OS 3.1677834 3.8374998
OS 3.1667838 3.8375831
OS 3.1657009 3.8376664
OS 3.1645347 3.837833
OS 3.1643681 3.837833
OS 3.1640349 3.8379163
OS 3.1635351 3.8379996
OS 3.162952 3.8380829
OS 3.1616192 3.8382495
OS 3.1610361 3.8384161
OS 3.1605363 3.8384994
OS 3.1605363 3.8502447
OS 3.1617858 3.8502447
OS 3.1618691 3.8501614
OS 3.162119 3.8499948
OS 3.1625355 3.8499115
OS 3.162952 3.8496616
OS 3.1635351 3.849495
OS 3.1641182 3.8492451
OS 3.1648679 3.8489952
OS 3.1649512 3.8489952
OS 3.1652844 3.8489119
OS 3.1657009 3.8488286
OS 3.1663673 3.8487453
OS 3.1672003 3.8485787
OS 3.1681999 3.8484954
OS 3.1692828 3.8484121
OS 3.1711154 3.8484121
OS 3.1716985 3.8484954
OS 3.1724482 3.8484954
OS 3.1732812 3.8485787
OS 3.1741975 3.8487453
OS 3.17628 3.8491618
OS 3.1763633 3.8491618
OS 3.1767798 3.8493284
OS 3.1772796 3.849495
OS 3.177946 3.8497449
OS 3.1786124 3.8500781
OS 3.1794454 3.8504946
OS 3.1802784 3.8510777
OS 3.1810281 3.8516608
OS 3.1811114 3.8517441
OS 3.1813613 3.851994
OS 3.1817778 3.8523272
OS 3.1822776 3.8529103
OS 3.1827774 3.8534934
OS 3.1833605 3.8542431
OS 3.1839436 3.8551594
OS 3.1844434 3.8560757
OS 3.1845267 3.8562423
OS 3.1846933 3.8565755
OS 3.1849432 3.8571586
OS 3.1851931 3.8579083
OS 3.1855263 3.8589079
OS 3.1858595 3.8600741
OS 3.1861094 3.8613236
OS 3.1863593 3.862823
OS 3.1861927 3.8627397
OS 3.1857762 3.8624898
OS 3.1851931 3.8620733
OS 3.1843601 3.8616568
OS 3.1834438 3.861157
OS 3.1824442 3.8605739
OS 3.1813613 3.8600741
OS 3.1802784 3.8596576
OS 3.1801951 3.8596576
OS 3.1797786 3.859491
OS 3.1791955 3.8593244
OS 3.1783625 3.8591578
OS 3.1774462 3.8589912
OS 3.17628 3.8588246
OS 3.1749472 3.8587413
OS 3.1734478 3.858658
OS 3.172948 3.858658
OS 3.1722816 3.8587413
OS 3.1715319 3.8587413
OS 3.1706156 3.8588246
OS 3.169616 3.8589912
OS 3.1674502 3.8594077
OS 3.1673669 3.859491
OS 3.1669504 3.8595743
OS 3.1664506 3.8597409
OS 3.1657842 3.8600741
OS 3.1649512 3.8604073
OS 3.1641182 3.8608238
OS 3.1632019 3.8614069
OS 3.1622856 3.86199
OS 3.162119 3.8620733
OS 3.1617858 3.8624065
OS 3.1612027 3.8629896
OS 3.1605363 3.863656
OS 3.1597033 3.8645723
OS 3.1589536 3.8656552
OS 3.1581206 3.8669047
OS 3.1573709 3.8682375
OS 3.1573709 3.8683208
OS 3.1572876 3.8684041
OS 3.1572043 3.868654
OS 3.157121 3.8689039
OS 3.1567878 3.8697369
OS 3.1565379 3.8709031
OS 3.1562047 3.8723192
OS 3.1558715 3.8740685
OS 3.1557049 3.8759844
OS 3.1556216 3.8781502
OS 3.1556216 3.8782335
OS 3.1556216 3.8784001
OS 3.1556216 3.87865
OS 3.1556216 3.8789832
OS 3.1557049 3.8798995
OS 3.1557882 3.8809824
OS 3.1560381 3.8823152
OS 3.156288 3.8838146
OS 3.1567045 3.885314
OS 3.1572043 3.8868134
OS 3.1572043 3.8868967
OS 3.1572876 3.88698
OS 3.1575375 3.8874798
OS 3.1578707 3.8882295
OS 3.1583705 3.8892291
OS 3.1590369 3.890312
OS 3.1597866 3.8914782
OS 3.1607029 3.8926444
OS 3.1617025 3.8938106
OS 3.1618691 3.8939772
OS 3.1622023 3.8943104
OS 3.1628687 3.8948102
OS 3.1637017 3.8954766
OS 3.1647013 3.8962263
OS 3.1659508 3.896976
OS 3.1673669 3.8977257
OS 3.1688663 3.8983921
OS 3.1689496 3.8983921
OS 3.1690329 3.8984754
OS 3.1692828 3.8985587
OS 3.169616 3.898642
OS 3.170449 3.8988919
OS 3.1716152 3.8992251
OS 3.1730313 3.8995583
OS 3.1746973 3.8998082
OS 3.1764466 3.8999748
OS 3.1783625 3.9000581
OS 3.1792788 3.9000581
OS 3.1796953 3.8999748
OE
OB 3.1319644 3.8999748 I
OS 3.132964 3.8999748
OS 3.1340469 3.8998915
OS 3.1362127 3.8996416
OS 3.1363793 3.8996416
OS 3.1367125 3.8995583
OS 3.1372956 3.899475
OS 3.1380453 3.8993084
OS 3.1388783 3.8991418
OS 3.1397946 3.8989752
OS 3.1417938 3.8984754
OS 3.1418771 3.8984754
OS 3.142127 3.8983921
OS 3.1425435 3.8982255
OS 3.1431266 3.8980589
OS 3.143793 3.897809
OS 3.1445427 3.8975591
OS 3.1462087 3.8968094
OS 3.146292 3.8967261
OS 3.1466252 3.8966428
OS 3.1470417 3.8964762
OS 3.1476248 3.8962263
OS 3.1489576 3.8956432
OS 3.149624 3.89531
OS 3.1502071 3.8949768
OS 3.1502071 3.8807325
OS 3.1486244 3.8807325
OS 3.1485411 3.8808158
OS 3.1484578 3.8808991
OS 3.1482079 3.8810657
OS 3.1478747 3.8813989
OS 3.1470417 3.8820653
OS 3.1458755 3.8829816
OS 3.1457922 3.8830649
OS 3.1456256 3.8832315
OS 3.1452091 3.8834814
OS 3.1447926 3.8838146
OS 3.1442095 3.8842311
OS 3.1436264 3.8846476
OS 3.142127 3.8856472
OS 3.1420437 3.8857305
OS 3.1417938 3.8858971
OS 3.141294 3.8860637
OS 3.1407942 3.8863969
OS 3.1400445 3.8867301
OS 3.1392948 3.8870633
OS 3.1383785 3.8874798
OS 3.1374622 3.887813
OS 3.1373789 3.8878963
OS 3.1370457 3.8879796
OS 3.1365459 3.8881462
OS 3.1358795 3.8883128
OS 3.1350465 3.8884794
OS 3.1342135 3.8885627
OS 3.1332139 3.8887293
OS 3.1316312 3.8887293
OS 3.1310481 3.888646
OS 3.1302151 3.8885627
OS 3.1292988 3.8884794
OS 3.1282992 3.8883128
OS 3.1272996 3.8879796
OS 3.1262167 3.8876464
OS 3.1261334 3.8875631
OS 3.1258002 3.8874798
OS 3.1252171 3.8872299
OS 3.1245507 3.8868134
OS 3.123801 3.8863136
OS 3.1228847 3.8857305
OS 3.1219684 3.8849808
OS 3.1210521 3.8840645
OS 3.1209688 3.8839812
OS 3.1207189 3.883648
OS 3.1203024 3.8831482
OS 3.1197193 3.8824818
OS 3.1191362 3.8815655
OS 3.1185531 3.8804826
OS 3.11797 3.8792331
OS 3.1173869 3.877817
OS 3.1173869 3.8777337
OS 3.1173036 3.8776504
OS 3.1172203 3.8774005
OS 3.117137 3.8771506
OS 3.1169704 3.8763176
OS 3.1167205 3.8752347
OS 3.1163873 3.8738186
OS 3.1162207 3.8722359
OS 3.1160541 3.8704866
OS 3.1159708 3.8685707
OS 3.1159708 3.8684874
OS 3.1159708 3.8683208
OS 3.1159708 3.8680709
OS 3.1159708 3.8676544
OS 3.1160541 3.8671546
OS 3.1160541 3.8665715
OS 3.1161374 3.865322
OS 3.116304 3.8638226
OS 3.1165539 3.8622399
OS 3.1168871 3.8606572
OS 3.1173869 3.8591578
OS 3.1174702 3.8589912
OS 3.1176368 3.8584914
OS 3.11797 3.857825
OS 3.1184698 3.856992
OS 3.1189696 3.8559924
OS 3.119636 3.8549095
OS 3.120469 3.8539099
OS 3.121302 3.8529936
OS 3.1213853 3.8529103
OS 3.1217185 3.8526604
OS 3.1222183 3.8522439
OS 3.1228847 3.8517441
OS 3.1236344 3.8512443
OS 3.1245507 3.8506612
OS 3.1255503 3.8501614
OS 3.1265499 3.8497449
OS 3.1267165 3.8497449
OS 3.1270497 3.8495783
OS 3.1276328 3.8494117
OS 3.1283825 3.8492451
OS 3.1292155 3.8490785
OS 3.1302151 3.8489119
OS 3.1312147 3.8488286
OS 3.1322976 3.8487453
OS 3.1327974 3.8487453
OS 3.1333805 3.8488286
OS 3.1341302 3.8488286
OS 3.1349632 3.8489952
OS 3.1359628 3.8491618
OS 3.1369624 3.8493284
OS 3.137962 3.8496616
OS 3.1380453 3.8497449
OS 3.1384618 3.8498282
OS 3.1389616 3.8500781
OS 3.1395447 3.850328
OS 3.1402944 3.8506612
OS 3.1410441 3.8509944
OS 3.1417938 3.8514942
OS 3.1425435 3.8519107
OS 3.1426268 3.851994
OS 3.1428767 3.8521606
OS 3.1432932 3.8524105
OS 3.143793 3.8526604
OS 3.1449592 3.8534934
OS 3.1461254 3.8544097
OS 3.1462087 3.854493
OS 3.1463753 3.8546596
OS 3.1466252 3.8548262
OS 3.1470417 3.8551594
OS 3.1478747 3.8559091
OS 3.148791 3.8567421
OS 3.1502071 3.8567421
OS 3.1502071 3.8425811
OS 3.1501238 3.8425811
OS 3.1498739 3.8424145
OS 3.1495407 3.8422479
OS 3.1491242 3.8420813
OS 3.1485411 3.8417481
OS 3.1478747 3.8414982
OS 3.146292 3.8407485
OS 3.1462087 3.8407485
OS 3.1459588 3.8405819
OS 3.145459 3.8404153
OS 3.1449592 3.8401654
OS 3.1442928 3.8399155
OS 3.1435431 3.8396656
OS 3.1418771 3.8390825
OS 3.1417938 3.8390825
OS 3.1413773 3.8389992
OS 3.1408775 3.8388326
OS 3.1401278 3.838666
OS 3.1392948 3.8384994
OS 3.1384618 3.8382495
OS 3.1365459 3.8379163
OS 3.1364626 3.8379163
OS 3.1361294 3.837833
OS 3.1355463 3.8377497
OS 3.1347966 3.8376664
OS 3.1338803 3.8375831
OS 3.1327141 3.8374998
OS 3.131298 3.8374165
OS 3.1292155 3.8374165
OS 3.1284658 3.8374998
OS 3.1275495 3.8375831
OS 3.1263833 3.8376664
OS 3.1250505 3.837833
OS 3.1236344 3.8380829
OS 3.1220517 3.8384161
OS 3.1203024 3.8388326
OS 3.1185531 3.8394157
OS 3.1168038 3.8400821
OS 3.1149712 3.8408318
OS 3.1132219 3.8418314
OS 3.1114726 3.8429143
OS 3.1098899 3.8441638
OS 3.1083072 3.8455799
OS 3.1082239 3.8456632
OS 3.107974 3.8459964
OS 3.1075575 3.8464129
OS 3.1070577 3.8470793
OS 3.1064746 3.8479123
OS 3.1058082 3.8489119
OS 3.1050585 3.8501614
OS 3.1043921 3.8514942
OS 3.1036424 3.8530769
OS 3.1028927 3.8548262
OS 3.1022263 3.8566588
OS 3.1016432 3.8587413
OS 3.1011434 3.8609904
OS 3.1007269 3.8634061
OS 3.100477 3.8659051
OS 3.1003937 3.868654
OS 3.1003937 3.8687373
OS 3.1003937 3.8688206
OS 3.1003937 3.8693204
OS 3.100477 3.8700701
OS 3.1005603 3.8710697
OS 3.1006436 3.8722359
OS 3.1008102 3.873652
OS 3.1010601 3.8752347
OS 3.1013933 3.8769007
OS 3.1018098 3.87865
OS 3.1023096 3.8805659
OS 3.102976 3.8823985
OS 3.1037257 3.8843144
OS 3.104642 3.8862303
OS 3.1057249 3.8880629
OS 3.1068911 3.8898122
OS 3.1083072 3.8914782
OS 3.1083905 3.8915615
OS 3.1086404 3.8918114
OS 3.1091402 3.8923112
OS 3.1098066 3.892811
OS 3.1105563 3.8934774
OS 3.1115559 3.8942271
OS 3.1127221 3.8949768
OS 3.1139716 3.8958098
OS 3.115471 3.8965595
OS 3.1170537 3.8973092
OS 3.118803 3.8980589
OS 3.1207189 3.8987253
OS 3.1228014 3.8993084
OS 3.1249672 3.8997249
OS 3.1272996 3.8999748
OS 3.1297986 3.9000581
OS 3.1310481 3.9000581
OS 3.1319644 3.8999748
OE
OB 3.1782792 3.8898122 H
OS 3.1777794 3.8898122
OS 3.1774462 3.8897289
OS 3.1766132 3.8895623
OS 3.1756136 3.8892291
OS 3.1755303 3.8892291
OS 3.1753637 3.8891458
OS 3.1751971 3.8889792
OS 3.1748639 3.8888126
OS 3.1740309 3.8881462
OS 3.1731979 3.8873132
OS 3.1731146 3.8872299
OS 3.1730313 3.8870633
OS 3.1728647 3.8868134
OS 3.1726148 3.8864802
OS 3.1723649 3.8859804
OS 3.1720317 3.8853973
OS 3.1717818 3.8847309
OS 3.1714486 3.8838979
OS 3.1714486 3.8838146
OS 3.1713653 3.8834814
OS 3.171282 3.8830649
OS 3.1711154 3.8823985
OS 3.1710321 3.8817321
OS 3.1708655 3.8808158
OS 3.1707822 3.8798995
OS 3.1707822 3.8788999
OS 3.1707822 3.8787333
OS 3.1707822 3.8784001
OS 3.1707822 3.8779003
OS 3.1708655 3.8772339
OS 3.1709488 3.8764009
OS 3.1710321 3.8756512
OS 3.1711987 3.8748182
OS 3.1714486 3.8740685
OS 3.1714486 3.8739852
OS 3.1716152 3.8737353
OS 3.1717818 3.8734021
OS 3.1720317 3.8729856
OS 3.1726148 3.8720693
OS 3.1735311 3.8710697
OS 3.1736144 3.8709864
OS 3.173781 3.8709031
OS 3.1740309 3.8707365
OS 3.1743641 3.8704866
OS 3.1752804 3.8699868
OS 3.1764466 3.8695703
OS 3.1765299 3.8695703
OS 3.1767798 3.869487
OS 3.177113 3.8694037
OS 3.1775295 3.8694037
OS 3.1781126 3.8693204
OS 3.1786957 3.8692371
OS 3.1801118 3.8691538
OS 3.1806949 3.8691538
OS 3.1811947 3.8692371
OS 3.1822776 3.8693204
OS 3.1835271 3.8695703
OS 3.1836104 3.8695703
OS 3.1838603 3.8696536
OS 3.1841935 3.8697369
OS 3.18461 3.8699035
OS 3.1855263 3.8702367
OS 3.1864426 3.8705699
OS 3.1864426 3.8706532
OS 3.1864426 3.8709031
OS 3.1864426 3.8712363
OS 3.1865259 3.8718194
OS 3.1865259 3.871986
OS 3.1866092 3.8724858
OS 3.1866092 3.8732355
OS 3.1866092 3.8743184
OS 3.1866092 3.8744017
OS 3.1866092 3.8745683
OS 3.1866092 3.8748182
OS 3.1866092 3.8751514
OS 3.1866092 3.8760677
OS 3.1865259 3.8771506
OS 3.1864426 3.8784834
OS 3.186276 3.8798162
OS 3.1860261 3.881149
OS 3.1857762 3.8823985
OS 3.1857762 3.8825651
OS 3.1856096 3.8828983
OS 3.185443 3.8834814
OS 3.1851931 3.8842311
OS 3.1844434 3.8858138
OS 3.1839436 3.8865635
OS 3.1834438 3.8873132
OS 3.1833605 3.8873965
OS 3.1832772 3.8875631
OS 3.1827774 3.8880629
OS 3.1819444 3.888646
OS 3.1810281 3.8892291
OS 3.1809448 3.8892291
OS 3.1807782 3.8893124
OS 3.1805283 3.8893957
OS 3.1801951 3.8895623
OS 3.1793621 3.8897289
OS 3.1782792 3.8898122
OE
SE
S P 0
OB 3.2401619 3.2983316 I
OS 3.2409949 3.2983316
OS 3.2428275 3.2982483
OS 3.2448267 3.2980817
OS 3.2469092 3.2978318
OS 3.2489917 3.2975819
OS 3.2492416 3.2975819
OS 3.2495748 3.2974986
OS 3.249908 3.2974153
OS 3.2504078 3.297332
OS 3.2509909 3.2971654
OS 3.252407 3.2967489
OS 3.2539897 3.2962491
OS 3.255739 3.2955827
OS 3.2575716 3.2947497
OS 3.2594042 3.2936668
OS 3.2594875 3.2935835
OS 3.2596541 3.2935002
OS 3.2599873 3.2932503
OS 3.2604038 3.2930004
OS 3.2609036 3.2925839
OS 3.2614867 3.2920841
OS 3.2628195 3.2909179
OS 3.2643189 3.2895018
OS 3.2658183 3.2876692
OS 3.2673177 3.28567
OS 3.2687338 3.2833376
OS 3.2688171 3.2832543
OS 3.2689004 3.2830877
OS 3.269067 3.2826712
OS 3.2693169 3.2821714
OS 3.2695668 3.2815883
OS 3.2698167 3.2808386
OS 3.2701499 3.2800056
OS 3.2704831 3.279006
OS 3.2708163 3.2780064
OS 3.2711495 3.2768402
OS 3.2713994 3.2755907
OS 3.2716493 3.2742579
OS 3.2720658 3.2713424
OS 3.2722324 3.268177
OS 3.2722324 3.2680937
OS 3.2722324 3.2678438
OS 3.2722324 3.267344
OS 3.2721491 3.2667609
OS 3.2721491 3.2660112
OS 3.2720658 3.2651782
OS 3.2718992 3.2641786
OS 3.2717326 3.263179
OS 3.2713161 3.2607633
OS 3.2706497 3.2582643
OS 3.2697334 3.255682
OS 3.2691503 3.2543492
OS 3.2684839 3.2530997
OS 3.2684839 3.2530164
OS 3.2683173 3.2528498
OS 3.2681507 3.2524333
OS 3.2678175 3.2520168
OS 3.2674843 3.2514337
OS 3.2670678 3.2508506
OS 3.2659849 3.2493512
OS 3.2646521 3.2477685
OS 3.2630694 3.2460192
OS 3.2612368 3.2444365
OS 3.2592376 3.2429371
OS 3.2591543 3.2429371
OS 3.2589877 3.2427705
OS 3.2587378 3.2426872
OS 3.2584046 3.2424373
OS 3.2579881 3.2421874
OS 3.2574883 3.2419375
OS 3.2562388 3.2412711
OS 3.2546561 3.2406047
OS 3.2529901 3.2400216
OS 3.2510742 3.2394385
OS 3.2489917 3.239022
OS 3.2487418 3.239022
OS 3.2484086 3.2389387
OS 3.2480754 3.2388554
OS 3.2474923 3.2388554
OS 3.2469092 3.2387721
OS 3.2462428 3.2386888
OS 3.2454931 3.2386055
OS 3.2437438 3.2384389
OS 3.2417446 3.2383556
OS 3.2395788 3.238189
OS 3.2185039 3.238189
OS 3.2185039 3.2984149
OS 3.2394955 3.2984149
OS 3.2401619 3.2983316
OE
OB 3.3033866 3.2995811 I
OS 3.3047194 3.2994978
OS 3.3062188 3.2993312
OS 3.3078848 3.2991646
OS 3.3095508 3.2988314
OS 3.3111335 3.2984149
OS 3.3112168 3.2984149
OS 3.3113001 3.2983316
OS 3.3117999 3.298165
OS 3.3126329 3.2979151
OS 3.3135492 3.2975819
OS 3.3146321 3.2971654
OS 3.3157983 3.2966656
OS 3.3168812 3.2959992
OS 3.3179641 3.2953328
OS 3.3180474 3.2952495
OS 3.3183806 3.2949996
OS 3.3188804 3.2945831
OS 3.3195468 3.294
OS 3.3202132 3.2932503
OS 3.3208796 3.2924173
OS 3.321546 3.291501
OS 3.3221291 3.2905014
OS 3.3222124 3.2903348
OS 3.322379 3.2900016
OS 3.3226289 3.2894185
OS 3.3228788 3.2886688
OS 3.3231287 3.2877525
OS 3.3233786 3.2867529
OS 3.3235452 3.2855867
OS 3.3236285 3.2844205
OS 3.3236285 3.2843372
OS 3.3236285 3.2842539
OS 3.3236285 3.284004
OS 3.3236285 3.2836708
OS 3.3234619 3.2829211
OS 3.3232953 3.2818382
OS 3.3230454 3.280672
OS 3.3225456 3.2793392
OS 3.3219625 3.2780064
OS 3.3211295 3.2766736
OS 3.3210462 3.276507
OS 3.3206297 3.2760905
OS 3.3200466 3.2755074
OS 3.3192136 3.2746744
OS 3.3181307 3.2737581
OS 3.3168812 3.2728418
OS 3.3152985 3.2718422
OS 3.3134659 3.2709259
OS 3.3134659 3.270676
OS 3.3135492 3.270676
OS 3.3137158 3.2705927
OS 3.314049 3.2704261
OS 3.3144655 3.2702595
OS 3.3149653 3.2700096
OS 3.3155484 3.2696764
OS 3.3167979 3.26901
OS 3.3182973 3.2680104
OS 3.3197134 3.2669275
OS 3.3211295 3.265678
OS 3.3222957 3.2642619
OS 3.3222957 3.2641786
OS 3.322379 3.2640953
OS 3.3225456 3.2638454
OS 3.3227122 3.2635955
OS 3.323212 3.2627625
OS 3.3237118 3.2615963
OS 3.3242116 3.2602635
OS 3.3247114 3.2586808
OS 3.3250446 3.2568482
OS 3.3251279 3.254849
OS 3.3251279 3.2546824
OS 3.3251279 3.2541826
OS 3.3250446 3.2534329
OS 3.3249613 3.2525166
OS 3.3247114 3.2514337
OS 3.3244615 3.2501842
OS 3.324045 3.2489347
OS 3.3234619 3.2476852
OS 3.3233786 3.2475186
OS 3.3231287 3.2471021
OS 3.3227955 3.246519
OS 3.3222957 3.245686
OS 3.3216293 3.244853
OS 3.3207963 3.2438534
OS 3.31988 3.2428538
OS 3.3187971 3.2419375
OS 3.3186305 3.2418542
OS 3.3182973 3.241521
OS 3.3176309 3.2411045
OS 3.3167146 3.2405214
OS 3.3156317 3.2399383
OS 3.3143822 3.2392719
OS 3.3128828 3.2386888
OS 3.3113001 3.2381057
OS 3.3112168 3.2381057
OS 3.3111335 3.2380224
OS 3.3108836 3.2380224
OS 3.3105504 3.2379391
OS 3.3101339 3.2377725
OS 3.3096341 3.2376892
OS 3.3083846 3.2374393
OS 3.3068852 3.2371894
OS 3.3052192 3.2370228
OS 3.3033033 3.2368562
OS 3.3012208 3.2367729
OS 3.3002212 3.2367729
OS 3.2996381 3.2368562
OS 3.299055 3.2368562
OS 3.2976389 3.2369395
OS 3.2959729 3.2371061
OS 3.2941403 3.237356
OS 3.2923077 3.2376892
OS 3.2905584 3.238189
OS 3.2904751 3.238189
OS 3.2903918 3.2382723
OS 3.2901419 3.2383556
OS 3.2898087 3.2384389
OS 3.2889757 3.2387721
OS 3.2879761 3.2391886
OS 3.2868099 3.2396884
OS 3.2855604 3.2403548
OS 3.2843109 3.2411045
OS 3.2831447 3.2419375
OS 3.2829781 3.2420208
OS 3.2826449 3.242354
OS 3.2821451 3.2428538
OS 3.281562 3.2435202
OS 3.2808123 3.2443532
OS 3.2801459 3.2452695
OS 3.2794795 3.2463524
OS 3.2788964 3.2475186
OS 3.2788131 3.2476852
OS 3.2787298 3.2481017
OS 3.2784799 3.2487681
OS 3.27823 3.2496011
OS 3.2779801 3.2506007
OS 3.2778135 3.2517669
OS 3.2776469 3.2530164
OS 3.2775636 3.2543492
OS 3.2775636 3.2544325
OS 3.2775636 3.2545991
OS 3.2775636 3.254849
OS 3.2776469 3.2551822
OS 3.2777302 3.2561818
OS 3.2778968 3.257348
OS 3.27823 3.2586808
OS 3.2787298 3.2601802
OS 3.2794795 3.2615963
OS 3.2803958 3.2629291
OS 3.2805624 3.2630957
OS 3.2808956 3.2635122
OS 3.281562 3.2640953
OS 3.2824783 3.2649283
OS 3.2836445 3.2658446
OS 3.2850606 3.2667609
OS 3.2867266 3.2677605
OS 3.2886425 3.2686768
OS 3.2886425 3.2689267
OS 3.2885592 3.2689267
OS 3.2883926 3.26901
OS 3.2881427 3.2691766
OS 3.2878095 3.2694265
OS 3.2868099 3.2699263
OS 3.285727 3.270676
OS 3.2844775 3.2715923
OS 3.283228 3.2726752
OS 3.2821451 3.2738414
OS 3.2812288 3.2751742
OS 3.2812288 3.2752575
OS 3.2811455 3.2753408
OS 3.2808956 3.2758406
OS 3.2805624 3.2765903
OS 3.2802292 3.2775899
OS 3.2798127 3.2788394
OS 3.2794795 3.2801722
OS 3.2792296 3.2817549
OS 3.2791463 3.2834209
OS 3.2791463 3.2835875
OS 3.2791463 3.284004
OS 3.2792296 3.2845871
OS 3.2793129 3.2854201
OS 3.2794795 3.2863364
OS 3.2797294 3.2874193
OS 3.2800626 3.2885022
OS 3.2805624 3.2895851
OS 3.2806457 3.2897517
OS 3.2808123 3.2900849
OS 3.2811455 3.290668
OS 3.2816453 3.2913344
OS 3.2822284 3.2921674
OS 3.2829781 3.2930004
OS 3.2838944 3.2939167
OS 3.284894 3.294833
OS 3.2850606 3.2949163
OS 3.2853938 3.2951662
OS 3.2859769 3.2955827
OS 3.2868099 3.2960825
OS 3.2878095 3.2966656
OS 3.2889757 3.2972487
OS 3.2903918 3.2978318
OS 3.2918912 3.2983316
OS 3.2919745 3.2983316
OS 3.2920578 3.2984149
OS 3.2923077 3.2984982
OS 3.2926409 3.2985815
OS 3.2934739 3.2987481
OS 3.2946401 3.298998
OS 3.2960562 3.2992479
OS 3.2977222 3.2994978
OS 3.2994715 3.2995811
OS 3.3013874 3.2996644
OS 3.3028035 3.2996644
OS 3.3033866 3.2995811
OE
OB 3.2962228 3.2652615 H
OS 3.2961395 3.2651782
OS 3.2959729 3.2650116
OS 3.2956397 3.2646784
OS 3.2953065 3.2641786
OS 3.2948067 3.2635955
OS 3.2943902 3.2629291
OS 3.2938904 3.2621794
OS 3.2933906 3.2613464
OS 3.2933073 3.2612631
OS 3.293224 3.2609299
OS 3.2930574 3.2605134
OS 3.2928075 3.259847
OS 3.2925576 3.2590973
OS 3.292391 3.2582643
OS 3.2923077 3.2572647
OS 3.2922244 3.2562651
OS 3.2922244 3.2561818
OS 3.2922244 3.2560985
OS 3.2923077 3.2555987
OS 3.292391 3.254849
OS 3.2925576 3.2538494
OS 3.2928908 3.2528498
OS 3.2933906 3.2516836
OS 3.2939737 3.2506007
OS 3.29489 3.2496011
OS 3.2950566 3.2495178
OS 3.2953898 3.2491846
OS 3.2959729 3.2488514
OS 3.2968059 3.2483516
OS 3.2978055 3.2479351
OS 3.2989717 3.2475186
OS 3.3003045 3.2471854
OS 3.3018872 3.2471021
OS 3.3023037 3.2471021
OS 3.3026369 3.2471854
OS 3.3034699 3.2472687
OS 3.3045528 3.2474353
OS 3.3046361 3.2474353
OS 3.3048027 3.2475186
OS 3.3051359 3.2476019
OS 3.3054691 3.2477685
OS 3.3063854 3.2481017
OS 3.3073017 3.2486015
OS 3.307385 3.2486848
OS 3.3075516 3.2487681
OS 3.3080514 3.2492679
OS 3.3087178 3.2499343
OS 3.3093842 3.2508506
OS 3.3093842 3.2509339
OS 3.3095508 3.2511005
OS 3.3096341 3.2513504
OS 3.3098007 3.2517669
OS 3.3099673 3.2521834
OS 3.3100506 3.2527665
OS 3.3102172 3.2534329
OS 3.3102172 3.2541826
OS 3.3102172 3.2543492
OS 3.3102172 3.2546824
OS 3.3101339 3.2551822
OS 3.3100506 3.2558486
OS 3.309884 3.2565983
OS 3.3096341 3.257348
OS 3.3093009 3.2580977
OS 3.3088844 3.2587641
OS 3.3088011 3.2588474
OS 3.3086345 3.259014
OS 3.3083013 3.2593472
OS 3.3077182 3.2597637
OS 3.3070518 3.2603468
OS 3.3061355 3.2609299
OS 3.3049693 3.2615963
OS 3.3035532 3.2622627
OS 3.3034699 3.2622627
OS 3.3033033 3.262346
OS 3.3030534 3.2625126
OS 3.3027202 3.2626792
OS 3.3022204 3.2628458
OS 3.3016373 3.2630957
OS 3.3009709 3.2633456
OS 3.3001379 3.2636788
OS 3.3000546 3.2637621
OS 3.2998047 3.2638454
OS 3.2993882 3.264012
OS 3.2988051 3.2642619
OS 3.2975556 3.2647617
OS 3.2962228 3.2652615
OE
OB 3.2371631 3.2871694 H
OS 3.2336645 3.2871694
OS 3.2336645 3.2495178
OS 3.2369132 3.2495178
OS 3.238246 3.2496011
OS 3.2410782 3.2496011
OS 3.242411 3.2496844
OS 3.2425776 3.2496844
OS 3.2429941 3.2497677
OS 3.2436605 3.249851
OS 3.2445768 3.2500176
OS 3.2455764 3.2502675
OS 3.2467426 3.250684
OS 3.2479088 3.2511838
OS 3.249075 3.2518502
OS 3.2491583 3.2518502
OS 3.2492416 3.2519335
OS 3.2496581 3.2522667
OS 3.2503245 3.2527665
OS 3.2511575 3.2535162
OS 3.2520738 3.2544325
OS 3.2529901 3.2555154
OS 3.2539064 3.2568482
OS 3.2546561 3.2582643
OS 3.2546561 3.2583476
OS 3.2547394 3.2584309
OS 3.2548227 3.2586808
OS 3.2549893 3.259014
OS 3.2551559 3.2594305
OS 3.2553225 3.2599303
OS 3.2556557 3.2610965
OS 3.2559889 3.2625959
OS 3.2563221 3.2642619
OS 3.256572 3.2661778
OS 3.2566553 3.2683436
OS 3.2566553 3.2684269
OS 3.2566553 3.2685935
OS 3.2566553 3.2689267
OS 3.2566553 3.2693432
OS 3.256572 3.269843
OS 3.256572 3.2704261
OS 3.2564054 3.2718422
OS 3.2561555 3.2734249
OS 3.255739 3.2750909
OS 3.2552392 3.2768402
OS 3.2545728 3.2785062
OS 3.2545728 3.2785895
OS 3.2544895 3.2786728
OS 3.2541563 3.2791726
OS 3.2537398 3.2800056
OS 3.2530734 3.2809219
OS 3.2521571 3.2820048
OS 3.2510742 3.2830877
OS 3.2498247 3.2841706
OS 3.2483253 3.2850869
OS 3.2481587 3.2851702
OS 3.2478255 3.2853368
OS 3.2471591 3.28567
OS 3.2464094 3.2860032
OS 3.2454098 3.2863364
OS 3.2443269 3.2866696
OS 3.2431607 3.2868362
OS 3.2419112 3.2870028
OS 3.2413281 3.2870028
OS 3.2405784 3.2870861
OS 3.2384959 3.2870861
OS 3.2371631 3.2871694
OE
OB 3.3013874 3.2894185 H
OS 3.3008876 3.2894185
OS 3.3002212 3.2893352
OS 3.2994715 3.2892519
OS 3.2986385 3.289002
OS 3.2978055 3.2887521
OS 3.2968892 3.2883356
OS 3.2960562 3.2877525
OS 3.2959729 3.2876692
OS 3.295723 3.2874193
OS 3.2953898 3.2870861
OS 3.2950566 3.2865863
OS 3.2947234 3.2860032
OS 3.2943902 3.2853368
OS 3.2941403 3.2845038
OS 3.294057 3.2836708
OS 3.294057 3.2835875
OS 3.294057 3.2832543
OS 3.2941403 3.2828378
OS 3.2942236 3.2822547
OS 3.2945568 3.2810052
OS 3.2948067 3.2803388
OS 3.2952232 3.2797557
OS 3.2953065 3.2796724
OS 3.2954731 3.2795058
OS 3.295723 3.2792559
OS 3.2961395 3.2788394
OS 3.2967226 3.2784229
OS 3.297389 3.2780064
OS 3.2981387 3.2775066
OS 3.299055 3.2770068
OS 3.2991383 3.2770068
OS 3.2993049 3.2769235
OS 3.2994715 3.2768402
OS 3.2998047 3.2766736
OS 3.3006377 3.2763404
OS 3.3017206 3.2758406
OS 3.3018039 3.2758406
OS 3.3019705 3.2757573
OS 3.302387 3.2755907
OS 3.3028035 3.2754241
OS 3.3034699 3.2751742
OS 3.3041363 3.2749243
OS 3.3049693 3.2745911
OS 3.3058856 3.2742579
OS 3.3059689 3.2743412
OS 3.3061355 3.2745911
OS 3.3064687 3.2750076
OS 3.3068019 3.2755074
OS 3.3071351 3.2761738
OS 3.3075516 3.2768402
OS 3.308218 3.2782563
OS 3.308218 3.2783396
OS 3.3083013 3.2785895
OS 3.3084679 3.279006
OS 3.3086345 3.2795058
OS 3.3087178 3.2801722
OS 3.3088844 3.2809219
OS 3.3089677 3.2817549
OS 3.3089677 3.2826712
OS 3.3089677 3.2828378
OS 3.3089677 3.283171
OS 3.3088844 3.2837541
OS 3.3087178 3.2844205
OS 3.3084679 3.2851702
OS 3.3080514 3.2860032
OS 3.3075516 3.2867529
OS 3.3068852 3.2875026
OS 3.3068019 3.2875859
OS 3.306552 3.2878358
OS 3.3060522 3.2880857
OS 3.3054691 3.2885022
OS 3.3046361 3.2888354
OS 3.3037198 3.2890853
OS 3.3026369 3.2893352
OS 3.3013874 3.2894185
OE
SE
S P 0
OB 3.3239617 3.5047531 I
OS 3.2983053 3.4565224
OS 3.281562 3.4565224
OS 3.3083013 3.5054195
OS 3.2797294 3.5054195
OS 3.2797294 3.5167483
OS 3.3239617 3.5167483
OS 3.3239617 3.5047531
OE
OB 3.2401619 3.516665 I
OS 3.2409949 3.516665
OS 3.2428275 3.5165817
OS 3.2448267 3.5164151
OS 3.2469092 3.5161652
OS 3.2489917 3.5159153
OS 3.2492416 3.5159153
OS 3.2495748 3.515832
OS 3.249908 3.5157487
OS 3.2504078 3.5156654
OS 3.2509909 3.5154988
OS 3.252407 3.5150823
OS 3.2539897 3.5145825
OS 3.255739 3.5139161
OS 3.2575716 3.5130831
OS 3.2594042 3.5120002
OS 3.2594875 3.5119169
OS 3.2596541 3.5118336
OS 3.2599873 3.5115837
OS 3.2604038 3.5113338
OS 3.2609036 3.5109173
OS 3.2614867 3.5104175
OS 3.2628195 3.5092513
OS 3.2643189 3.5078352
OS 3.2658183 3.5060026
OS 3.2673177 3.5040034
OS 3.2687338 3.501671
OS 3.2688171 3.5015877
OS 3.2689004 3.5014211
OS 3.269067 3.5010046
OS 3.2693169 3.5005048
OS 3.2695668 3.4999217
OS 3.2698167 3.499172
OS 3.2701499 3.498339
OS 3.2704831 3.4973394
OS 3.2708163 3.4963398
OS 3.2711495 3.4951736
OS 3.2713994 3.4939241
OS 3.2716493 3.4925913
OS 3.2720658 3.4896758
OS 3.2722324 3.4865104
OS 3.2722324 3.4864271
OS 3.2722324 3.4861772
OS 3.2722324 3.4856774
OS 3.2721491 3.4850943
OS 3.2721491 3.4843446
OS 3.2720658 3.4835116
OS 3.2718992 3.482512
OS 3.2717326 3.4815124
OS 3.2713161 3.4790967
OS 3.2706497 3.4765977
OS 3.2697334 3.4740154
OS 3.2691503 3.4726826
OS 3.2684839 3.4714331
OS 3.2684839 3.4713498
OS 3.2683173 3.4711832
OS 3.2681507 3.4707667
OS 3.2678175 3.4703502
OS 3.2674843 3.4697671
OS 3.2670678 3.469184
OS 3.2659849 3.4676846
OS 3.2646521 3.4661019
OS 3.2630694 3.4643526
OS 3.2612368 3.4627699
OS 3.2592376 3.4612705
OS 3.2591543 3.4612705
OS 3.2589877 3.4611039
OS 3.2587378 3.4610206
OS 3.2584046 3.4607707
OS 3.2579881 3.4605208
OS 3.2574883 3.4602709
OS 3.2562388 3.4596045
OS 3.2546561 3.4589381
OS 3.2529901 3.458355
OS 3.2510742 3.4577719
OS 3.2489917 3.4573554
OS 3.2487418 3.4573554
OS 3.2484086 3.4572721
OS 3.2480754 3.4571888
OS 3.2474923 3.4571888
OS 3.2469092 3.4571055
OS 3.2462428 3.4570222
OS 3.2454931 3.4569389
OS 3.2437438 3.4567723
OS 3.2417446 3.456689
OS 3.2395788 3.4565224
OS 3.2185039 3.4565224
OS 3.2185039 3.5167483
OS 3.2394955 3.5167483
OS 3.2401619 3.516665
OE
OB 3.2371631 3.5055028 H
OS 3.2336645 3.5055028
OS 3.2336645 3.4678512
OS 3.2369132 3.4678512
OS 3.238246 3.4679345
OS 3.2410782 3.4679345
OS 3.242411 3.4680178
OS 3.2425776 3.4680178
OS 3.2429941 3.4681011
OS 3.2436605 3.4681844
OS 3.2445768 3.468351
OS 3.2455764 3.4686009
OS 3.2467426 3.4690174
OS 3.2479088 3.4695172
OS 3.249075 3.4701836
OS 3.2491583 3.4701836
OS 3.2492416 3.4702669
OS 3.2496581 3.4706001
OS 3.2503245 3.4710999
OS 3.2511575 3.4718496
OS 3.2520738 3.4727659
OS 3.2529901 3.4738488
OS 3.2539064 3.4751816
OS 3.2546561 3.4765977
OS 3.2546561 3.476681
OS 3.2547394 3.4767643
OS 3.2548227 3.4770142
OS 3.2549893 3.4773474
OS 3.2551559 3.4777639
OS 3.2553225 3.4782637
OS 3.2556557 3.4794299
OS 3.2559889 3.4809293
OS 3.2563221 3.4825953
OS 3.256572 3.4845112
OS 3.2566553 3.486677
OS 3.2566553 3.4867603
OS 3.2566553 3.4869269
OS 3.2566553 3.4872601
OS 3.2566553 3.4876766
OS 3.256572 3.4881764
OS 3.256572 3.4887595
OS 3.2564054 3.4901756
OS 3.2561555 3.4917583
OS 3.255739 3.4934243
OS 3.2552392 3.4951736
OS 3.2545728 3.4968396
OS 3.2545728 3.4969229
OS 3.2544895 3.4970062
OS 3.2541563 3.497506
OS 3.2537398 3.498339
OS 3.2530734 3.4992553
OS 3.2521571 3.5003382
OS 3.2510742 3.5014211
OS 3.2498247 3.502504
OS 3.2483253 3.5034203
OS 3.2481587 3.5035036
OS 3.2478255 3.5036702
OS 3.2471591 3.5040034
OS 3.2464094 3.5043366
OS 3.2454098 3.5046698
OS 3.2443269 3.505003
OS 3.2431607 3.5051696
OS 3.2419112 3.5053362
OS 3.2413281 3.5053362
OS 3.2405784 3.5054195
OS 3.2384959 3.5054195
OS 3.2371631 3.5055028
OE
SE
S P 0
OB 3.3117166 3.7718554 I
OS 3.3126329 3.7718554
OS 3.3135492 3.7717721
OS 3.315715 3.7715222
OS 3.3158816 3.7715222
OS 3.3162148 3.7714389
OS 3.3167146 3.7713556
OS 3.317381 3.7712723
OS 3.3187138 3.7711057
OS 3.3193802 3.7709391
OS 3.31988 3.7708558
OS 3.31988 3.7591105
OS 3.3186305 3.7591105
OS 3.3185472 3.7591938
OS 3.3182973 3.7592771
OS 3.3178808 3.7594437
OS 3.3174643 3.7596103
OS 3.3168812 3.7597769
OS 3.3161315 3.7600268
OS 3.3152985 3.7602767
OS 3.3152152 3.7602767
OS 3.314882 3.76036
OS 3.3143822 3.7605266
OS 3.3137158 3.7606099
OS 3.3128828 3.7607765
OS 3.3119665 3.7608598
OS 3.3108836 3.7609431
OS 3.309051 3.7609431
OS 3.3085512 3.7608598
OS 3.3079681 3.7608598
OS 3.3073017 3.7607765
OS 3.305719 3.7604433
OS 3.3039697 3.7600268
OS 3.3021371 3.7593604
OS 3.3003878 3.7584441
OS 3.2995548 3.757861
OS 3.2988051 3.7571946
OS 3.2986385 3.757028
OS 3.2984719 3.7567781
OS 3.298222 3.7565282
OS 3.2978888 3.7561117
OS 3.2975556 3.7556119
OS 3.2968059 3.7544457
OS 3.2959729 3.7529463
OS 3.2952232 3.7511137
OS 3.2945568 3.7489479
OS 3.294057 3.7465322
OS 3.2942236 3.7466155
OS 3.2945568 3.7468654
OS 3.2951399 3.7471986
OS 3.2959729 3.7476151
OS 3.2968059 3.7480316
OS 3.2978888 3.7486147
OS 3.3000546 3.749531
OS 3.3002212 3.7496143
OS 3.3006377 3.7496976
OS 3.3012208 3.7498642
OS 3.3020538 3.7501141
OS 3.3031367 3.750364
OS 3.3043029 3.7505306
OS 3.3055524 3.7506139
OS 3.3069685 3.7506972
OS 3.3075516 3.7506972
OS 3.3081347 3.7506139
OS 3.3089677 3.7506139
OS 3.309884 3.7504473
OS 3.3108836 3.7502807
OS 3.3119665 3.7501141
OS 3.3130494 3.7497809
OS 3.313216 3.7497809
OS 3.3135492 3.7496143
OS 3.314049 3.7494477
OS 3.3147154 3.7491978
OS 3.3155484 3.7487813
OS 3.3163814 3.7483648
OS 3.3181307 3.7472819
OS 3.3182973 3.7471986
OS 3.3186305 3.7468654
OS 3.3192136 3.7462823
OS 3.31988 3.7456159
OS 3.320713 3.7446996
OS 3.321546 3.7436167
OS 3.3222957 3.7423672
OS 3.3230454 3.7409511
OS 3.3230454 3.7408678
OS 3.3231287 3.7407845
OS 3.323212 3.7405346
OS 3.3233786 3.7402847
OS 3.3236285 3.7394517
OS 3.324045 3.7382855
OS 3.3243782 3.7368694
OS 3.3246281 3.7351201
OS 3.324878 3.7332042
OS 3.3249613 3.7310384
OS 3.3249613 3.7309551
OS 3.3249613 3.7306219
OS 3.3249613 3.7301221
OS 3.324878 3.7294557
OS 3.3247947 3.7286227
OS 3.3246281 3.7277064
OS 3.3244615 3.7267068
OS 3.3242116 3.7255406
OS 3.3238784 3.7242911
OS 3.3234619 3.7230416
OS 3.3229621 3.7217921
OS 3.322379 3.7204593
OS 3.3217126 3.7191265
OS 3.3208796 3.717877
OS 3.3199633 3.7166275
OS 3.3188804 3.7154613
OS 3.3187971 3.715378
OS 3.3186305 3.7152114
OS 3.3182973 3.7148782
OS 3.3177975 3.714545
OS 3.3171311 3.7140452
OS 3.3164647 3.7135454
OS 3.3155484 3.7129623
OS 3.3145488 3.7124625
OS 3.3134659 3.7118794
OS 3.3122164 3.7112963
OS 3.3108836 3.7107965
OS 3.3093842 3.7102967
OS 3.3078015 3.7099635
OS 3.3061355 3.7096303
OS 3.3043029 3.7094637
OS 3.302387 3.7093804
OS 3.3014707 3.7093804
OS 3.3010542 3.7094637
OS 3.3004711 3.7094637
OS 3.2992216 3.709547
OS 3.2978055 3.7097136
OS 3.2962228 3.7100468
OS 3.2945568 3.71038
OS 3.2929741 3.7108798
OS 3.2928908 3.7108798
OS 3.2928075 3.7109631
OS 3.2923077 3.7111297
OS 3.291558 3.7115462
OS 3.2905584 3.7119627
OS 3.2894755 3.7126291
OS 3.2883093 3.7133788
OS 3.2871431 3.7142951
OS 3.2859769 3.7152947
OS 3.2858103 3.7154613
OS 3.2853938 3.7159611
OS 3.2848107 3.7167108
OS 3.284061 3.7177104
OS 3.283228 3.7190432
OS 3.2823117 3.7205426
OS 3.2814787 3.7222919
OS 3.280729 3.7242911
OS 3.280729 3.7243744
OS 3.2806457 3.724541
OS 3.2805624 3.7248742
OS 3.2804791 3.7252907
OS 3.2803125 3.7257905
OS 3.2801459 3.7264569
OS 3.2799793 3.7272066
OS 3.279896 3.7280396
OS 3.2797294 3.7289559
OS 3.2795628 3.7299555
OS 3.2792296 3.7322046
OS 3.279063 3.7347036
OS 3.2789797 3.7374525
OS 3.2789797 3.7375358
OS 3.2789797 3.7377857
OS 3.2789797 3.7382022
OS 3.2789797 3.7387853
OS 3.279063 3.7394517
OS 3.279063 3.7402847
OS 3.2791463 3.741201
OS 3.2792296 3.7422006
OS 3.2793962 3.7443664
OS 3.2796461 3.7466988
OS 3.2800626 3.7491145
OS 3.2806457 3.7514469
OS 3.2806457 3.7515302
OS 3.280729 3.7516968
OS 3.2808123 3.75203
OS 3.2809789 3.7524465
OS 3.2811455 3.7530296
OS 3.2813954 3.7536127
OS 3.2819785 3.7551121
OS 3.2827282 3.7568614
OS 3.2836445 3.758694
OS 3.2848107 3.7605266
OS 3.2861435 3.7623592
OS 3.2862268 3.7624425
OS 3.2863101 3.7625258
OS 3.28656 3.7627757
OS 3.2868099 3.7631089
OS 3.2876429 3.7639419
OS 3.2887258 3.7649415
OS 3.2901419 3.7660244
OS 3.2918079 3.7671906
OS 3.2937238 3.7683568
OS 3.2958063 3.7693564
OS 3.2958896 3.7693564
OS 3.2960562 3.7694397
OS 3.2963894 3.7696063
OS 3.2968892 3.7697729
OS 3.297389 3.7699395
OS 3.2981387 3.7701894
OS 3.2988884 3.7704393
OS 3.2998047 3.7706892
OS 3.3008043 3.7708558
OS 3.3018039 3.7711057
OS 3.3029701 3.7713556
OS 3.3042196 3.7715222
OS 3.3069685 3.7718554
OS 3.309884 3.7719387
OS 3.3109669 3.7719387
OS 3.3117166 3.7718554
OE
OB 3.2401619 3.7707725 I
OS 3.2409949 3.7707725
OS 3.2428275 3.7706892
OS 3.2448267 3.7705226
OS 3.2469092 3.7702727
OS 3.2489917 3.7700228
OS 3.2492416 3.7700228
OS 3.2495748 3.7699395
OS 3.249908 3.7698562
OS 3.2504078 3.7697729
OS 3.2509909 3.7696063
OS 3.252407 3.7691898
OS 3.2539897 3.76869
OS 3.255739 3.7680236
OS 3.2575716 3.7671906
OS 3.2594042 3.7661077
OS 3.2594875 3.7660244
OS 3.2596541 3.7659411
OS 3.2599873 3.7656912
OS 3.2604038 3.7654413
OS 3.2609036 3.7650248
OS 3.2614867 3.764525
OS 3.2628195 3.7633588
OS 3.2643189 3.7619427
OS 3.2658183 3.7601101
OS 3.2673177 3.7581109
OS 3.2687338 3.7557785
OS 3.2688171 3.7556952
OS 3.2689004 3.7555286
OS 3.269067 3.7551121
OS 3.2693169 3.7546123
OS 3.2695668 3.7540292
OS 3.2698167 3.7532795
OS 3.2701499 3.7524465
OS 3.2704831 3.7514469
OS 3.2708163 3.7504473
OS 3.2711495 3.7492811
OS 3.2713994 3.7480316
OS 3.2716493 3.7466988
OS 3.2720658 3.7437833
OS 3.2722324 3.7406179
OS 3.2722324 3.7405346
OS 3.2722324 3.7402847
OS 3.2722324 3.7397849
OS 3.2721491 3.7392018
OS 3.2721491 3.7384521
OS 3.2720658 3.7376191
OS 3.2718992 3.7366195
OS 3.2717326 3.7356199
OS 3.2713161 3.7332042
OS 3.2706497 3.7307052
OS 3.2697334 3.7281229
OS 3.2691503 3.7267901
OS 3.2684839 3.7255406
OS 3.2684839 3.7254573
OS 3.2683173 3.7252907
OS 3.2681507 3.7248742
OS 3.2678175 3.7244577
OS 3.2674843 3.7238746
OS 3.2670678 3.7232915
OS 3.2659849 3.7217921
OS 3.2646521 3.7202094
OS 3.2630694 3.7184601
OS 3.2612368 3.7168774
OS 3.2592376 3.715378
OS 3.2591543 3.715378
OS 3.2589877 3.7152114
OS 3.2587378 3.7151281
OS 3.2584046 3.7148782
OS 3.2579881 3.7146283
OS 3.2574883 3.7143784
OS 3.2562388 3.713712
OS 3.2546561 3.7130456
OS 3.2529901 3.7124625
OS 3.2510742 3.7118794
OS 3.2489917 3.7114629
OS 3.2487418 3.7114629
OS 3.2484086 3.7113796
OS 3.2480754 3.7112963
OS 3.2474923 3.7112963
OS 3.2469092 3.711213
OS 3.2462428 3.7111297
OS 3.2454931 3.7110464
OS 3.2437438 3.7108798
OS 3.2417446 3.7107965
OS 3.2395788 3.7106299
OS 3.2185039 3.7106299
OS 3.2185039 3.7708558
OS 3.2394955 3.7708558
OS 3.2401619 3.7707725
OE
OB 3.3003878 3.7402014 H
OS 3.2998047 3.7402014
OS 3.2993882 3.7401181
OS 3.2983886 3.7400348
OS 3.2971391 3.7397849
OS 3.2970558 3.7397849
OS 3.2968892 3.7397016
OS 3.296556 3.7396183
OS 3.2961395 3.739535
OS 3.2951399 3.7392018
OS 3.2939737 3.7387853
OS 3.2939737 3.738702
OS 3.2939737 3.7384521
OS 3.2939737 3.7380356
OS 3.2939737 3.7373692
OS 3.2939737 3.7372026
OS 3.2939737 3.7367028
OS 3.2939737 3.7360364
OS 3.2939737 3.7350368
OS 3.2939737 3.7349535
OS 3.2939737 3.7347869
OS 3.2939737 3.734537
OS 3.2939737 3.7342038
OS 3.294057 3.7332042
OS 3.294057 3.732038
OS 3.2941403 3.7307052
OS 3.2943069 3.7293724
OS 3.2945568 3.7279563
OS 3.2948067 3.7267068
OS 3.29489 3.7265402
OS 3.2949733 3.726207
OS 3.2951399 3.7256239
OS 3.2954731 3.7249575
OS 3.2961395 3.7234581
OS 3.2966393 3.7227084
OS 3.2971391 3.722042
OS 3.2972224 3.7219587
OS 3.2973057 3.7217921
OS 3.2978055 3.7212923
OS 3.2985552 3.7207092
OS 3.2994715 3.7201261
OS 3.2995548 3.7201261
OS 3.2997214 3.7200428
OS 3.2999713 3.7199595
OS 3.3003878 3.7198762
OS 3.3013041 3.7197096
OS 3.302387 3.7196263
OS 3.3028035 3.7196263
OS 3.3031367 3.7197096
OS 3.3039697 3.7198762
OS 3.3049693 3.7202094
OS 3.3050526 3.7202094
OS 3.3052192 3.7202927
OS 3.3054691 3.7204593
OS 3.3058023 3.7206259
OS 3.306552 3.721209
OS 3.307385 3.722042
OS 3.3074683 3.7221253
OS 3.3075516 3.7222919
OS 3.3078015 3.7225418
OS 3.3080514 3.7229583
OS 3.3086345 3.7239579
OS 3.3091343 3.7251241
OS 3.3091343 3.7252074
OS 3.3092176 3.7254573
OS 3.3093842 3.7258738
OS 3.3094675 3.7264569
OS 3.3096341 3.7272066
OS 3.3097174 3.7280396
OS 3.3098007 3.7291225
OS 3.3098007 3.730372
OS 3.3098007 3.7305386
OS 3.3098007 3.7308718
OS 3.3098007 3.7313716
OS 3.3097174 3.732038
OS 3.3096341 3.7327877
OS 3.3094675 3.7336207
OS 3.3093009 3.7343704
OS 3.309051 3.7351201
OS 3.309051 3.7352034
OS 3.3088844 3.7354533
OS 3.3087178 3.7357865
OS 3.3085512 3.736203
OS 3.3078848 3.7372026
OS 3.3069685 3.7382022
OS 3.3068852 3.7382855
OS 3.3067186 3.7383688
OS 3.3064687 3.7385354
OS 3.3061355 3.7387853
OS 3.3051359 3.7392851
OS 3.3039697 3.7397016
OS 3.3038864 3.7397016
OS 3.3037198 3.7397849
OS 3.3033033 3.7398682
OS 3.3028868 3.7399515
OS 3.302387 3.7400348
OS 3.3017206 3.7401181
OS 3.3003878 3.7402014
OE
OB 3.2371631 3.7596103 H
OS 3.2336645 3.7596103
OS 3.2336645 3.7219587
OS 3.2369132 3.7219587
OS 3.238246 3.722042
OS 3.2410782 3.722042
OS 3.242411 3.7221253
OS 3.2425776 3.7221253
OS 3.2429941 3.7222086
OS 3.2436605 3.7222919
OS 3.2445768 3.7224585
OS 3.2455764 3.7227084
OS 3.2467426 3.7231249
OS 3.2479088 3.7236247
OS 3.249075 3.7242911
OS 3.2491583 3.7242911
OS 3.2492416 3.7243744
OS 3.2496581 3.7247076
OS 3.2503245 3.7252074
OS 3.2511575 3.7259571
OS 3.2520738 3.7268734
OS 3.2529901 3.7279563
OS 3.2539064 3.7292891
OS 3.2546561 3.7307052
OS 3.2546561 3.7307885
OS 3.2547394 3.7308718
OS 3.2548227 3.7311217
OS 3.2549893 3.7314549
OS 3.2551559 3.7318714
OS 3.2553225 3.7323712
OS 3.2556557 3.7335374
OS 3.2559889 3.7350368
OS 3.2563221 3.7367028
OS 3.256572 3.7386187
OS 3.2566553 3.7407845
OS 3.2566553 3.7408678
OS 3.2566553 3.7410344
OS 3.2566553 3.7413676
OS 3.2566553 3.7417841
OS 3.256572 3.7422839
OS 3.256572 3.742867
OS 3.2564054 3.7442831
OS 3.2561555 3.7458658
OS 3.255739 3.7475318
OS 3.2552392 3.7492811
OS 3.2545728 3.7509471
OS 3.2545728 3.7510304
OS 3.2544895 3.7511137
OS 3.2541563 3.7516135
OS 3.2537398 3.7524465
OS 3.2530734 3.7533628
OS 3.2521571 3.7544457
OS 3.2510742 3.7555286
OS 3.2498247 3.7566115
OS 3.2483253 3.7575278
OS 3.2481587 3.7576111
OS 3.2478255 3.7577777
OS 3.2471591 3.7581109
OS 3.2464094 3.7584441
OS 3.2454098 3.7587773
OS 3.2443269 3.7591105
OS 3.2431607 3.7592771
OS 3.2419112 3.7594437
OS 3.2413281 3.7594437
OS 3.2405784 3.759527
OS 3.2384959 3.759527
OS 3.2371631 3.7596103
OE
SE
S P 0
OB 3.3116465 3.0633606 I
OS 3.3122296 3.0633606
OS 3.3134791 3.0632773
OS 3.3148952 3.0631107
OS 3.3164779 3.0627775
OS 3.3180606 3.0624443
OS 3.3196433 3.0619445
OS 3.3197266 3.0619445
OS 3.3198099 3.0618612
OS 3.3203097 3.0616946
OS 3.3210594 3.0612781
OS 3.322059 3.0608616
OS 3.3231419 3.0601952
OS 3.3243081 3.0594455
OS 3.3254743 3.0585292
OS 3.3266405 3.0574463
OS 3.3268071 3.0572797
OS 3.3272236 3.0567799
OS 3.3278067 3.0560302
OS 3.3285564 3.0550306
OS 3.3293894 3.0536978
OS 3.3302224 3.0521984
OS 3.3309721 3.0504491
OS 3.3317218 3.0485332
OS 3.3317218 3.0484499
OS 3.3318051 3.0482833
OS 3.3318884 3.0479501
OS 3.3319717 3.0475336
OS 3.3321383 3.0470338
OS 3.3323049 3.0464507
OS 3.3324715 3.045701
OS 3.3326381 3.044868
OS 3.3328047 3.0439517
OS 3.3329713 3.0429521
OS 3.3333045 3.040703
OS 3.3334711 3.038204
OS 3.3335544 3.0354551
OS 3.3335544 3.0353718
OS 3.3335544 3.0351219
OS 3.3335544 3.0347054
OS 3.3335544 3.0341223
OS 3.3334711 3.0334559
OS 3.3334711 3.0327062
OS 3.3333878 3.0317899
OS 3.3333045 3.0307903
OS 3.3331379 3.0286245
OS 3.3328047 3.0262921
OS 3.3323049 3.0237931
OS 3.3317218 3.0213774
OS 3.3317218 3.0212941
OS 3.3316385 3.0211275
OS 3.3315552 3.0207943
OS 3.3313886 3.0202945
OS 3.331222 3.0197114
OS 3.3309721 3.0191283
OS 3.330389 3.0176289
OS 3.3296393 3.0158796
OS 3.3286397 3.014047
OS 3.3275568 3.0121311
OS 3.326224 3.0103818
OS 3.3261407 3.0102985
OS 3.3260574 3.0102152
OS 3.3258075 3.0099653
OS 3.3255576 3.0096321
OS 3.3247246 3.0087991
OS 3.3235584 3.0077162
OS 3.3221423 3.00655
OS 3.3204763 3.0053838
OS 3.3186437 3.0042176
OS 3.3165612 3.003218
OS 3.3164779 3.003218
OS 3.3163113 3.0031347
OS 3.3159781 3.0029681
OS 3.3155616 3.0028848
OS 3.3149785 3.0026349
OS 3.3143121 3.0024683
OS 3.3135624 3.0022184
OS 3.3126461 3.0020518
OS 3.3116465 3.0018019
OS 3.3105636 3.001552
OS 3.3093974 3.0013854
OS 3.3081479 3.0012188
OS 3.305399 3.0008856
OS 3.3024002 3.0008023
OS 3.3013173 3.0008023
OS 3.3005676 3.0008856
OS 3.2997346 3.0008856
OS 3.298735 3.0009689
OS 3.2976521 3.0010522
OS 3.2964859 3.0012188
OS 3.2963193 3.0012188
OS 3.2959861 3.0013021
OS 3.2954863 3.0013854
OS 3.2949032 3.0014687
OS 3.2935704 3.0016353
OS 3.2929873 3.0018019
OS 3.2924875 3.0018852
OS 3.2924875 3.0136305
OS 3.293737 3.0136305
OS 3.2938203 3.0135472
OS 3.2940702 3.0133806
OS 3.2944867 3.0132973
OS 3.2949032 3.0130474
OS 3.2954863 3.0128808
OS 3.2960694 3.0126309
OS 3.2968191 3.012381
OS 3.2969024 3.012381
OS 3.2972356 3.0122977
OS 3.2976521 3.0122144
OS 3.2983185 3.0121311
OS 3.2991515 3.0119645
OS 3.3001511 3.0118812
OS 3.301234 3.0117979
OS 3.3030666 3.0117979
OS 3.3036497 3.0118812
OS 3.3043994 3.0118812
OS 3.3052324 3.0119645
OS 3.3061487 3.0121311
OS 3.3082312 3.0125476
OS 3.3083145 3.0125476
OS 3.308731 3.0127142
OS 3.3092308 3.0128808
OS 3.3098972 3.0131307
OS 3.3105636 3.0134639
OS 3.3113966 3.0138804
OS 3.3122296 3.0144635
OS 3.3129793 3.0150466
OS 3.3130626 3.0151299
OS 3.3133125 3.0153798
OS 3.313729 3.015713
OS 3.3142288 3.0162961
OS 3.3147286 3.0168792
OS 3.3153117 3.0176289
OS 3.3158948 3.0185452
OS 3.3163946 3.0194615
OS 3.3164779 3.0196281
OS 3.3166445 3.0199613
OS 3.3168944 3.0205444
OS 3.3171443 3.0212941
OS 3.3174775 3.0222937
OS 3.3178107 3.0234599
OS 3.3180606 3.0247094
OS 3.3183105 3.0262088
OS 3.3181439 3.0261255
OS 3.3177274 3.0258756
OS 3.3171443 3.0254591
OS 3.3163113 3.0250426
OS 3.315395 3.0245428
OS 3.3143954 3.0239597
OS 3.3133125 3.0234599
OS 3.3122296 3.0230434
OS 3.3121463 3.0230434
OS 3.3117298 3.0228768
OS 3.3111467 3.0227102
OS 3.3103137 3.0225436
OS 3.3093974 3.022377
OS 3.3082312 3.0222104
OS 3.3068984 3.0221271
OS 3.305399 3.0220438
OS 3.3048992 3.0220438
OS 3.3042328 3.0221271
OS 3.3034831 3.0221271
OS 3.3025668 3.0222104
OS 3.3015672 3.022377
OS 3.2994014 3.0227935
OS 3.2993181 3.0228768
OS 3.2989016 3.0229601
OS 3.2984018 3.0231267
OS 3.2977354 3.0234599
OS 3.2969024 3.0237931
OS 3.2960694 3.0242096
OS 3.2951531 3.0247927
OS 3.2942368 3.0253758
OS 3.2940702 3.0254591
OS 3.293737 3.0257923
OS 3.2931539 3.0263754
OS 3.2924875 3.0270418
OS 3.2916545 3.0279581
OS 3.2909048 3.029041
OS 3.2900718 3.0302905
OS 3.2893221 3.0316233
OS 3.2893221 3.0317066
OS 3.2892388 3.0317899
OS 3.2891555 3.0320398
OS 3.2890722 3.0322897
OS 3.288739 3.0331227
OS 3.2884891 3.0342889
OS 3.2881559 3.035705
OS 3.2878227 3.0374543
OS 3.2876561 3.0393702
OS 3.2875728 3.041536
OS 3.2875728 3.0416193
OS 3.2875728 3.0417859
OS 3.2875728 3.0420358
OS 3.2875728 3.042369
OS 3.2876561 3.0432853
OS 3.2877394 3.0443682
OS 3.2879893 3.045701
OS 3.2882392 3.0472004
OS 3.2886557 3.0486998
OS 3.2891555 3.0501992
OS 3.2891555 3.0502825
OS 3.2892388 3.0503658
OS 3.2894887 3.0508656
OS 3.2898219 3.0516153
OS 3.2903217 3.0526149
OS 3.2909881 3.0536978
OS 3.2917378 3.054864
OS 3.2926541 3.0560302
OS 3.2936537 3.0571964
OS 3.2938203 3.057363
OS 3.2941535 3.0576962
OS 3.2948199 3.058196
OS 3.2956529 3.0588624
OS 3.2966525 3.0596121
OS 3.297902 3.0603618
OS 3.2993181 3.0611115
OS 3.3008175 3.0617779
OS 3.3009008 3.0617779
OS 3.3009841 3.0618612
OS 3.301234 3.0619445
OS 3.3015672 3.0620278
OS 3.3024002 3.0622777
OS 3.3035664 3.0626109
OS 3.3049825 3.0629441
OS 3.3066485 3.063194
OS 3.3083978 3.0633606
OS 3.3103137 3.0634439
OS 3.31123 3.0634439
OS 3.3116465 3.0633606
OE
OB 3.2500045 3.0621111 I
OS 3.2508375 3.0621111
OS 3.2526701 3.0620278
OS 3.2546693 3.0618612
OS 3.2567518 3.0616113
OS 3.2588343 3.0613614
OS 3.2590842 3.0613614
OS 3.2594174 3.0612781
OS 3.2597506 3.0611948
OS 3.2602504 3.0611115
OS 3.2608335 3.0609449
OS 3.2622496 3.0605284
OS 3.2638323 3.0600286
OS 3.2655816 3.0593622
OS 3.2674142 3.0585292
OS 3.2692468 3.0574463
OS 3.2693301 3.057363
OS 3.2694967 3.0572797
OS 3.2698299 3.0570298
OS 3.2702464 3.0567799
OS 3.2707462 3.0563634
OS 3.2713293 3.0558636
OS 3.2726621 3.0546974
OS 3.2741615 3.0532813
OS 3.2756609 3.0514487
OS 3.2771603 3.0494495
OS 3.2785764 3.0471171
OS 3.2786597 3.0470338
OS 3.278743 3.0468672
OS 3.2789096 3.0464507
OS 3.2791595 3.0459509
OS 3.2794094 3.0453678
OS 3.2796593 3.0446181
OS 3.2799925 3.0437851
OS 3.2803257 3.0427855
OS 3.2806589 3.0417859
OS 3.2809921 3.0406197
OS 3.281242 3.0393702
OS 3.2814919 3.0380374
OS 3.2819084 3.0351219
OS 3.282075 3.0319565
OS 3.282075 3.0318732
OS 3.282075 3.0316233
OS 3.282075 3.0311235
OS 3.2819917 3.0305404
OS 3.2819917 3.0297907
OS 3.2819084 3.0289577
OS 3.2817418 3.0279581
OS 3.2815752 3.0269585
OS 3.2811587 3.0245428
OS 3.2804923 3.0220438
OS 3.279576 3.0194615
OS 3.2789929 3.0181287
OS 3.2783265 3.0168792
OS 3.2783265 3.0167959
OS 3.2781599 3.0166293
OS 3.2779933 3.0162128
OS 3.2776601 3.0157963
OS 3.2773269 3.0152132
OS 3.2769104 3.0146301
OS 3.2758275 3.0131307
OS 3.2744947 3.011548
OS 3.272912 3.0097987
OS 3.2710794 3.008216
OS 3.2690802 3.0067166
OS 3.2689969 3.0067166
OS 3.2688303 3.00655
OS 3.2685804 3.0064667
OS 3.2682472 3.0062168
OS 3.2678307 3.0059669
OS 3.2673309 3.005717
OS 3.2660814 3.0050506
OS 3.2644987 3.0043842
OS 3.2628327 3.0038011
OS 3.2609168 3.003218
OS 3.2588343 3.0028015
OS 3.2585844 3.0028015
OS 3.2582512 3.0027182
OS 3.257918 3.0026349
OS 3.2573349 3.0026349
OS 3.2567518 3.0025516
OS 3.2560854 3.0024683
OS 3.2553357 3.002385
OS 3.2535864 3.0022184
OS 3.2515872 3.0021351
OS 3.2494214 3.0019685
OS 3.2283465 3.0019685
OS 3.2283465 3.0621944
OS 3.2493381 3.0621944
OS 3.2500045 3.0621111
OE
OB 3.2470057 3.0509489 H
OS 3.2435071 3.0509489
OS 3.2435071 3.0132973
OS 3.2467558 3.0132973
OS 3.2480886 3.0133806
OS 3.2509208 3.0133806
OS 3.2522536 3.0134639
OS 3.2524202 3.0134639
OS 3.2528367 3.0135472
OS 3.2535031 3.0136305
OS 3.2544194 3.0137971
OS 3.255419 3.014047
OS 3.2565852 3.0144635
OS 3.2577514 3.0149633
OS 3.2589176 3.0156297
OS 3.2590009 3.0156297
OS 3.2590842 3.015713
OS 3.2595007 3.0160462
OS 3.2601671 3.016546
OS 3.2610001 3.0172957
OS 3.2619164 3.018212
OS 3.2628327 3.0192949
OS 3.263749 3.0206277
OS 3.2644987 3.0220438
OS 3.2644987 3.0221271
OS 3.264582 3.0222104
OS 3.2646653 3.0224603
OS 3.2648319 3.0227935
OS 3.2649985 3.02321
OS 3.2651651 3.0237098
OS 3.2654983 3.024876
OS 3.2658315 3.0263754
OS 3.2661647 3.0280414
OS 3.2664146 3.0299573
OS 3.2664979 3.0321231
OS 3.2664979 3.0322064
OS 3.2664979 3.032373
OS 3.2664979 3.0327062
OS 3.2664979 3.0331227
OS 3.2664146 3.0336225
OS 3.2664146 3.0342056
OS 3.266248 3.0356217
OS 3.2659981 3.0372044
OS 3.2655816 3.0388704
OS 3.2650818 3.0406197
OS 3.2644154 3.0422857
OS 3.2644154 3.042369
OS 3.2643321 3.0424523
OS 3.2639989 3.0429521
OS 3.2635824 3.0437851
OS 3.262916 3.0447014
OS 3.2619997 3.0457843
OS 3.2609168 3.0468672
OS 3.2596673 3.0479501
OS 3.2581679 3.0488664
OS 3.2580013 3.0489497
OS 3.2576681 3.0491163
OS 3.2570017 3.0494495
OS 3.256252 3.0497827
OS 3.2552524 3.0501159
OS 3.2541695 3.0504491
OS 3.2530033 3.0506157
OS 3.2517538 3.0507823
OS 3.2511707 3.0507823
OS 3.250421 3.0508656
OS 3.2483385 3.0508656
OS 3.2470057 3.0509489
OE
OB 3.3102304 3.053198 H
OS 3.3097306 3.053198
OS 3.3093974 3.0531147
OS 3.3085644 3.0529481
OS 3.3075648 3.0526149
OS 3.3074815 3.0526149
OS 3.3073149 3.0525316
OS 3.3071483 3.052365
OS 3.3068151 3.0521984
OS 3.3059821 3.051532
OS 3.3051491 3.050699
OS 3.3050658 3.0506157
OS 3.3049825 3.0504491
OS 3.3048159 3.0501992
OS 3.304566 3.049866
OS 3.3043161 3.0493662
OS 3.3039829 3.0487831
OS 3.303733 3.0481167
OS 3.3033998 3.0472837
OS 3.3033998 3.0472004
OS 3.3033165 3.0468672
OS 3.3032332 3.0464507
OS 3.3030666 3.0457843
OS 3.3029833 3.0451179
OS 3.3028167 3.0442016
OS 3.3027334 3.0432853
OS 3.3027334 3.0422857
OS 3.3027334 3.0421191
OS 3.3027334 3.0417859
OS 3.3027334 3.0412861
OS 3.3028167 3.0406197
OS 3.3029 3.0397867
OS 3.3029833 3.039037
OS 3.3031499 3.038204
OS 3.3033998 3.0374543
OS 3.3033998 3.037371
OS 3.3035664 3.0371211
OS 3.303733 3.0367879
OS 3.3039829 3.0363714
OS 3.304566 3.0354551
OS 3.3054823 3.0344555
OS 3.3055656 3.0343722
OS 3.3057322 3.0342889
OS 3.3059821 3.0341223
OS 3.3063153 3.0338724
OS 3.3072316 3.0333726
OS 3.3083978 3.0329561
OS 3.3084811 3.0329561
OS 3.308731 3.0328728
OS 3.3090642 3.0327895
OS 3.3094807 3.0327895
OS 3.3100638 3.0327062
OS 3.3106469 3.0326229
OS 3.312063 3.0325396
OS 3.3126461 3.0325396
OS 3.3131459 3.0326229
OS 3.3142288 3.0327062
OS 3.3154783 3.0329561
OS 3.3155616 3.0329561
OS 3.3158115 3.0330394
OS 3.3161447 3.0331227
OS 3.3165612 3.0332893
OS 3.3174775 3.0336225
OS 3.3183938 3.0339557
OS 3.3183938 3.034039
OS 3.3183938 3.0342889
OS 3.3183938 3.0346221
OS 3.3184771 3.0352052
OS 3.3184771 3.0353718
OS 3.3185604 3.0358716
OS 3.3185604 3.0366213
OS 3.3185604 3.0377042
OS 3.3185604 3.0377875
OS 3.3185604 3.0379541
OS 3.3185604 3.038204
OS 3.3185604 3.0385372
OS 3.3185604 3.0394535
OS 3.3184771 3.0405364
OS 3.3183938 3.0418692
OS 3.3182272 3.043202
OS 3.3179773 3.0445348
OS 3.3177274 3.0457843
OS 3.3177274 3.0459509
OS 3.3175608 3.0462841
OS 3.3173942 3.0468672
OS 3.3171443 3.0476169
OS 3.3163946 3.0491996
OS 3.3158948 3.0499493
OS 3.315395 3.050699
OS 3.3153117 3.0507823
OS 3.3152284 3.0509489
OS 3.3147286 3.0514487
OS 3.3138956 3.0520318
OS 3.3129793 3.0526149
OS 3.312896 3.0526149
OS 3.3127294 3.0526982
OS 3.3124795 3.0527815
OS 3.3121463 3.0529481
OS 3.3113133 3.0531147
OS 3.3102304 3.053198
OE
SE
S P 0
OB 3.4667111 3.9590299 I
OS 3.4680439 3.9589466
OS 3.4695433 3.95878
OS 3.4712093 3.9586134
OS 3.4728753 3.9582802
OS 3.474458 3.9578637
OS 3.4745413 3.9578637
OS 3.4746246 3.9577804
OS 3.4751244 3.9576138
OS 3.4759574 3.9573639
OS 3.4768737 3.9570307
OS 3.4779566 3.9566142
OS 3.4791228 3.9561144
OS 3.4802057 3.955448
OS 3.4812886 3.9547816
OS 3.4813719 3.9546983
OS 3.4817051 3.9544484
OS 3.4822049 3.9540319
OS 3.4828713 3.9534488
OS 3.4835377 3.9526991
OS 3.4842041 3.9518661
OS 3.4848705 3.9509498
OS 3.4854536 3.9499502
OS 3.4855369 3.9497836
OS 3.4857035 3.9494504
OS 3.4859534 3.9488673
OS 3.4862033 3.9481176
OS 3.4864532 3.9472013
OS 3.4867031 3.9462017
OS 3.4868697 3.9450355
OS 3.486953 3.9438693
OS 3.486953 3.943786
OS 3.486953 3.9437027
OS 3.486953 3.9434528
OS 3.486953 3.9431196
OS 3.4867864 3.9423699
OS 3.4866198 3.941287
OS 3.4863699 3.9401208
OS 3.4858701 3.938788
OS 3.485287 3.9374552
OS 3.484454 3.9361224
OS 3.4843707 3.9359558
OS 3.4839542 3.9355393
OS 3.4833711 3.9349562
OS 3.4825381 3.9341232
OS 3.4814552 3.9332069
OS 3.4802057 3.9322906
OS 3.478623 3.931291
OS 3.4767904 3.9303747
OS 3.4767904 3.9301248
OS 3.4768737 3.9301248
OS 3.4770403 3.9300415
OS 3.4773735 3.9298749
OS 3.47779 3.9297083
OS 3.4782898 3.9294584
OS 3.4788729 3.9291252
OS 3.4801224 3.9284588
OS 3.4816218 3.9274592
OS 3.4830379 3.9263763
OS 3.484454 3.9251268
OS 3.4856202 3.9237107
OS 3.4856202 3.9236274
OS 3.4857035 3.9235441
OS 3.4858701 3.9232942
OS 3.4860367 3.9230443
OS 3.4865365 3.9222113
OS 3.4870363 3.9210451
OS 3.4875361 3.9197123
OS 3.4880359 3.9181296
OS 3.4883691 3.916297
OS 3.4884524 3.9142978
OS 3.4884524 3.9141312
OS 3.4884524 3.9136314
OS 3.4883691 3.9128817
OS 3.4882858 3.9119654
OS 3.4880359 3.9108825
OS 3.487786 3.909633
OS 3.4873695 3.9083835
OS 3.4867864 3.907134
OS 3.4867031 3.9069674
OS 3.4864532 3.9065509
OS 3.48612 3.9059678
OS 3.4856202 3.9051348
OS 3.4849538 3.9043018
OS 3.4841208 3.9033022
OS 3.4832045 3.9023026
OS 3.4821216 3.9013863
OS 3.481955 3.901303
OS 3.4816218 3.9009698
OS 3.4809554 3.9005533
OS 3.4800391 3.8999702
OS 3.4789562 3.8993871
OS 3.4777067 3.8987207
OS 3.4762073 3.8981376
OS 3.4746246 3.8975545
OS 3.4745413 3.8975545
OS 3.474458 3.8974712
OS 3.4742081 3.8974712
OS 3.4738749 3.8973879
OS 3.4734584 3.8972213
OS 3.4729586 3.897138
OS 3.4717091 3.8968881
OS 3.4702097 3.8966382
OS 3.4685437 3.8964716
OS 3.4666278 3.896305
OS 3.4645453 3.8962217
OS 3.4635457 3.8962217
OS 3.4629626 3.896305
OS 3.4623795 3.896305
OS 3.4609634 3.8963883
OS 3.4592974 3.8965549
OS 3.4574648 3.8968048
OS 3.4556322 3.897138
OS 3.4538829 3.8976378
OS 3.4537996 3.8976378
OS 3.4537163 3.8977211
OS 3.4534664 3.8978044
OS 3.4531332 3.8978877
OS 3.4523002 3.8982209
OS 3.4513006 3.8986374
OS 3.4501344 3.8991372
OS 3.4488849 3.8998036
OS 3.4476354 3.9005533
OS 3.4464692 3.9013863
OS 3.4463026 3.9014696
OS 3.4459694 3.9018028
OS 3.4454696 3.9023026
OS 3.4448865 3.902969
OS 3.4441368 3.903802
OS 3.4434704 3.9047183
OS 3.442804 3.9058012
OS 3.4422209 3.9069674
OS 3.4421376 3.907134
OS 3.4420543 3.9075505
OS 3.4418044 3.9082169
OS 3.4415545 3.9090499
OS 3.4413046 3.9100495
OS 3.441138 3.9112157
OS 3.4409714 3.9124652
OS 3.4408881 3.913798
OS 3.4408881 3.9138813
OS 3.4408881 3.9140479
OS 3.4408881 3.9142978
OS 3.4409714 3.914631
OS 3.4410547 3.9156306
OS 3.4412213 3.9167968
OS 3.4415545 3.9181296
OS 3.4420543 3.919629
OS 3.442804 3.9210451
OS 3.4437203 3.9223779
OS 3.4438869 3.9225445
OS 3.4442201 3.922961
OS 3.4448865 3.9235441
OS 3.4458028 3.9243771
OS 3.446969 3.9252934
OS 3.4483851 3.9262097
OS 3.4500511 3.9272093
OS 3.451967 3.9281256
OS 3.451967 3.9283755
OS 3.4518837 3.9283755
OS 3.4517171 3.9284588
OS 3.4514672 3.9286254
OS 3.451134 3.9288753
OS 3.4501344 3.9293751
OS 3.4490515 3.9301248
OS 3.447802 3.9310411
OS 3.4465525 3.932124
OS 3.4454696 3.9332902
OS 3.4445533 3.934623
OS 3.4445533 3.9347063
OS 3.44447 3.9347896
OS 3.4442201 3.9352894
OS 3.4438869 3.9360391
OS 3.4435537 3.9370387
OS 3.4431372 3.9382882
OS 3.442804 3.939621
OS 3.4425541 3.9412037
OS 3.4424708 3.9428697
OS 3.4424708 3.9430363
OS 3.4424708 3.9434528
OS 3.4425541 3.9440359
OS 3.4426374 3.9448689
OS 3.442804 3.9457852
OS 3.4430539 3.9468681
OS 3.4433871 3.947951
OS 3.4438869 3.9490339
OS 3.4439702 3.9492005
OS 3.4441368 3.9495337
OS 3.44447 3.9501168
OS 3.4449698 3.9507832
OS 3.4455529 3.9516162
OS 3.4463026 3.9524492
OS 3.4472189 3.9533655
OS 3.4482185 3.9542818
OS 3.4483851 3.9543651
OS 3.4487183 3.954615
OS 3.4493014 3.9550315
OS 3.4501344 3.9555313
OS 3.451134 3.9561144
OS 3.4523002 3.9566975
OS 3.4537163 3.9572806
OS 3.4552157 3.9577804
OS 3.455299 3.9577804
OS 3.4553823 3.9578637
OS 3.4556322 3.957947
OS 3.4559654 3.9580303
OS 3.4567984 3.9581969
OS 3.4579646 3.9584468
OS 3.4593807 3.9586967
OS 3.4610467 3.9589466
OS 3.462796 3.9590299
OS 3.4647119 3.9591132
OS 3.466128 3.9591132
OS 3.4667111 3.9590299
OE
OB 3.4173975 3.9590299 I
OS 3.4183971 3.9590299
OS 3.41948 3.9589466
OS 3.4216458 3.9586967
OS 3.4218124 3.9586967
OS 3.4221456 3.9586134
OS 3.4227287 3.9585301
OS 3.4234784 3.9583635
OS 3.4243114 3.9581969
OS 3.4252277 3.9580303
OS 3.4272269 3.9575305
OS 3.4273102 3.9575305
OS 3.4275601 3.9574472
OS 3.4279766 3.9572806
OS 3.4285597 3.957114
OS 3.4292261 3.9568641
OS 3.4299758 3.9566142
OS 3.4316418 3.9558645
OS 3.4317251 3.9557812
OS 3.4320583 3.9556979
OS 3.4324748 3.9555313
OS 3.4330579 3.9552814
OS 3.4343907 3.9546983
OS 3.4350571 3.9543651
OS 3.4356402 3.9540319
OS 3.4356402 3.9397876
OS 3.4340575 3.9397876
OS 3.4339742 3.9398709
OS 3.4338909 3.9399542
OS 3.433641 3.9401208
OS 3.4333078 3.940454
OS 3.4324748 3.9411204
OS 3.4313086 3.9420367
OS 3.4312253 3.94212
OS 3.4310587 3.9422866
OS 3.4306422 3.9425365
OS 3.4302257 3.9428697
OS 3.4296426 3.9432862
OS 3.4290595 3.9437027
OS 3.4275601 3.9447023
OS 3.4274768 3.9447856
OS 3.4272269 3.9449522
OS 3.4267271 3.9451188
OS 3.4262273 3.945452
OS 3.4254776 3.9457852
OS 3.4247279 3.9461184
OS 3.4238116 3.9465349
OS 3.4228953 3.9468681
OS 3.422812 3.9469514
OS 3.4224788 3.9470347
OS 3.421979 3.9472013
OS 3.4213126 3.9473679
OS 3.4204796 3.9475345
OS 3.4196466 3.9476178
OS 3.418647 3.9477844
OS 3.4170643 3.9477844
OS 3.4164812 3.9477011
OS 3.4156482 3.9476178
OS 3.4147319 3.9475345
OS 3.4137323 3.9473679
OS 3.4127327 3.9470347
OS 3.4116498 3.9467015
OS 3.4115665 3.9466182
OS 3.4112333 3.9465349
OS 3.4106502 3.946285
OS 3.4099838 3.9458685
OS 3.4092341 3.9453687
OS 3.4083178 3.9447856
OS 3.4074015 3.9440359
OS 3.4064852 3.9431196
OS 3.4064019 3.9430363
OS 3.406152 3.9427031
OS 3.4057355 3.9422033
OS 3.4051524 3.9415369
OS 3.4045693 3.9406206
OS 3.4039862 3.9395377
OS 3.4034031 3.9382882
OS 3.40282 3.9368721
OS 3.40282 3.9367888
OS 3.4027367 3.9367055
OS 3.4026534 3.9364556
OS 3.4025701 3.9362057
OS 3.4024035 3.9353727
OS 3.4021536 3.9342898
OS 3.4018204 3.9328737
OS 3.4016538 3.931291
OS 3.4014872 3.9295417
OS 3.4014039 3.9276258
OS 3.4014039 3.9275425
OS 3.4014039 3.9273759
OS 3.4014039 3.927126
OS 3.4014039 3.9267095
OS 3.4014872 3.9262097
OS 3.4014872 3.9256266
OS 3.4015705 3.9243771
OS 3.4017371 3.9228777
OS 3.401987 3.921295
OS 3.4023202 3.9197123
OS 3.40282 3.9182129
OS 3.4029033 3.9180463
OS 3.4030699 3.9175465
OS 3.4034031 3.9168801
OS 3.4039029 3.9160471
OS 3.4044027 3.9150475
OS 3.4050691 3.9139646
OS 3.4059021 3.912965
OS 3.4067351 3.9120487
OS 3.4068184 3.9119654
OS 3.4071516 3.9117155
OS 3.4076514 3.911299
OS 3.4083178 3.9107992
OS 3.4090675 3.9102994
OS 3.4099838 3.9097163
OS 3.4109834 3.9092165
OS 3.411983 3.9088
OS 3.4121496 3.9088
OS 3.4124828 3.9086334
OS 3.4130659 3.9084668
OS 3.4138156 3.9083002
OS 3.4146486 3.9081336
OS 3.4156482 3.907967
OS 3.4166478 3.9078837
OS 3.4177307 3.9078004
OS 3.4182305 3.9078004
OS 3.4188136 3.9078837
OS 3.4195633 3.9078837
OS 3.4203963 3.9080503
OS 3.4213959 3.9082169
OS 3.4223955 3.9083835
OS 3.4233951 3.9087167
OS 3.4234784 3.9088
OS 3.4238949 3.9088833
OS 3.4243947 3.9091332
OS 3.4249778 3.9093831
OS 3.4257275 3.9097163
OS 3.4264772 3.9100495
OS 3.4272269 3.9105493
OS 3.4279766 3.9109658
OS 3.4280599 3.9110491
OS 3.4283098 3.9112157
OS 3.4287263 3.9114656
OS 3.4292261 3.9117155
OS 3.4303923 3.9125485
OS 3.4315585 3.9134648
OS 3.4316418 3.9135481
OS 3.4318084 3.9137147
OS 3.4320583 3.9138813
OS 3.4324748 3.9142145
OS 3.4333078 3.9149642
OS 3.4342241 3.9157972
OS 3.4356402 3.9157972
OS 3.4356402 3.9016362
OS 3.4355569 3.9016362
OS 3.435307 3.9014696
OS 3.4349738 3.901303
OS 3.4345573 3.9011364
OS 3.4339742 3.9008032
OS 3.4333078 3.9005533
OS 3.4317251 3.8998036
OS 3.4316418 3.8998036
OS 3.4313919 3.899637
OS 3.4308921 3.8994704
OS 3.4303923 3.8992205
OS 3.4297259 3.8989706
OS 3.4289762 3.8987207
OS 3.4273102 3.8981376
OS 3.4272269 3.8981376
OS 3.4268104 3.8980543
OS 3.4263106 3.8978877
OS 3.4255609 3.8977211
OS 3.4247279 3.8975545
OS 3.4238949 3.8973046
OS 3.421979 3.8969714
OS 3.4218957 3.8969714
OS 3.4215625 3.8968881
OS 3.4209794 3.8968048
OS 3.4202297 3.8967215
OS 3.4193134 3.8966382
OS 3.4181472 3.8965549
OS 3.4167311 3.8964716
OS 3.4146486 3.8964716
OS 3.4138989 3.8965549
OS 3.4129826 3.8966382
OS 3.4118164 3.8967215
OS 3.4104836 3.8968881
OS 3.4090675 3.897138
OS 3.4074848 3.8974712
OS 3.4057355 3.8978877
OS 3.4039862 3.8984708
OS 3.4022369 3.8991372
OS 3.4004043 3.8998869
OS 3.398655 3.9008865
OS 3.3969057 3.9019694
OS 3.395323 3.9032189
OS 3.3937403 3.904635
OS 3.393657 3.9047183
OS 3.3934071 3.9050515
OS 3.3929906 3.905468
OS 3.3924908 3.9061344
OS 3.3919077 3.9069674
OS 3.3912413 3.907967
OS 3.3904916 3.9092165
OS 3.3898252 3.9105493
OS 3.3890755 3.912132
OS 3.3883258 3.9138813
OS 3.3876594 3.9157139
OS 3.3870763 3.9177964
OS 3.3865765 3.9200455
OS 3.38616 3.9224612
OS 3.3859101 3.9249602
OS 3.3858268 3.9277091
OS 3.3858268 3.9277924
OS 3.3858268 3.9278757
OS 3.3858268 3.9283755
OS 3.3859101 3.9291252
OS 3.3859934 3.9301248
OS 3.3860767 3.931291
OS 3.3862433 3.9327071
OS 3.3864932 3.9342898
OS 3.3868264 3.9359558
OS 3.3872429 3.9377051
OS 3.3877427 3.939621
OS 3.3884091 3.9414536
OS 3.3891588 3.9433695
OS 3.3900751 3.9452854
OS 3.391158 3.947118
OS 3.3923242 3.9488673
OS 3.3937403 3.9505333
OS 3.3938236 3.9506166
OS 3.3940735 3.9508665
OS 3.3945733 3.9513663
OS 3.3952397 3.9518661
OS 3.3959894 3.9525325
OS 3.396989 3.9532822
OS 3.3981552 3.9540319
OS 3.3994047 3.9548649
OS 3.4009041 3.9556146
OS 3.4024868 3.9563643
OS 3.4042361 3.957114
OS 3.406152 3.9577804
OS 3.4082345 3.9583635
OS 3.4104003 3.95878
OS 3.4127327 3.9590299
OS 3.4152317 3.9591132
OS 3.4164812 3.9591132
OS 3.4173975 3.9590299
OE
OB 3.4595473 3.9247103 H
OS 3.459464 3.924627
OS 3.4592974 3.9244604
OS 3.4589642 3.9241272
OS 3.458631 3.9236274
OS 3.4581312 3.9230443
OS 3.4577147 3.9223779
OS 3.4572149 3.9216282
OS 3.4567151 3.9207952
OS 3.4566318 3.9207119
OS 3.4565485 3.9203787
OS 3.4563819 3.9199622
OS 3.456132 3.9192958
OS 3.4558821 3.9185461
OS 3.4557155 3.9177131
OS 3.4556322 3.9167135
OS 3.4555489 3.9157139
OS 3.4555489 3.9156306
OS 3.4555489 3.9155473
OS 3.4556322 3.9150475
OS 3.4557155 3.9142978
OS 3.4558821 3.9132982
OS 3.4562153 3.9122986
OS 3.4567151 3.9111324
OS 3.4572982 3.9100495
OS 3.4582145 3.9090499
OS 3.4583811 3.9089666
OS 3.4587143 3.9086334
OS 3.4592974 3.9083002
OS 3.4601304 3.9078004
OS 3.46113 3.9073839
OS 3.4622962 3.9069674
OS 3.463629 3.9066342
OS 3.4652117 3.9065509
OS 3.4656282 3.9065509
OS 3.4659614 3.9066342
OS 3.4667944 3.9067175
OS 3.4678773 3.9068841
OS 3.4679606 3.9068841
OS 3.4681272 3.9069674
OS 3.4684604 3.9070507
OS 3.4687936 3.9072173
OS 3.4697099 3.9075505
OS 3.4706262 3.9080503
OS 3.4707095 3.9081336
OS 3.4708761 3.9082169
OS 3.4713759 3.9087167
OS 3.4720423 3.9093831
OS 3.4727087 3.9102994
OS 3.4727087 3.9103827
OS 3.4728753 3.9105493
OS 3.4729586 3.9107992
OS 3.4731252 3.9112157
OS 3.4732918 3.9116322
OS 3.4733751 3.9122153
OS 3.4735417 3.9128817
OS 3.4735417 3.9136314
OS 3.4735417 3.913798
OS 3.4735417 3.9141312
OS 3.4734584 3.914631
OS 3.4733751 3.9152974
OS 3.4732085 3.9160471
OS 3.4729586 3.9167968
OS 3.4726254 3.9175465
OS 3.4722089 3.9182129
OS 3.4721256 3.9182962
OS 3.471959 3.9184628
OS 3.4716258 3.918796
OS 3.4710427 3.9192125
OS 3.4703763 3.9197956
OS 3.46946 3.9203787
OS 3.4682938 3.9210451
OS 3.4668777 3.9217115
OS 3.4667944 3.9217115
OS 3.4666278 3.9217948
OS 3.4663779 3.9219614
OS 3.4660447 3.922128
OS 3.4655449 3.9222946
OS 3.4649618 3.9225445
OS 3.4642954 3.9227944
OS 3.4634624 3.9231276
OS 3.4633791 3.9232109
OS 3.4631292 3.9232942
OS 3.4627127 3.9234608
OS 3.4621296 3.9237107
OS 3.4608801 3.9242105
OS 3.4595473 3.9247103
OE
OB 3.4647119 3.9488673 H
OS 3.4642121 3.9488673
OS 3.4635457 3.948784
OS 3.462796 3.9487007
OS 3.461963 3.9484508
OS 3.46113 3.9482009
OS 3.4602137 3.9477844
OS 3.4593807 3.9472013
OS 3.4592974 3.947118
OS 3.4590475 3.9468681
OS 3.4587143 3.9465349
OS 3.4583811 3.9460351
OS 3.4580479 3.945452
OS 3.4577147 3.9447856
OS 3.4574648 3.9439526
OS 3.4573815 3.9431196
OS 3.4573815 3.9430363
OS 3.4573815 3.9427031
OS 3.4574648 3.9422866
OS 3.4575481 3.9417035
OS 3.4578813 3.940454
OS 3.4581312 3.9397876
OS 3.4585477 3.9392045
OS 3.458631 3.9391212
OS 3.4587976 3.9389546
OS 3.4590475 3.9387047
OS 3.459464 3.9382882
OS 3.4600471 3.9378717
OS 3.4607135 3.9374552
OS 3.4614632 3.9369554
OS 3.4623795 3.9364556
OS 3.4624628 3.9364556
OS 3.4626294 3.9363723
OS 3.462796 3.936289
OS 3.4631292 3.9361224
OS 3.4639622 3.9357892
OS 3.4650451 3.9352894
OS 3.4651284 3.9352894
OS 3.465295 3.9352061
OS 3.4657115 3.9350395
OS 3.466128 3.9348729
OS 3.4667944 3.934623
OS 3.4674608 3.9343731
OS 3.4682938 3.9340399
OS 3.4692101 3.9337067
OS 3.4692934 3.93379
OS 3.46946 3.9340399
OS 3.4697932 3.9344564
OS 3.4701264 3.9349562
OS 3.4704596 3.9356226
OS 3.4708761 3.936289
OS 3.4715425 3.9377051
OS 3.4715425 3.9377884
OS 3.4716258 3.9380383
OS 3.4717924 3.9384548
OS 3.471959 3.9389546
OS 3.4720423 3.939621
OS 3.4722089 3.9403707
OS 3.4722922 3.9412037
OS 3.4722922 3.94212
OS 3.4722922 3.9422866
OS 3.4722922 3.9426198
OS 3.4722089 3.9432029
OS 3.4720423 3.9438693
OS 3.4717924 3.944619
OS 3.4713759 3.945452
OS 3.4708761 3.9462017
OS 3.4702097 3.9469514
OS 3.4701264 3.9470347
OS 3.4698765 3.9472846
OS 3.4693767 3.9475345
OS 3.4687936 3.947951
OS 3.4679606 3.9482842
OS 3.4670443 3.9485341
OS 3.4659614 3.948784
OS 3.4647119 3.9488673
OE
SE
S P 0
OB 3.4933933 0.740526 I
OS 3.4946428 0.740526
OS 3.4961422 0.7403594
OS 3.4977249 0.7401928
OS 3.4993076 0.7399429
OS 3.500807 0.7396097
OS 3.5009736 0.7396097
OS 3.5014734 0.7394431
OS 3.5022231 0.7391932
OS 3.5031394 0.7389433
OS 3.504139 0.7385268
OS 3.5053052 0.7381103
OS 3.5064714 0.7375272
OS 3.5075543 0.7369441
OS 3.5077209 0.7368608
OS 3.5080541 0.7366109
OS 3.5086372 0.7361944
OS 3.5093036 0.7356113
OS 3.5100533 0.7349449
OS 3.510803 0.7341119
OS 3.5115527 0.7331956
OS 3.5121358 0.7321127
OS 3.5122191 0.7319461
OS 3.5123857 0.7316129
OS 3.5126356 0.7310298
OS 3.5129688 0.7301968
OS 3.5132187 0.7291972
OS 3.5134686 0.7281143
OS 3.5136352 0.7268648
OS 3.5137185 0.725532
OS 3.5137185 0.7254487
OS 3.5137185 0.7252821
OS 3.5137185 0.7250322
OS 3.5136352 0.724699
OS 3.5135519 0.7236994
OS 3.5133853 0.7224499
OS 3.5129688 0.7210338
OS 3.512469 0.7195344
OS 3.5117193 0.718035
OS 3.5107197 0.7165356
OS 3.5105531 0.716369
OS 3.5102199 0.7159525
OS 3.5095535 0.7152861
OS 3.5086372 0.7144531
OS 3.507471 0.7136201
OS 3.5061382 0.7127871
OS 3.5046388 0.7121207
OS 3.5028895 0.7115376
OS 3.5028895 0.7109545
OS 3.5029728 0.7109545
OS 3.5032227 0.7108712
OS 3.5037225 0.7107879
OS 3.5042223 0.7107046
OS 3.5048887 0.710538
OS 3.5055551 0.7103714
OS 3.5070545 0.7098716
OS 3.5071378 0.7098716
OS 3.5073877 0.709705
OS 3.5078042 0.7095384
OS 3.508304 0.7092885
OS 3.5089704 0.7089553
OS 3.5096368 0.7085388
OS 3.5103032 0.7079557
OS 3.5110529 0.7073726
OS 3.5111362 0.7072893
OS 3.5113861 0.7071227
OS 3.5117193 0.7067062
OS 3.5121358 0.7062897
OS 3.5125523 0.7057066
OS 3.5131354 0.7049569
OS 3.5135519 0.7042072
OS 3.5140517 0.7032909
OS 3.514135 0.7032076
OS 3.5142183 0.7028744
OS 3.5144682 0.7022913
OS 3.5147181 0.7016249
OS 3.5148847 0.7007919
OS 3.5151346 0.699709
OS 3.5152179 0.6986261
OS 3.5153012 0.6973766
OS 3.5153012 0.6972933
OS 3.5153012 0.69721
OS 3.5153012 0.6969601
OS 3.5153012 0.6966269
OS 3.5152179 0.6957939
OS 3.5151346 0.694711
OS 3.5148847 0.6934615
OS 3.5146348 0.6921287
OS 3.5142183 0.6907126
OS 3.5136352 0.6892965
OS 3.5135519 0.6891299
OS 3.513302 0.6887134
OS 3.5129688 0.688047
OS 3.5123857 0.6871307
OS 3.5117193 0.6862144
OS 3.5108863 0.6851315
OS 3.5098867 0.6841319
OS 3.5088038 0.6831323
OS 3.5086372 0.683049
OS 3.5082207 0.6827158
OS 3.5075543 0.682216
OS 3.5067213 0.6817162
OS 3.5055551 0.6810498
OS 3.5043056 0.6803834
OS 3.5028895 0.6798003
OS 3.5013068 0.6792172
OS 3.5012235 0.6792172
OS 3.5011402 0.6791339
OS 3.5008903 0.6791339
OS 3.5005571 0.6790506
OS 3.5001406 0.678884
OS 3.4996408 0.6788007
OS 3.4983913 0.6785508
OS 3.4968919 0.6783009
OS 3.4951426 0.6781343
OS 3.4931434 0.6779677
OS 3.4908943 0.6778844
OS 3.4890617 0.6778844
OS 3.4883953 0.6779677
OS 3.4875623 0.6779677
OS 3.4867293 0.678051
OS 3.4848134 0.6781343
OS 3.4828142 0.6783842
OS 3.4807317 0.6786341
OS 3.4787325 0.6790506
OS 3.4786492 0.6790506
OS 3.4784826 0.6791339
OS 3.4782327 0.6791339
OS 3.4778995 0.6792172
OS 3.4769832 0.6794671
OS 3.475817 0.6798003
OS 3.4745675 0.6802168
OS 3.4732347 0.6806333
OS 3.4719019 0.6811331
OS 3.4706524 0.6816329
OS 3.4706524 0.694711
OS 3.4720685 0.694711
OS 3.4722351 0.6946277
OS 3.4726516 0.6943778
OS 3.473318 0.6939613
OS 3.4743176 0.6934615
OS 3.4754005 0.6928784
OS 3.4767333 0.692212
OS 3.4782327 0.6915456
OS 3.4798154 0.6909625
OS 3.4798987 0.6909625
OS 3.479982 0.6908792
OS 3.4802319 0.6907959
OS 3.4805651 0.6907126
OS 3.4813981 0.6904627
OS 3.4825643 0.6902128
OS 3.4838138 0.6899629
OS 3.4851466 0.689713
OS 3.4865627 0.6895464
OS 3.4879788 0.6894631
OS 3.4888118 0.6894631
OS 3.4893949 0.6895464
OS 3.4901446 0.6895464
OS 3.4908943 0.6896297
OS 3.4927269 0.6897963
OS 3.4928102 0.6897963
OS 3.4931434 0.6898796
OS 3.4936432 0.6899629
OS 3.4942263 0.6902128
OS 3.4956424 0.6907126
OS 3.4963921 0.6911291
OS 3.4970585 0.6915456
OS 3.4971418 0.6916289
OS 3.4973084 0.6917122
OS 3.4975583 0.6919621
OS 3.4978915 0.692212
OS 3.4986412 0.693045
OS 3.4993076 0.6940446
OS 3.4993076 0.6941279
OS 3.4994742 0.6942945
OS 3.4995575 0.6946277
OS 3.4997241 0.6951275
OS 3.4998907 0.6957106
OS 3.499974 0.6964603
OS 3.5001406 0.6972933
OS 3.5001406 0.6982929
OS 3.5001406 0.6983762
OS 3.5001406 0.6987094
OS 3.5000573 0.6992092
OS 3.499974 0.6997923
OS 3.4998074 0.7004587
OS 3.4996408 0.7011251
OS 3.4993076 0.7017915
OS 3.4988911 0.7023746
OS 3.4988078 0.7024579
OS 3.4986412 0.7026245
OS 3.4983913 0.7028744
OS 3.4980581 0.7032076
OS 3.4976416 0.7035408
OS 3.4971418 0.7039573
OS 3.495809 0.7045404
OS 3.4957257 0.7045404
OS 3.4954758 0.7046237
OS 3.4950593 0.7047903
OS 3.4944762 0.7049569
OS 3.4938098 0.7050402
OS 3.4930601 0.7052068
OS 3.4921438 0.7052901
OS 3.4911442 0.7053734
OS 3.4901446 0.7053734
OS 3.4895615 0.7054567
OS 3.4838138 0.7054567
OS 3.4838138 0.7159525
OS 3.4878122 0.7159525
OS 3.4885619 0.7160358
OS 3.4893949 0.7160358
OS 3.4911442 0.7161191
OS 3.4912275 0.7161191
OS 3.4915607 0.7162024
OS 3.4919772 0.7162024
OS 3.492477 0.716369
OS 3.4938098 0.7166189
OS 3.4950593 0.7171187
OS 3.4951426 0.7171187
OS 3.4953092 0.7172853
OS 3.4956424 0.7174519
OS 3.4959756 0.7177018
OS 3.4968919 0.7182849
OS 3.4976416 0.7192012
OS 3.4977249 0.7192845
OS 3.4978082 0.7194511
OS 3.4979748 0.7197843
OS 3.4981414 0.7202008
OS 3.498308 0.7207839
OS 3.4983913 0.7214503
OS 3.4985579 0.7222
OS 3.4985579 0.723033
OS 3.4985579 0.7231163
OS 3.4985579 0.7233662
OS 3.4984746 0.7236161
OS 3.4984746 0.7240326
OS 3.4981414 0.7250322
OS 3.4979748 0.725532
OS 3.4976416 0.7259485
OS 3.4976416 0.7260318
OS 3.497475 0.7261151
OS 3.4970585 0.7266149
OS 3.4963921 0.727198
OS 3.4955591 0.7277811
OS 3.4954758 0.7277811
OS 3.4953092 0.7278644
OS 3.494976 0.728031
OS 3.4946428 0.7281976
OS 3.494143 0.7283642
OS 3.4935599 0.7285308
OS 3.4921438 0.7287807
OS 3.4920605 0.7287807
OS 3.4918106 0.728864
OS 3.4914774 0.728864
OS 3.4910609 0.7289473
OS 3.489978 0.7290306
OS 3.4880621 0.7290306
OS 3.487479 0.7289473
OS 3.4868126 0.728864
OS 3.4859796 0.7287807
OS 3.4843136 0.7284475
OS 3.4842303 0.7284475
OS 3.4838971 0.7283642
OS 3.4834806 0.7282809
OS 3.4828975 0.7281143
OS 3.4822311 0.7278644
OS 3.4814814 0.7276978
OS 3.4798987 0.7271147
OS 3.4798154 0.7271147
OS 3.4796488 0.7270314
OS 3.4792323 0.7268648
OS 3.4788158 0.7266982
OS 3.478316 0.7264483
OS 3.4776496 0.7261151
OS 3.4763168 0.7254487
OS 3.4762335 0.7254487
OS 3.4759836 0.7252821
OS 3.4757337 0.7251155
OS 3.4753172 0.7248656
OS 3.4744009 0.7243658
OS 3.4739844 0.7241992
OS 3.4736512 0.7239493
OS 3.4724017 0.7239493
OS 3.4724017 0.7367775
OS 3.4725683 0.7368608
OS 3.4729848 0.7370274
OS 3.4736512 0.7372773
OS 3.4745675 0.7376105
OS 3.475817 0.738027
OS 3.4772331 0.7384435
OS 3.4788991 0.73886
OS 3.4807317 0.7393598
OS 3.480815 0.7393598
OS 3.4809816 0.7394431
OS 3.4812315 0.7394431
OS 3.481648 0.7395264
OS 3.4821478 0.739693
OS 3.4826476 0.7397763
OS 3.4840637 0.7400262
OS 3.4856464 0.7401928
OS 3.487479 0.7404427
OS 3.4894782 0.740526
OS 3.4914774 0.7406093
OS 3.4928935 0.7406093
OS 3.4933933 0.740526
OE
OB 3.4359163 0.740526 I
OS 3.4368326 0.7404427
OS 3.4379988 0.7403594
OS 3.4393316 0.7401928
OS 3.4407477 0.7399429
OS 3.4423304 0.7395264
OS 3.4439964 0.7391099
OS 3.4457457 0.7385268
OS 3.447495 0.7378604
OS 3.4493276 0.7370274
OS 3.4510769 0.7361111
OS 3.4527429 0.7349449
OS 3.4544089 0.7336954
OS 3.4559083 0.732196
OS 3.4559916 0.7321127
OS 3.4562415 0.7317795
OS 3.456658 0.731363
OS 3.4571578 0.7306966
OS 3.4577409 0.7297803
OS 3.4584073 0.7287807
OS 3.4590737 0.7275312
OS 3.4598234 0.7261984
OS 3.4605731 0.7246157
OS 3.4612395 0.7228664
OS 3.4619059 0.7210338
OS 3.462489 0.7189513
OS 3.4629888 0.7167022
OS 3.4634053 0.7143698
OS 3.4636552 0.7118708
OS 3.4637385 0.7092052
OS 3.4637385 0.7091219
OS 3.4637385 0.7087054
OS 3.4637385 0.7082056
OS 3.4636552 0.7074559
OS 3.4635719 0.7065396
OS 3.4634886 0.7054567
OS 3.4634053 0.7042072
OS 3.4631554 0.7029577
OS 3.4629055 0.7015416
OS 3.4626556 0.7000422
OS 3.4618226 0.6969601
OS 3.4613228 0.6953774
OS 3.4607397 0.693878
OS 3.4600733 0.6923786
OS 3.4592403 0.6908792
OS 3.459157 0.6907959
OS 3.4590737 0.690546
OS 3.4588238 0.6901295
OS 3.4584073 0.6896297
OS 3.4579908 0.6890466
OS 3.4574077 0.6882969
OS 3.4567413 0.6875472
OS 3.4560749 0.6867142
OS 3.4552419 0.6857979
OS 3.4542423 0.6849649
OS 3.4532427 0.6840486
OS 3.4521598 0.6831323
OS 3.4509103 0.6822993
OS 3.4496608 0.6814663
OS 3.448328 0.6807999
OS 3.4468286 0.6801335
OS 3.4468286 0.6800502
OS 3.4468286 0.6799669
OS 3.4468286 0.6794671
OS 3.4469119 0.6787174
OS 3.4470785 0.6778011
OS 3.4473284 0.6768015
OS 3.4476616 0.6758019
OS 3.4480781 0.6748856
OS 3.4487445 0.6741359
OS 3.4488278 0.6740526
OS 3.449161 0.673886
OS 3.4495775 0.6735528
OS 3.4503272 0.6733029
OS 3.4511602 0.6729697
OS 3.4523264 0.6726365
OS 3.4537425 0.6724699
OS 3.4553252 0.6723866
OS 3.4559916 0.6723866
OS 3.4564914 0.6724699
OS 3.4570745 0.6725532
OS 3.4577409 0.6726365
OS 3.459157 0.6729697
OS 3.4592403 0.6729697
OS 3.4594902 0.673053
OS 3.4599067 0.6732196
OS 3.4603232 0.6733029
OS 3.4613228 0.6736361
OS 3.4617393 0.6738027
OS 3.4621558 0.6739693
OS 3.4636552 0.6739693
OS 3.4636552 0.6633069
OS 3.4635719 0.6633069
OS 3.4632387 0.6632236
OS 3.4627389 0.663057
OS 3.4620725 0.6629737
OS 3.4613228 0.6628071
OS 3.4604898 0.6626405
OS 3.4587405 0.6623906
OS 3.4586572 0.6623906
OS 3.458324 0.6623073
OS 3.4577409 0.6623073
OS 3.4569079 0.662224
OS 3.455825 0.6621407
OS 3.4544922 0.6621407
OS 3.4529095 0.6620574
OS 3.4503272 0.6620574
OS 3.4494109 0.6621407
OS 3.448328 0.662224
OS 3.4469952 0.6623906
OS 3.4456624 0.6625572
OS 3.4443296 0.6628904
OS 3.4429968 0.6633069
OS 3.4428302 0.6633902
OS 3.4424137 0.6635568
OS 3.4418306 0.6638067
OS 3.4410809 0.6641399
OS 3.4401646 0.6646397
OS 3.4392483 0.6652228
OS 3.438332 0.6658892
OS 3.437499 0.6666389
OS 3.4374157 0.6667222
OS 3.4371658 0.6670554
OS 3.4367493 0.6674719
OS 3.4362495 0.6681383
OS 3.4356664 0.668888
OS 3.4350833 0.669721
OS 3.4345835 0.6707206
OS 3.4340837 0.6718035
OS 3.4340004 0.6719701
OS 3.4339171 0.6723033
OS 3.4337505 0.6728864
OS 3.4335006 0.6737194
OS 3.433334 0.6746357
OS 3.4331674 0.6756353
OS 3.4330008 0.6768015
OS 3.4329175 0.678051
OS 3.4327509 0.678051
OS 3.4323344 0.6781343
OS 3.431668 0.6781343
OS 3.430835 0.6783009
OS 3.4297521 0.6784675
OS 3.4285026 0.6786341
OS 3.4270865 0.6789673
OS 3.4255871 0.6793838
OS 3.4240044 0.6798836
OS 3.4223384 0.6804667
OS 3.4206724 0.6812164
OS 3.4190064 0.6820494
OS 3.4173404 0.6829657
OS 3.4157577 0.6841319
OS 3.414175 0.6854647
OS 3.4127589 0.6868808
OS 3.4126756 0.6869641
OS 3.4124257 0.6872973
OS 3.4120925 0.6877138
OS 3.4115927 0.6883802
OS 3.4110929 0.6892132
OS 3.4105098 0.6902128
OS 3.4098434 0.691379
OS 3.409177 0.6927951
OS 3.4084273 0.6942945
OS 3.4078442 0.6959605
OS 3.4071778 0.6977931
OS 3.406678 0.6997923
OS 3.4061782 0.7019581
OS 3.405845 0.7042072
OS 3.4055951 0.7066229
OS 3.4055118 0.7092052
OS 3.4055118 0.7092885
OS 3.4055118 0.7093718
OS 3.4055118 0.7098716
OS 3.4055951 0.7106213
OS 3.4055951 0.7116209
OS 3.4057617 0.7127871
OS 3.4059283 0.7142032
OS 3.4061782 0.7157859
OS 3.4065114 0.7175352
OS 3.4069279 0.7192845
OS 3.4074277 0.7212004
OS 3.4080108 0.723033
OS 3.4087605 0.7249489
OS 3.4096768 0.7268648
OS 3.4106764 0.7286974
OS 3.4119259 0.7304467
OS 3.4132587 0.7321127
OS 3.413342 0.732196
OS 3.4135919 0.7324459
OS 3.4140917 0.7328624
OS 3.4146748 0.7334455
OS 3.4155078 0.7341119
OS 3.4164241 0.7347783
OS 3.4175903 0.7356113
OS 3.4188398 0.736361
OS 3.4202559 0.737194
OS 3.4218386 0.7379437
OS 3.4235879 0.7386101
OS 3.4255038 0.7392765
OS 3.4275863 0.7398596
OS 3.4297521 0.7402761
OS 3.4320845 0.740526
OS 3.4345835 0.7406093
OS 3.4351666 0.7406093
OS 3.4359163 0.740526
OE
OB 3.4345835 0.7292805 H
OS 3.4340837 0.7292805
OS 3.4335839 0.7291972
OS 3.4329175 0.7291972
OS 3.4321678 0.7290306
OS 3.4313348 0.728864
OS 3.4304185 0.7286141
OS 3.4295855 0.7282809
OS 3.4295022 0.7281976
OS 3.429169 0.7281143
OS 3.4287525 0.7278644
OS 3.4281694 0.7274479
OS 3.427503 0.7269481
OS 3.4267533 0.726365
OS 3.4260036 0.7256153
OS 3.4251706 0.724699
OS 3.4250873 0.7246157
OS 3.4248374 0.7242825
OS 3.4245042 0.7237827
OS 3.4240877 0.723033
OS 3.4236712 0.7221167
OS 3.4231714 0.7211171
OS 3.4226716 0.7198676
OS 3.4221718 0.7184515
OS 3.4221718 0.7183682
OS 3.4220885 0.7182849
OS 3.4220885 0.718035
OS 3.4220052 0.7177851
OS 3.4218386 0.7169521
OS 3.421672 0.7158692
OS 3.4214221 0.7144531
OS 3.4212555 0.7128704
OS 3.4211722 0.7111211
OS 3.4210889 0.7092052
OS 3.4210889 0.7091219
OS 3.4210889 0.7089553
OS 3.4210889 0.7087054
OS 3.4210889 0.7082889
OS 3.4210889 0.7077891
OS 3.4211722 0.7072893
OS 3.4212555 0.7059565
OS 3.4213388 0.7044571
OS 3.4215887 0.7029577
OS 3.4218386 0.701375
OS 3.4221718 0.6999589
OS 3.4222551 0.6997923
OS 3.4223384 0.6993758
OS 3.4225883 0.6987094
OS 3.4229215 0.6977931
OS 3.423338 0.6968768
OS 3.4238378 0.6957939
OS 3.4244209 0.6947943
OS 3.4250873 0.6937947
OS 3.4251706 0.6937114
OS 3.4254205 0.6933782
OS 3.425837 0.6929617
OS 3.4264201 0.6923786
OS 3.4270865 0.6917955
OS 3.4278362 0.6912124
OS 3.4285859 0.6907126
OS 3.4295022 0.6902128
OS 3.4295855 0.6902128
OS 3.4299187 0.6900462
OS 3.4304185 0.6898796
OS 3.4310849 0.689713
OS 3.4318346 0.6895464
OS 3.4326676 0.6893798
OS 3.4336672 0.6892965
OS 3.4345835 0.6892132
OS 3.4350833 0.6892132
OS 3.4355831 0.6892965
OS 3.4362495 0.6893798
OS 3.4369992 0.6894631
OS 3.4379155 0.689713
OS 3.4388318 0.6899629
OS 3.4397481 0.6902961
OS 3.4398314 0.6903794
OS 3.4401646 0.690546
OS 3.4406644 0.6907959
OS 3.4412475 0.6912124
OS 3.4419139 0.6917122
OS 3.4426636 0.6922953
OS 3.44333 0.693045
OS 3.4440797 0.693878
OS 3.444163 0.6939613
OS 3.4444129 0.6943778
OS 3.4447461 0.6948776
OS 3.4451626 0.6956273
OS 3.4456624 0.6965436
OS 3.4461622 0.6976265
OS 3.446662 0.6987927
OS 3.4470785 0.7000422
OS 3.4471618 0.7002088
OS 3.4472451 0.7007086
OS 3.4474117 0.7014583
OS 3.4476616 0.7025412
OS 3.4478282 0.7037907
OS 3.4479948 0.7053734
OS 3.4480781 0.707206
OS 3.4481614 0.7092052
OS 3.4481614 0.7092885
OS 3.4481614 0.7094551
OS 3.4481614 0.709705
OS 3.4481614 0.7101215
OS 3.4481614 0.710538
OS 3.4480781 0.7111211
OS 3.4479948 0.7123706
OS 3.4479115 0.7137867
OS 3.4476616 0.7153694
OS 3.4474117 0.7168688
OS 3.4469952 0.7183682
OS 3.4469952 0.7184515
OS 3.4469119 0.7185348
OS 3.4468286 0.7190346
OS 3.4465787 0.719701
OS 3.4462455 0.7206173
OS 3.445829 0.7216169
OS 3.4453292 0.7226165
OS 3.4447461 0.7236161
OS 3.4440797 0.7246157
OS 3.4439964 0.724699
OS 3.4437465 0.7250322
OS 3.44333 0.7254487
OS 3.4427469 0.7260318
OS 3.4421638 0.7266149
OS 3.4414141 0.727198
OS 3.4405811 0.7276978
OS 3.4396648 0.7281976
OS 3.4395815 0.7282809
OS 3.4392483 0.7283642
OS 3.4387485 0.7285308
OS 3.4381654 0.7287807
OS 3.4373324 0.7289473
OS 3.4364994 0.7291139
OS 3.4355831 0.7291972
OS 3.4345835 0.7292805
OE
SE
S P 0
OB 4.0999381 0.7065163 I
OS 4.1081015 0.7065163
OS 4.1081015 0.6956873
OS 4.0999381 0.6956873
OS 4.0999381 0.6815263
OS 4.0852773 0.6815263
OS 4.0852773 0.6956873
OS 4.0588712 0.6956873
OS 4.0588712 0.7068495
OS 4.0847775 0.7419188
OS 4.0999381 0.7419188
OS 4.0999381 0.7065163
OE
OB 4.0264675 0.743085 I
OS 4.0273838 0.7430017
OS 4.02855 0.7429184
OS 4.0298828 0.7427518
OS 4.0312989 0.7425019
OS 4.0328816 0.7420854
OS 4.0345476 0.7416689
OS 4.0362969 0.7410858
OS 4.0380462 0.7404194
OS 4.0398788 0.7395864
OS 4.0416281 0.7386701
OS 4.0432941 0.7375039
OS 4.0449601 0.7362544
OS 4.0464595 0.734755
OS 4.0465428 0.7346717
OS 4.0467927 0.7343385
OS 4.0472092 0.733922
OS 4.047709 0.7332556
OS 4.0482921 0.7323393
OS 4.0489585 0.7313397
OS 4.0496249 0.7300902
OS 4.0503746 0.7287574
OS 4.0511243 0.7271747
OS 4.0517907 0.7254254
OS 4.0524571 0.7235928
OS 4.0530402 0.7215103
OS 4.05354 0.7192612
OS 4.0539565 0.7169288
OS 4.0542064 0.7144298
OS 4.0542897 0.7117642
OS 4.0542897 0.7116809
OS 4.0542897 0.7112644
OS 4.0542897 0.7107646
OS 4.0542064 0.7100149
OS 4.0541231 0.7090986
OS 4.0540398 0.7080157
OS 4.0539565 0.7067662
OS 4.0537066 0.7055167
OS 4.0534567 0.7041006
OS 4.0532068 0.7026012
OS 4.0523738 0.6995191
OS 4.051874 0.6979364
OS 4.0512909 0.696437
OS 4.0506245 0.6949376
OS 4.0497915 0.6934382
OS 4.0497082 0.6933549
OS 4.0496249 0.693105
OS 4.049375 0.6926885
OS 4.0489585 0.6921887
OS 4.048542 0.6916056
OS 4.0479589 0.6908559
OS 4.0472925 0.6901062
OS 4.0466261 0.6892732
OS 4.0457931 0.6883569
OS 4.0447935 0.6875239
OS 4.0437939 0.6866076
OS 4.042711 0.6856913
OS 4.0414615 0.6848583
OS 4.040212 0.6840253
OS 4.0388792 0.6833589
OS 4.0373798 0.6826925
OS 4.0373798 0.6826092
OS 4.0373798 0.6825259
OS 4.0373798 0.6820261
OS 4.0374631 0.6812764
OS 4.0376297 0.6803601
OS 4.0378796 0.6793605
OS 4.0382128 0.6783609
OS 4.0386293 0.6774446
OS 4.0392957 0.6766949
OS 4.039379 0.6766116
OS 4.0397122 0.676445
OS 4.0401287 0.6761118
OS 4.0408784 0.6758619
OS 4.0417114 0.6755287
OS 4.0428776 0.6751955
OS 4.0442937 0.6750289
OS 4.0458764 0.6749456
OS 4.0465428 0.6749456
OS 4.0470426 0.6750289
OS 4.0476257 0.6751122
OS 4.0482921 0.6751955
OS 4.0497082 0.6755287
OS 4.0497915 0.6755287
OS 4.0500414 0.675612
OS 4.0504579 0.6757786
OS 4.0508744 0.6758619
OS 4.051874 0.6761951
OS 4.0522905 0.6763617
OS 4.052707 0.6765283
OS 4.0542064 0.6765283
OS 4.0542064 0.6658659
OS 4.0541231 0.6658659
OS 4.0537899 0.6657826
OS 4.0532901 0.665616
OS 4.0526237 0.6655327
OS 4.051874 0.6653661
OS 4.051041 0.6651995
OS 4.0492917 0.6649496
OS 4.0492084 0.6649496
OS 4.0488752 0.6648663
OS 4.0482921 0.6648663
OS 4.0474591 0.664783
OS 4.0463762 0.6646997
OS 4.0450434 0.6646997
OS 4.0434607 0.6646164
OS 4.0408784 0.6646164
OS 4.0399621 0.6646997
OS 4.0388792 0.664783
OS 4.0375464 0.6649496
OS 4.0362136 0.6651162
OS 4.0348808 0.6654494
OS 4.033548 0.6658659
OS 4.0333814 0.6659492
OS 4.0329649 0.6661158
OS 4.0323818 0.6663657
OS 4.0316321 0.6666989
OS 4.0307158 0.6671987
OS 4.0297995 0.6677818
OS 4.0288832 0.6684482
OS 4.0280502 0.6691979
OS 4.0279669 0.6692812
OS 4.027717 0.6696144
OS 4.0273005 0.6700309
OS 4.0268007 0.6706973
OS 4.0262176 0.671447
OS 4.0256345 0.67228
OS 4.0251347 0.6732796
OS 4.0246349 0.6743625
OS 4.0245516 0.6745291
OS 4.0244683 0.6748623
OS 4.0243017 0.6754454
OS 4.0240518 0.6762784
OS 4.0238852 0.6771947
OS 4.0237186 0.6781943
OS 4.023552 0.6793605
OS 4.0234687 0.68061
OS 4.0233021 0.68061
OS 4.0228856 0.6806933
OS 4.0222192 0.6806933
OS 4.0213862 0.6808599
OS 4.0203033 0.6810265
OS 4.0190538 0.6811931
OS 4.0176377 0.6815263
OS 4.0161383 0.6819428
OS 4.0145556 0.6824426
OS 4.0128896 0.6830257
OS 4.0112236 0.6837754
OS 4.0095576 0.6846084
OS 4.0078916 0.6855247
OS 4.0063089 0.6866909
OS 4.0047262 0.6880237
OS 4.0033101 0.6894398
OS 4.0032268 0.6895231
OS 4.0029769 0.6898563
OS 4.0026437 0.6902728
OS 4.0021439 0.6909392
OS 4.0016441 0.6917722
OS 4.001061 0.6927718
OS 4.0003946 0.693938
OS 3.9997282 0.6953541
OS 3.9989785 0.6968535
OS 3.9983954 0.6985195
OS 3.997729 0.7003521
OS 3.9972292 0.7023513
OS 3.9967294 0.7045171
OS 3.9963962 0.7067662
OS 3.9961463 0.7091819
OS 3.996063 0.7117642
OS 3.996063 0.7118475
OS 3.996063 0.7119308
OS 3.996063 0.7124306
OS 3.9961463 0.7131803
OS 3.9961463 0.7141799
OS 3.9963129 0.7153461
OS 3.9964795 0.7167622
OS 3.9967294 0.7183449
OS 3.9970626 0.7200942
OS 3.9974791 0.7218435
OS 3.9979789 0.7237594
OS 3.998562 0.725592
OS 3.9993117 0.7275079
OS 4.000228 0.7294238
OS 4.0012276 0.7312564
OS 4.0024771 0.7330057
OS 4.0038099 0.7346717
OS 4.0038932 0.734755
OS 4.0041431 0.7350049
OS 4.0046429 0.7354214
OS 4.005226 0.7360045
OS 4.006059 0.7366709
OS 4.0069753 0.7373373
OS 4.0081415 0.7381703
OS 4.009391 0.73892
OS 4.0108071 0.739753
OS 4.0123898 0.7405027
OS 4.0141391 0.7411691
OS 4.016055 0.7418355
OS 4.0181375 0.7424186
OS 4.0203033 0.7428351
OS 4.0226357 0.743085
OS 4.0251347 0.7431683
OS 4.0257178 0.7431683
OS 4.0264675 0.743085
OE
OB 4.0251347 0.7318395 H
OS 4.0246349 0.7318395
OS 4.0241351 0.7317562
OS 4.0234687 0.7317562
OS 4.022719 0.7315896
OS 4.021886 0.731423
OS 4.0209697 0.7311731
OS 4.0201367 0.7308399
OS 4.0200534 0.7307566
OS 4.0197202 0.7306733
OS 4.0193037 0.7304234
OS 4.0187206 0.7300069
OS 4.0180542 0.7295071
OS 4.0173045 0.728924
OS 4.0165548 0.7281743
OS 4.0157218 0.727258
OS 4.0156385 0.7271747
OS 4.0153886 0.7268415
OS 4.0150554 0.7263417
OS 4.0146389 0.725592
OS 4.0142224 0.7246757
OS 4.0137226 0.7236761
OS 4.0132228 0.7224266
OS 4.012723 0.7210105
OS 4.012723 0.7209272
OS 4.0126397 0.7208439
OS 4.0126397 0.720594
OS 4.0125564 0.7203441
OS 4.0123898 0.7195111
OS 4.0122232 0.7184282
OS 4.0119733 0.7170121
OS 4.0118067 0.7154294
OS 4.0117234 0.7136801
OS 4.0116401 0.7117642
OS 4.0116401 0.7116809
OS 4.0116401 0.7115143
OS 4.0116401 0.7112644
OS 4.0116401 0.7108479
OS 4.0116401 0.7103481
OS 4.0117234 0.7098483
OS 4.0118067 0.7085155
OS 4.01189 0.7070161
OS 4.0121399 0.7055167
OS 4.0123898 0.703934
OS 4.012723 0.7025179
OS 4.0128063 0.7023513
OS 4.0128896 0.7019348
OS 4.0131395 0.7012684
OS 4.0134727 0.7003521
OS 4.0138892 0.6994358
OS 4.014389 0.6983529
OS 4.0149721 0.6973533
OS 4.0156385 0.6963537
OS 4.0157218 0.6962704
OS 4.0159717 0.6959372
OS 4.0163882 0.6955207
OS 4.0169713 0.6949376
OS 4.0176377 0.6943545
OS 4.0183874 0.6937714
OS 4.0191371 0.6932716
OS 4.0200534 0.6927718
OS 4.0201367 0.6927718
OS 4.0204699 0.6926052
OS 4.0209697 0.6924386
OS 4.0216361 0.692272
OS 4.0223858 0.6921054
OS 4.0232188 0.6919388
OS 4.0242184 0.6918555
OS 4.0251347 0.6917722
OS 4.0256345 0.6917722
OS 4.0261343 0.6918555
OS 4.0268007 0.6919388
OS 4.0275504 0.6920221
OS 4.0284667 0.692272
OS 4.029383 0.6925219
OS 4.0302993 0.6928551
OS 4.0303826 0.6929384
OS 4.0307158 0.693105
OS 4.0312156 0.6933549
OS 4.0317987 0.6937714
OS 4.0324651 0.6942712
OS 4.0332148 0.6948543
OS 4.0338812 0.695604
OS 4.0346309 0.696437
OS 4.0347142 0.6965203
OS 4.0349641 0.6969368
OS 4.0352973 0.6974366
OS 4.0357138 0.6981863
OS 4.0362136 0.6991026
OS 4.0367134 0.7001855
OS 4.0372132 0.7013517
OS 4.0376297 0.7026012
OS 4.037713 0.7027678
OS 4.0377963 0.7032676
OS 4.0379629 0.7040173
OS 4.0382128 0.7051002
OS 4.0383794 0.7063497
OS 4.038546 0.7079324
OS 4.0386293 0.709765
OS 4.0387126 0.7117642
OS 4.0387126 0.7118475
OS 4.0387126 0.7120141
OS 4.0387126 0.712264
OS 4.0387126 0.7126805
OS 4.0387126 0.713097
OS 4.0386293 0.7136801
OS 4.038546 0.7149296
OS 4.0384627 0.7163457
OS 4.0382128 0.7179284
OS 4.0379629 0.7194278
OS 4.0375464 0.7209272
OS 4.0375464 0.7210105
OS 4.0374631 0.7210938
OS 4.0373798 0.7215936
OS 4.0371299 0.72226
OS 4.0367967 0.7231763
OS 4.0363802 0.7241759
OS 4.0358804 0.7251755
OS 4.0352973 0.7261751
OS 4.0346309 0.7271747
OS 4.0345476 0.727258
OS 4.0342977 0.7275912
OS 4.0338812 0.7280077
OS 4.0332981 0.7285908
OS 4.032715 0.7291739
OS 4.0319653 0.729757
OS 4.0311323 0.7302568
OS 4.030216 0.7307566
OS 4.0301327 0.7308399
OS 4.0297995 0.7309232
OS 4.0292997 0.7310898
OS 4.0287166 0.7313397
OS 4.0278836 0.7315063
OS 4.0270506 0.7316729
OS 4.0261343 0.7317562
OS 4.0251347 0.7318395
OE
OB 4.0852773 0.7270081 H
OS 4.0700334 0.7065163
OS 4.0852773 0.7065163
OS 4.0852773 0.7270081
OE
SE
S P 0
OB 4.1726429 4.0587298 I
OS 4.1808063 4.0587298
OS 4.1808063 4.0479008
OS 4.1726429 4.0479008
OS 4.1726429 4.0337398
OS 4.1579821 4.0337398
OS 4.1579821 4.0479008
OS 4.131576 4.0479008
OS 4.131576 4.059063
OS 4.1574823 4.0941323
OS 4.1726429 4.0941323
OS 4.1726429 4.0587298
OE
OB 4.1243289 4.0556477 I
OS 4.1243289 4.0555644
OS 4.1243289 4.0551479
OS 4.1243289 4.0545648
OS 4.1242456 4.0538151
OS 4.1241623 4.0528988
OS 4.1239957 4.0518159
OS 4.1238291 4.0506497
OS 4.1234959 4.0494002
OS 4.1231627 4.0479841
OS 4.1227462 4.0466513
OS 4.1222464 4.0451519
OS 4.1216633 4.0437358
OS 4.1209136 4.042403
OS 4.1199973 4.0410702
OS 4.119081 4.0397374
OS 4.1179148 4.0385712
OS 4.1178315 4.0384879
OS 4.1175816 4.0383213
OS 4.1172484 4.0379881
OS 4.1167486 4.0376549
OS 4.1160822 4.0372384
OS 4.1152492 4.0367386
OS 4.1143329 4.0361555
OS 4.1131667 4.0356557
OS 4.1119172 4.0350726
OS 4.1105011 4.0344895
OS 4.1090017 4.0339897
OS 4.1073357 4.0335732
OS 4.1055031 4.03324
OS 4.1035039 4.0329068
OS 4.1013381 4.0327402
OS 4.099089 4.0326569
OS 4.0979228 4.0326569
OS 4.0970898 4.0327402
OS 4.0960902 4.0328235
OS 4.094924 4.0329901
OS 4.0936745 4.0331567
OS 4.0922584 4.0334066
OS 4.090759 4.0336565
OS 4.0892596 4.034073
OS 4.0876769 4.0345728
OS 4.0861775 4.0351559
OS 4.0846781 4.0358223
OS 4.0831787 4.036572
OS 4.0817626 4.0374883
OS 4.0805131 4.0384879
OS 4.0804298 4.0385712
OS 4.0802632 4.0387378
OS 4.07993 4.039071
OS 4.0795135 4.0395708
OS 4.0790137 4.0401539
OS 4.0784306 4.0409036
OS 4.0778475 4.0418199
OS 4.0772644 4.0428195
OS 4.0766813 4.0439857
OS 4.0760982 4.0452352
OS 4.0755151 4.0466513
OS 4.0750153 4.0481507
OS 4.0745988 4.0499
OS 4.0742656 4.0516493
OS 4.074099 4.0535652
OS 4.0740157 4.0556477
OS 4.0740157 4.0941323
OS 4.0891763 4.0941323
OS 4.0891763 4.056564
OS 4.0891763 4.0564807
OS 4.0891763 4.0563141
OS 4.0891763 4.0559809
OS 4.0891763 4.0555644
OS 4.0892596 4.0549813
OS 4.0893429 4.0543982
OS 4.0895095 4.0529821
OS 4.0897594 4.0514827
OS 4.0901759 4.0499
OS 4.090759 4.0484839
OS 4.0915087 4.0471511
OS 4.091592 4.0469845
OS 4.0919252 4.0466513
OS 4.0925083 4.0462348
OS 4.0933413 4.0456517
OS 4.0944242 4.0450686
OS 4.0956737 4.0446521
OS 4.0972564 4.0443189
OS 4.099089 4.0441523
OS 4.0995888 4.0441523
OS 4.099922 4.0442356
OS 4.1008383 4.0443189
OS 4.1020045 4.0444855
OS 4.1031707 4.044902
OS 4.1045035 4.0454018
OS 4.1056697 4.0460682
OS 4.1066693 4.0470678
OS 4.1067526 4.0472344
OS 4.1070858 4.0476509
OS 4.1075023 4.0483173
OS 4.1079188 4.0493169
OS 4.1084186 4.0506497
OS 4.1087518 4.0523157
OS 4.1089184 4.053232
OS 4.109085 4.0542316
OS 4.1091683 4.0553978
OS 4.1091683 4.056564
OS 4.1091683 4.0941323
OS 4.1243289 4.0941323
OS 4.1243289 4.0556477
OE
OB 4.1579821 4.0792216 H
OS 4.1427382 4.0587298
OS 4.1579821 4.0587298
OS 4.1579821 4.0792216
OE
SE
S P 0
OB 4.0765392 1.3756157 I
OS 4.0752064 1.375699
OS 4.073707 1.3758656
OS 4.072041 1.3760322
OS 4.070375 1.3763654
OS 4.0687923 1.3767819
OS 4.068709 1.3767819
OS 4.0686257 1.3768652
OS 4.0681259 1.3770318
OS 4.0672929 1.3772817
OS 4.0663766 1.3776149
OS 4.0652937 1.3780314
OS 4.0641275 1.3785312
OS 4.0630446 1.3791976
OS 4.0619617 1.379864
OS 4.0618784 1.3799473
OS 4.0615452 1.3801972
OS 4.0610454 1.3806137
OS 4.060379 1.3811968
OS 4.0597126 1.3819465
OS 4.0590462 1.3827795
OS 4.0583798 1.3836958
OS 4.0577967 1.3846954
OS 4.0577134 1.384862
OS 4.0575468 1.3851952
OS 4.0572969 1.3857783
OS 4.057047 1.386528
OS 4.0567971 1.3874443
OS 4.0565472 1.3884439
OS 4.0563806 1.3896101
OS 4.0562973 1.3907763
OS 4.0562973 1.3908596
OS 4.0562973 1.3909429
OS 4.0562973 1.3911928
OS 4.0562973 1.391526
OS 4.0564639 1.3922757
OS 4.0566305 1.3933586
OS 4.0568804 1.3945248
OS 4.0573802 1.3958576
OS 4.0579633 1.3971904
OS 4.0587963 1.3985232
OS 4.0588796 1.3986898
OS 4.0592961 1.3991063
OS 4.0598792 1.3996894
OS 4.0607122 1.4005224
OS 4.0617951 1.4014387
OS 4.0630446 1.402355
OS 4.0646273 1.4033546
OS 4.0664599 1.4042709
OS 4.0664599 1.4045208
OS 4.0663766 1.4045208
OS 4.06621 1.4046041
OS 4.0658768 1.4047707
OS 4.0654603 1.4049373
OS 4.0649605 1.4051872
OS 4.0643774 1.4055204
OS 4.0631279 1.4061868
OS 4.0616285 1.4071864
OS 4.0602124 1.4082693
OS 4.0587963 1.4095188
OS 4.0576301 1.4109349
OS 4.0576301 1.4110182
OS 4.0575468 1.4111015
OS 4.0573802 1.4113514
OS 4.0572136 1.4116013
OS 4.0567138 1.4124343
OS 4.056214 1.4136005
OS 4.0557142 1.4149333
OS 4.0552144 1.416516
OS 4.0548812 1.4183486
OS 4.0547979 1.4203478
OS 4.0547979 1.4205144
OS 4.0547979 1.4210142
OS 4.0548812 1.4217639
OS 4.0549645 1.4226802
OS 4.0552144 1.4237631
OS 4.0554643 1.4250126
OS 4.0558808 1.4262621
OS 4.0564639 1.4275116
OS 4.0565472 1.4276782
OS 4.0567971 1.4280947
OS 4.0571303 1.4286778
OS 4.0576301 1.4295108
OS 4.0582965 1.4303438
OS 4.0591295 1.4313434
OS 4.0600458 1.432343
OS 4.0611287 1.4332593
OS 4.0612953 1.4333426
OS 4.0616285 1.4336758
OS 4.0622949 1.4340923
OS 4.0632112 1.4346754
OS 4.0642941 1.4352585
OS 4.0655436 1.4359249
OS 4.067043 1.436508
OS 4.0686257 1.4370911
OS 4.068709 1.4370911
OS 4.0687923 1.4371744
OS 4.0690422 1.4371744
OS 4.0693754 1.4372577
OS 4.0697919 1.4374243
OS 4.0702917 1.4375076
OS 4.0715412 1.4377575
OS 4.0730406 1.4380074
OS 4.0747066 1.438174
OS 4.0766225 1.4383406
OS 4.078705 1.4384239
OS 4.0797046 1.4384239
OS 4.0802877 1.4383406
OS 4.0808708 1.4383406
OS 4.0822869 1.4382573
OS 4.0839529 1.4380907
OS 4.0857855 1.4378408
OS 4.0876181 1.4375076
OS 4.0893674 1.4370078
OS 4.0894507 1.4370078
OS 4.089534 1.4369245
OS 4.0897839 1.4368412
OS 4.0901171 1.4367579
OS 4.0909501 1.4364247
OS 4.0919497 1.4360082
OS 4.0931159 1.4355084
OS 4.0943654 1.434842
OS 4.0956149 1.4340923
OS 4.0967811 1.4332593
OS 4.0969477 1.433176
OS 4.0972809 1.4328428
OS 4.0977807 1.432343
OS 4.0983638 1.4316766
OS 4.0991135 1.4308436
OS 4.0997799 1.4299273
OS 4.1004463 1.4288444
OS 4.1010294 1.4276782
OS 4.1011127 1.4275116
OS 4.101196 1.4270951
OS 4.1014459 1.4264287
OS 4.1016958 1.4255957
OS 4.1019457 1.4245961
OS 4.1021123 1.4234299
OS 4.1022789 1.4221804
OS 4.1023622 1.4208476
OS 4.1023622 1.4207643
OS 4.1023622 1.4205977
OS 4.1023622 1.4203478
OS 4.1022789 1.4200146
OS 4.1021956 1.419015
OS 4.102029 1.4178488
OS 4.1016958 1.416516
OS 4.101196 1.4150166
OS 4.1004463 1.4136005
OS 4.09953 1.4122677
OS 4.0993634 1.4121011
OS 4.0990302 1.4116846
OS 4.0983638 1.4111015
OS 4.0974475 1.4102685
OS 4.0962813 1.4093522
OS 4.0948652 1.4084359
OS 4.0931992 1.4074363
OS 4.0912833 1.40652
OS 4.0912833 1.4062701
OS 4.0913666 1.4062701
OS 4.0915332 1.4061868
OS 4.0917831 1.4060202
OS 4.0921163 1.4057703
OS 4.0931159 1.4052705
OS 4.0941988 1.4045208
OS 4.0954483 1.4036045
OS 4.0966978 1.4025216
OS 4.0977807 1.4013554
OS 4.098697 1.4000226
OS 4.098697 1.3999393
OS 4.0987803 1.399856
OS 4.0990302 1.3993562
OS 4.0993634 1.3986065
OS 4.0996966 1.3976069
OS 4.1001131 1.3963574
OS 4.1004463 1.3950246
OS 4.1006962 1.3934419
OS 4.1007795 1.3917759
OS 4.1007795 1.3916093
OS 4.1007795 1.3911928
OS 4.1006962 1.3906097
OS 4.1006129 1.3897767
OS 4.1004463 1.3888604
OS 4.1001964 1.3877775
OS 4.0998632 1.3866946
OS 4.0993634 1.3856117
OS 4.0992801 1.3854451
OS 4.0991135 1.3851119
OS 4.0987803 1.3845288
OS 4.0982805 1.3838624
OS 4.0976974 1.3830294
OS 4.0969477 1.3821964
OS 4.0960314 1.3812801
OS 4.0950318 1.3803638
OS 4.0948652 1.3802805
OS 4.094532 1.3800306
OS 4.0939489 1.3796141
OS 4.0931159 1.3791143
OS 4.0921163 1.3785312
OS 4.0909501 1.3779481
OS 4.089534 1.377365
OS 4.0880346 1.3768652
OS 4.0879513 1.3768652
OS 4.087868 1.3767819
OS 4.0876181 1.3766986
OS 4.0872849 1.3766153
OS 4.0864519 1.3764487
OS 4.0852857 1.3761988
OS 4.0838696 1.3759489
OS 4.0822036 1.375699
OS 4.0804543 1.3756157
OS 4.0785384 1.3755324
OS 4.0771223 1.3755324
OS 4.0765392 1.3756157
OE
OB 4.083703 1.4099353 H
OS 4.0837863 1.4100186
OS 4.0839529 1.4101852
OS 4.0842861 1.4105184
OS 4.0846193 1.4110182
OS 4.0851191 1.4116013
OS 4.0855356 1.4122677
OS 4.0860354 1.4130174
OS 4.0865352 1.4138504
OS 4.0866185 1.4139337
OS 4.0867018 1.4142669
OS 4.0868684 1.4146834
OS 4.0871183 1.4153498
OS 4.0873682 1.4160995
OS 4.0875348 1.4169325
OS 4.0876181 1.4179321
OS 4.0877014 1.4189317
OS 4.0877014 1.419015
OS 4.0877014 1.4190983
OS 4.0876181 1.4195981
OS 4.0875348 1.4203478
OS 4.0873682 1.4213474
OS 4.087035 1.422347
OS 4.0865352 1.4235132
OS 4.0859521 1.4245961
OS 4.0850358 1.4255957
OS 4.0848692 1.425679
OS 4.084536 1.4260122
OS 4.0839529 1.4263454
OS 4.0831199 1.4268452
OS 4.0821203 1.4272617
OS 4.0809541 1.4276782
OS 4.0796213 1.4280114
OS 4.0780386 1.4280947
OS 4.0776221 1.4280947
OS 4.0772889 1.4280114
OS 4.0764559 1.4279281
OS 4.075373 1.4277615
OS 4.0752897 1.4277615
OS 4.0751231 1.4276782
OS 4.0747899 1.4275949
OS 4.0744567 1.4274283
OS 4.0735404 1.4270951
OS 4.0726241 1.4265953
OS 4.0725408 1.426512
OS 4.0723742 1.4264287
OS 4.0718744 1.4259289
OS 4.071208 1.4252625
OS 4.0705416 1.4243462
OS 4.0705416 1.4242629
OS 4.070375 1.4240963
OS 4.0702917 1.4238464
OS 4.0701251 1.4234299
OS 4.0699585 1.4230134
OS 4.0698752 1.4224303
OS 4.0697086 1.4217639
OS 4.0697086 1.4210142
OS 4.0697086 1.4208476
OS 4.0697086 1.4205144
OS 4.0697919 1.4200146
OS 4.0698752 1.4193482
OS 4.0700418 1.4185985
OS 4.0702917 1.4178488
OS 4.0706249 1.4170991
OS 4.0710414 1.4164327
OS 4.0711247 1.4163494
OS 4.0712913 1.4161828
OS 4.0716245 1.4158496
OS 4.0722076 1.4154331
OS 4.072874 1.41485
OS 4.0737903 1.4142669
OS 4.0749565 1.4136005
OS 4.0763726 1.4129341
OS 4.0764559 1.4129341
OS 4.0766225 1.4128508
OS 4.0768724 1.4126842
OS 4.0772056 1.4125176
OS 4.0777054 1.412351
OS 4.0782885 1.4121011
OS 4.0789549 1.4118512
OS 4.0797879 1.411518
OS 4.0798712 1.4114347
OS 4.0801211 1.4113514
OS 4.0805376 1.4111848
OS 4.0811207 1.4109349
OS 4.0823702 1.4104351
OS 4.083703 1.4099353
OE
OB 4.0785384 1.3857783 H
OS 4.0790382 1.3857783
OS 4.0797046 1.3858616
OS 4.0804543 1.3859449
OS 4.0812873 1.3861948
OS 4.0821203 1.3864447
OS 4.0830366 1.3868612
OS 4.0838696 1.3874443
OS 4.0839529 1.3875276
OS 4.0842028 1.3877775
OS 4.084536 1.3881107
OS 4.0848692 1.3886105
OS 4.0852024 1.3891936
OS 4.0855356 1.38986
OS 4.0857855 1.390693
OS 4.0858688 1.391526
OS 4.0858688 1.3916093
OS 4.0858688 1.3919425
OS 4.0857855 1.392359
OS 4.0857022 1.3929421
OS 4.085369 1.3941916
OS 4.0851191 1.394858
OS 4.0847026 1.3954411
OS 4.0846193 1.3955244
OS 4.0844527 1.395691
OS 4.0842028 1.3959409
OS 4.0837863 1.3963574
OS 4.0832032 1.3967739
OS 4.0825368 1.3971904
OS 4.0817871 1.3976902
OS 4.0808708 1.39819
OS 4.0807875 1.39819
OS 4.0806209 1.3982733
OS 4.0804543 1.3983566
OS 4.0801211 1.3985232
OS 4.0792881 1.3988564
OS 4.0782052 1.3993562
OS 4.0781219 1.3993562
OS 4.0779553 1.3994395
OS 4.0775388 1.3996061
OS 4.0771223 1.3997727
OS 4.0764559 1.4000226
OS 4.0757895 1.4002725
OS 4.0749565 1.4006057
OS 4.0740402 1.4009389
OS 4.0739569 1.4008556
OS 4.0737903 1.4006057
OS 4.0734571 1.4001892
OS 4.0731239 1.3996894
OS 4.0727907 1.399023
OS 4.0723742 1.3983566
OS 4.0717078 1.3969405
OS 4.0717078 1.3968572
OS 4.0716245 1.3966073
OS 4.0714579 1.3961908
OS 4.0712913 1.395691
OS 4.071208 1.3950246
OS 4.0710414 1.3942749
OS 4.0709581 1.3934419
OS 4.0709581 1.3925256
OS 4.0709581 1.392359
OS 4.0709581 1.3920258
OS 4.0710414 1.3914427
OS 4.071208 1.3907763
OS 4.0714579 1.3900266
OS 4.0718744 1.3891936
OS 4.0723742 1.3884439
OS 4.0730406 1.3876942
OS 4.0731239 1.3876109
OS 4.0733738 1.387361
OS 4.0738736 1.3871111
OS 4.0744567 1.3866946
OS 4.0752897 1.3863614
OS 4.076206 1.3861115
OS 4.0772889 1.3858616
OS 4.0785384 1.3857783
OE
SE
S P 0
OB 4.0782885 2.493726 I
OS 4.0777054 2.493726
OS 4.0764559 2.4938093
OS 4.0750398 2.4939759
OS 4.0734571 2.4943091
OS 4.0718744 2.4946423
OS 4.0702917 2.4951421
OS 4.0702084 2.4951421
OS 4.0701251 2.4952254
OS 4.0696253 2.495392
OS 4.0688756 2.4958085
OS 4.067876 2.496225
OS 4.0667931 2.4968914
OS 4.0656269 2.4976411
OS 4.0644607 2.4985574
OS 4.0632945 2.4996403
OS 4.0631279 2.4998069
OS 4.0627114 2.5003067
OS 4.0621283 2.5010564
OS 4.0613786 2.502056
OS 4.0605456 2.5033888
OS 4.0597126 2.5048882
OS 4.0589629 2.5066375
OS 4.0582132 2.5085534
OS 4.0582132 2.5086367
OS 4.0581299 2.5088033
OS 4.0580466 2.5091365
OS 4.0579633 2.509553
OS 4.0577967 2.5100528
OS 4.0576301 2.5106359
OS 4.0574635 2.5113856
OS 4.0572969 2.5122186
OS 4.0571303 2.5131349
OS 4.0569637 2.5141345
OS 4.0566305 2.5163836
OS 4.0564639 2.5188826
OS 4.0563806 2.5216315
OS 4.0563806 2.5217148
OS 4.0563806 2.5219647
OS 4.0563806 2.5223812
OS 4.0563806 2.5229643
OS 4.0564639 2.5236307
OS 4.0564639 2.5243804
OS 4.0565472 2.5252967
OS 4.0566305 2.5262963
OS 4.0567971 2.5284621
OS 4.0571303 2.5307945
OS 4.0576301 2.5332935
OS 4.0582132 2.5357092
OS 4.0582132 2.5357925
OS 4.0582965 2.5359591
OS 4.0583798 2.5362923
OS 4.0585464 2.5367921
OS 4.058713 2.5373752
OS 4.0589629 2.5379583
OS 4.059546 2.5394577
OS 4.0602957 2.541207
OS 4.0612953 2.5430396
OS 4.0623782 2.5449555
OS 4.063711 2.5467048
OS 4.0637943 2.5467881
OS 4.0638776 2.5468714
OS 4.0641275 2.5471213
OS 4.0643774 2.5474545
OS 4.0652104 2.5482875
OS 4.0663766 2.5493704
OS 4.0677927 2.5505366
OS 4.0694587 2.5517028
OS 4.0712913 2.552869
OS 4.0733738 2.5538686
OS 4.0734571 2.5538686
OS 4.0736237 2.5539519
OS 4.0739569 2.5541185
OS 4.0743734 2.5542018
OS 4.0749565 2.5544517
OS 4.0756229 2.5546183
OS 4.0763726 2.5548682
OS 4.0772889 2.5550348
OS 4.0782885 2.5552847
OS 4.0793714 2.5555346
OS 4.0805376 2.5557012
OS 4.0817871 2.5558678
OS 4.084536 2.556201
OS 4.0875348 2.5562843
OS 4.0886177 2.5562843
OS 4.0893674 2.556201
OS 4.0902004 2.556201
OS 4.0912 2.5561177
OS 4.0922829 2.5560344
OS 4.0934491 2.5558678
OS 4.0936157 2.5558678
OS 4.0939489 2.5557845
OS 4.0944487 2.5557012
OS 4.0950318 2.5556179
OS 4.0963646 2.5554513
OS 4.0969477 2.5552847
OS 4.0974475 2.5552014
OS 4.0974475 2.5434561
OS 4.096198 2.5434561
OS 4.0961147 2.5435394
OS 4.0958648 2.543706
OS 4.0954483 2.5437893
OS 4.0950318 2.5440392
OS 4.0944487 2.5442058
OS 4.0938656 2.5444557
OS 4.0931159 2.5447056
OS 4.0930326 2.5447056
OS 4.0926994 2.5447889
OS 4.0922829 2.5448722
OS 4.0916165 2.5449555
OS 4.0907835 2.5451221
OS 4.0897839 2.5452054
OS 4.088701 2.5452887
OS 4.0868684 2.5452887
OS 4.0862853 2.5452054
OS 4.0855356 2.5452054
OS 4.0847026 2.5451221
OS 4.0837863 2.5449555
OS 4.0817038 2.544539
OS 4.0816205 2.544539
OS 4.081204 2.5443724
OS 4.0807042 2.5442058
OS 4.0800378 2.5439559
OS 4.0793714 2.5436227
OS 4.0785384 2.5432062
OS 4.0777054 2.5426231
OS 4.0769557 2.54204
OS 4.0768724 2.5419567
OS 4.0766225 2.5417068
OS 4.076206 2.5413736
OS 4.0757062 2.5407905
OS 4.0752064 2.5402074
OS 4.0746233 2.5394577
OS 4.0740402 2.5385414
OS 4.0735404 2.5376251
OS 4.0734571 2.5374585
OS 4.0732905 2.5371253
OS 4.0730406 2.5365422
OS 4.0727907 2.5357925
OS 4.0724575 2.5347929
OS 4.0721243 2.5336267
OS 4.0718744 2.5323772
OS 4.0716245 2.5308778
OS 4.0717911 2.5309611
OS 4.0722076 2.531211
OS 4.0727907 2.5316275
OS 4.0736237 2.532044
OS 4.07454 2.5325438
OS 4.0755396 2.5331269
OS 4.0766225 2.5336267
OS 4.0777054 2.5340432
OS 4.0777887 2.5340432
OS 4.0782052 2.5342098
OS 4.0787883 2.5343764
OS 4.0796213 2.534543
OS 4.0805376 2.5347096
OS 4.0817038 2.5348762
OS 4.0830366 2.5349595
OS 4.084536 2.5350428
OS 4.0850358 2.5350428
OS 4.0857022 2.5349595
OS 4.0864519 2.5349595
OS 4.0873682 2.5348762
OS 4.0883678 2.5347096
OS 4.0905336 2.5342931
OS 4.0906169 2.5342098
OS 4.0910334 2.5341265
OS 4.0915332 2.5339599
OS 4.0921996 2.5336267
OS 4.0930326 2.5332935
OS 4.0938656 2.532877
OS 4.0947819 2.5322939
OS 4.0956982 2.5317108
OS 4.0958648 2.5316275
OS 4.096198 2.5312943
OS 4.0967811 2.5307112
OS 4.0974475 2.5300448
OS 4.0982805 2.5291285
OS 4.0990302 2.5280456
OS 4.0998632 2.5267961
OS 4.1006129 2.5254633
OS 4.1006129 2.52538
OS 4.1006962 2.5252967
OS 4.1007795 2.5250468
OS 4.1008628 2.5247969
OS 4.101196 2.5239639
OS 4.1014459 2.5227977
OS 4.1017791 2.5213816
OS 4.1021123 2.5196323
OS 4.1022789 2.5177164
OS 4.1023622 2.5155506
OS 4.1023622 2.5154673
OS 4.1023622 2.5153007
OS 4.1023622 2.5150508
OS 4.1023622 2.5147176
OS 4.1022789 2.5138013
OS 4.1021956 2.5127184
OS 4.1019457 2.5113856
OS 4.1016958 2.5098862
OS 4.1012793 2.5083868
OS 4.1007795 2.5068874
OS 4.1007795 2.5068041
OS 4.1006962 2.5067208
OS 4.1004463 2.506221
OS 4.1001131 2.5054713
OS 4.0996133 2.5044717
OS 4.0989469 2.5033888
OS 4.0981972 2.5022226
OS 4.0972809 2.5010564
OS 4.0962813 2.4998902
OS 4.0961147 2.4997236
OS 4.0957815 2.4993904
OS 4.0951151 2.4988906
OS 4.0942821 2.4982242
OS 4.0932825 2.4974745
OS 4.092033 2.4967248
OS 4.0906169 2.4959751
OS 4.0891175 2.4953087
OS 4.0890342 2.4953087
OS 4.0889509 2.4952254
OS 4.088701 2.4951421
OS 4.0883678 2.4950588
OS 4.0875348 2.4948089
OS 4.0863686 2.4944757
OS 4.0849525 2.4941425
OS 4.0832865 2.4938926
OS 4.0815372 2.493726
OS 4.0796213 2.4936427
OS 4.078705 2.4936427
OS 4.0782885 2.493726
OE
OB 4.0797046 2.5038886 H
OS 4.0802044 2.5038886
OS 4.0805376 2.5039719
OS 4.0813706 2.5041385
OS 4.0823702 2.5044717
OS 4.0824535 2.5044717
OS 4.0826201 2.504555
OS 4.0827867 2.5047216
OS 4.0831199 2.5048882
OS 4.0839529 2.5055546
OS 4.0847859 2.5063876
OS 4.0848692 2.5064709
OS 4.0849525 2.5066375
OS 4.0851191 2.5068874
OS 4.085369 2.5072206
OS 4.0856189 2.5077204
OS 4.0859521 2.5083035
OS 4.086202 2.5089699
OS 4.0865352 2.5098029
OS 4.0865352 2.5098862
OS 4.0866185 2.5102194
OS 4.0867018 2.5106359
OS 4.0868684 2.5113023
OS 4.0869517 2.5119687
OS 4.0871183 2.512885
OS 4.0872016 2.5138013
OS 4.0872016 2.5148009
OS 4.0872016 2.5149675
OS 4.0872016 2.5153007
OS 4.0872016 2.5158005
OS 4.0871183 2.5164669
OS 4.087035 2.5172999
OS 4.0869517 2.5180496
OS 4.0867851 2.5188826
OS 4.0865352 2.5196323
OS 4.0865352 2.5197156
OS 4.0863686 2.5199655
OS 4.086202 2.5202987
OS 4.0859521 2.5207152
OS 4.085369 2.5216315
OS 4.0844527 2.5226311
OS 4.0843694 2.5227144
OS 4.0842028 2.5227977
OS 4.0839529 2.5229643
OS 4.0836197 2.5232142
OS 4.0827034 2.523714
OS 4.0815372 2.5241305
OS 4.0814539 2.5241305
OS 4.081204 2.5242138
OS 4.0808708 2.5242971
OS 4.0804543 2.5242971
OS 4.0798712 2.5243804
OS 4.0792881 2.5244637
OS 4.077872 2.524547
OS 4.0772889 2.524547
OS 4.0767891 2.5244637
OS 4.0757062 2.5243804
OS 4.0744567 2.5241305
OS 4.0743734 2.5241305
OS 4.0741235 2.5240472
OS 4.0737903 2.5239639
OS 4.0733738 2.5237973
OS 4.0724575 2.5234641
OS 4.0715412 2.5231309
OS 4.0715412 2.5230476
OS 4.0715412 2.5227977
OS 4.0715412 2.5224645
OS 4.0714579 2.5218814
OS 4.0714579 2.5217148
OS 4.0713746 2.521215
OS 4.0713746 2.5204653
OS 4.0713746 2.5193824
OS 4.0713746 2.5192991
OS 4.0713746 2.5191325
OS 4.0713746 2.5188826
OS 4.0713746 2.5185494
OS 4.0713746 2.5176331
OS 4.0714579 2.5165502
OS 4.0715412 2.5152174
OS 4.0717078 2.5138846
OS 4.0719577 2.5125518
OS 4.0722076 2.5113023
OS 4.0722076 2.5111357
OS 4.0723742 2.5108025
OS 4.0725408 2.5102194
OS 4.0727907 2.5094697
OS 4.0735404 2.507887
OS 4.0740402 2.5071373
OS 4.07454 2.5063876
OS 4.0746233 2.5063043
OS 4.0747066 2.5061377
OS 4.0752064 2.5056379
OS 4.0760394 2.5050548
OS 4.0769557 2.5044717
OS 4.077039 2.5044717
OS 4.0772056 2.5043884
OS 4.0774555 2.5043051
OS 4.0777887 2.5041385
OS 4.0786217 2.5039719
OS 4.0797046 2.5038886
OE
SE
S P 0
OB 4.2209876 0.9657668 I
OS 4.229151 0.9657668
OS 4.229151 0.9549378
OS 4.2209876 0.9549378
OS 4.2209876 0.9407768
OS 4.2063268 0.9407768
OS 4.2063268 0.9549378
OS 4.1799207 0.9549378
OS 4.1799207 0.9661
OS 4.205827 1.0011693
OS 4.2209876 1.0011693
OS 4.2209876 0.9657668
OE
OB 4.1513488 1.001086 I
OS 4.1526816 1.0010027
OS 4.1540977 1.0009194
OS 4.1555971 1.0007528
OS 4.1570132 1.0005029
OS 4.1571798 1.0005029
OS 4.1576796 1.0003363
OS 4.158346 1.0001697
OS 4.1592623 0.9999198
OS 4.1603452 0.9995866
OS 4.1615114 0.9991701
OS 4.1627609 0.998587
OS 4.1639271 0.9979206
OS 4.1640937 0.9978373
OS 4.1644269 0.9975874
OS 4.1650933 0.9970876
OS 4.1657597 0.9965045
OS 4.1665927 0.9957548
OS 4.167509 0.9948385
OS 4.168342 0.9938389
OS 4.1690917 0.9926727
OS 4.169175 0.9925061
OS 4.1694249 0.9920896
OS 4.1696748 0.9914232
OS 4.1700913 0.9905069
OS 4.1704245 0.9893407
OS 4.1706744 0.9879246
OS 4.1709243 0.9863419
OS 4.1710076 0.9845926
OS 4.1710076 0.9845093
OS 4.1710076 0.9842594
OS 4.1710076 0.9839262
OS 4.1709243 0.9834264
OS 4.1709243 0.9828433
OS 4.170841 0.9821769
OS 4.1705911 0.9805942
OS 4.1702579 0.9788449
OS 4.1696748 0.976929
OS 4.1689251 0.9750964
OS 4.1678422 0.9733471
OS 4.1678422 0.9732638
OS 4.1676756 0.9731805
OS 4.167509 0.9729306
OS 4.1672591 0.9725974
OS 4.1665927 0.9718477
OS 4.1656764 0.9708481
OS 4.1644269 0.9697652
OS 4.1630108 0.9686823
OS 4.1613448 0.9675161
OS 4.1595122 0.9665165
OS 4.1798374 0.9409434
OS 4.1613448 0.9409434
OS 4.1446015 0.9630179
OS 4.1392703 0.9630179
OS 4.1392703 0.9409434
OS 4.124193 0.9409434
OS 4.124193 1.0011693
OS 4.1500993 1.0011693
OS 4.1513488 1.001086
OE
OB 4.1460176 0.9901737 H
OS 4.1392703 0.9901737
OS 4.1392703 0.9738469
OS 4.1446015 0.9738469
OS 4.1453512 0.9739302
OS 4.1461842 0.9739302
OS 4.1471005 0.9740135
OS 4.1480168 0.9740968
OS 4.1488498 0.9741801
OS 4.1489331 0.9741801
OS 4.149183 0.9742634
OS 4.1495995 0.9743467
OS 4.1500993 0.9745133
OS 4.1513488 0.9750964
OS 4.152515 0.9758461
OS 4.1525983 0.9759294
OS 4.1527649 0.976096
OS 4.1530148 0.9762626
OS 4.153348 0.9765958
OS 4.1540977 0.9775121
OS 4.1546808 0.978595
OS 4.1546808 0.9786783
OS 4.1547641 0.9788449
OS 4.1549307 0.9792614
OS 4.1550973 0.9796779
OS 4.1551806 0.9803443
OS 4.1553472 0.9810107
OS 4.1554305 0.9818437
OS 4.1554305 0.98276
OS 4.1554305 0.9828433
OS 4.1554305 0.9831765
OS 4.1553472 0.983593
OS 4.1553472 0.9840928
OS 4.155014 0.9853423
OS 4.1548474 0.9860087
OS 4.1545142 0.9866751
OS 4.1545142 0.9867584
OS 4.1543476 0.986925
OS 4.154181 0.9872582
OS 4.1538478 0.9875914
OS 4.1534313 0.9880079
OS 4.1529315 0.9884244
OS 4.1523484 0.9888409
OS 4.151682 0.9891741
OS 4.1515987 0.9891741
OS 4.1514321 0.9892574
OS 4.1511822 0.989424
OS 4.1507657 0.9895073
OS 4.1497661 0.9898405
OS 4.1485166 0.9900071
OS 4.1481834 0.9900071
OS 4.1478502 0.9900904
OS 4.146684 0.9900904
OS 4.1460176 0.9901737
OE
OB 4.2063268 0.9862586 H
OS 4.1910829 0.9657668
OS 4.2063268 0.9657668
OS 4.2063268 0.9862586
OE
SE
S P 0
OB 4.4019872 1.7821493 I
OS 4.4143989 1.7821493
OS 4.4143989 1.7716535
OS 4.3746648 1.7716535
OS 4.3746648 1.7821493
OS 4.3873264 1.7821493
OS 4.3873264 1.8139699
OS 4.3746648 1.8139699
OS 4.3746648 1.8237993
OS 4.3756644 1.8237993
OS 4.3764141 1.8238826
OS 4.3772471 1.8238826
OS 4.3781634 1.8239659
OS 4.3801626 1.8241325
OS 4.3802459 1.8241325
OS 4.3806624 1.8242158
OS 4.3811622 1.8242991
OS 4.3817453 1.8243824
OS 4.3831614 1.8247989
OS 4.3839111 1.8250488
OS 4.3845775 1.8252987
OS 4.3846608 1.825382
OS 4.3849107 1.8254653
OS 4.3852439 1.8257152
OS 4.3856604 1.8259651
OS 4.38666 1.8267981
OS 4.3875763 1.827881
OS 4.3876596 1.8279643
OS 4.3877429 1.8282142
OS 4.3879095 1.8285474
OS 4.3881594 1.8290472
OS 4.388326 1.8296303
OS 4.3884926 1.83038
OS 4.3886592 1.8311297
OS 4.3887425 1.832046
OS 4.4019872 1.832046
OS 4.4019872 1.7821493
OE
OB 4.3613368 1.7933948 I
OS 4.3613368 1.7933115
OS 4.3613368 1.792895
OS 4.3613368 1.7923119
OS 4.3612535 1.7915622
OS 4.3611702 1.7906459
OS 4.3610036 1.789563
OS 4.360837 1.7883968
OS 4.3605038 1.7871473
OS 4.3601706 1.7857312
OS 4.3597541 1.7843984
OS 4.3592543 1.782899
OS 4.3586712 1.7814829
OS 4.3579215 1.7801501
OS 4.3570052 1.7788173
OS 4.3560889 1.7774845
OS 4.3549227 1.7763183
OS 4.3548394 1.776235
OS 4.3545895 1.7760684
OS 4.3542563 1.7757352
OS 4.3537565 1.775402
OS 4.3530901 1.7749855
OS 4.3522571 1.7744857
OS 4.3513408 1.7739026
OS 4.3501746 1.7734028
OS 4.3489251 1.7728197
OS 4.347509 1.7722366
OS 4.3460096 1.7717368
OS 4.3443436 1.7713203
OS 4.342511 1.7709871
OS 4.3405118 1.7706539
OS 4.338346 1.7704873
OS 4.3360969 1.770404
OS 4.3349307 1.770404
OS 4.3340977 1.7704873
OS 4.3330981 1.7705706
OS 4.3319319 1.7707372
OS 4.3306824 1.7709038
OS 4.3292663 1.7711537
OS 4.3277669 1.7714036
OS 4.3262675 1.7718201
OS 4.3246848 1.7723199
OS 4.3231854 1.772903
OS 4.321686 1.7735694
OS 4.3201866 1.7743191
OS 4.3187705 1.7752354
OS 4.317521 1.776235
OS 4.3174377 1.7763183
OS 4.3172711 1.7764849
OS 4.3169379 1.7768181
OS 4.3165214 1.7773179
OS 4.3160216 1.777901
OS 4.3154385 1.7786507
OS 4.3148554 1.779567
OS 4.3142723 1.7805666
OS 4.3136892 1.7817328
OS 4.3131061 1.7829823
OS 4.312523 1.7843984
OS 4.3120232 1.7858978
OS 4.3116067 1.7876471
OS 4.3112735 1.7893964
OS 4.3111069 1.7913123
OS 4.3110236 1.7933948
OS 4.3110236 1.8318794
OS 4.3261842 1.8318794
OS 4.3261842 1.7943111
OS 4.3261842 1.7942278
OS 4.3261842 1.7940612
OS 4.3261842 1.793728
OS 4.3261842 1.7933115
OS 4.3262675 1.7927284
OS 4.3263508 1.7921453
OS 4.3265174 1.7907292
OS 4.3267673 1.7892298
OS 4.3271838 1.7876471
OS 4.3277669 1.786231
OS 4.3285166 1.7848982
OS 4.3285999 1.7847316
OS 4.3289331 1.7843984
OS 4.3295162 1.7839819
OS 4.3303492 1.7833988
OS 4.3314321 1.7828157
OS 4.3326816 1.7823992
OS 4.3342643 1.782066
OS 4.3360969 1.7818994
OS 4.3365967 1.7818994
OS 4.3369299 1.7819827
OS 4.3378462 1.782066
OS 4.3390124 1.7822326
OS 4.3401786 1.7826491
OS 4.3415114 1.7831489
OS 4.3426776 1.7838153
OS 4.3436772 1.7848149
OS 4.3437605 1.7849815
OS 4.3440937 1.785398
OS 4.3445102 1.7860644
OS 4.3449267 1.787064
OS 4.3454265 1.7883968
OS 4.3457597 1.7900628
OS 4.3459263 1.7909791
OS 4.3460929 1.7919787
OS 4.3461762 1.7931449
OS 4.3461762 1.7943111
OS 4.3461762 1.8318794
OS 4.3613368 1.8318794
OS 4.3613368 1.7933948
OE
SE
S P 0
OB 4.4314389 1.0567542 I
OS 4.4438506 1.0567542
OS 4.4438506 1.0462584
OS 4.4041165 1.0462584
OS 4.4041165 1.0567542
OS 4.4167781 1.0567542
OS 4.4167781 1.0885748
OS 4.4041165 1.0885748
OS 4.4041165 1.0984042
OS 4.4051161 1.0984042
OS 4.4058658 1.0984875
OS 4.4066988 1.0984875
OS 4.4076151 1.0985708
OS 4.4096143 1.0987374
OS 4.4096976 1.0987374
OS 4.4101141 1.0988207
OS 4.4106139 1.098904
OS 4.411197 1.0989873
OS 4.4126131 1.0994038
OS 4.4133628 1.0996537
OS 4.4140292 1.0999036
OS 4.4141125 1.0999869
OS 4.4143624 1.1000702
OS 4.4146956 1.1003201
OS 4.4151121 1.10057
OS 4.4161117 1.101403
OS 4.417028 1.1024859
OS 4.4171113 1.1025692
OS 4.4171946 1.1028191
OS 4.4173612 1.1031523
OS 4.4176111 1.1036521
OS 4.4177777 1.1042352
OS 4.4179443 1.1049849
OS 4.4181109 1.1057346
OS 4.4181942 1.1066509
OS 4.4314389 1.1066509
OS 4.4314389 1.0567542
OE
OB 4.3613836 1.106401 I
OS 4.3622166 1.106401
OS 4.3640492 1.1063177
OS 4.3660484 1.1061511
OS 4.3681309 1.1059012
OS 4.3702134 1.1056513
OS 4.3704633 1.1056513
OS 4.3707965 1.105568
OS 4.3711297 1.1054847
OS 4.3716295 1.1054014
OS 4.3722126 1.1052348
OS 4.3736287 1.1048183
OS 4.3752114 1.1043185
OS 4.3769607 1.1036521
OS 4.3787933 1.1028191
OS 4.3806259 1.1017362
OS 4.3807092 1.1016529
OS 4.3808758 1.1015696
OS 4.381209 1.1013197
OS 4.3816255 1.1010698
OS 4.3821253 1.1006533
OS 4.3827084 1.1001535
OS 4.3840412 1.0989873
OS 4.3855406 1.0975712
OS 4.38704 1.0957386
OS 4.3885394 1.0937394
OS 4.3899555 1.091407
OS 4.3900388 1.0913237
OS 4.3901221 1.0911571
OS 4.3902887 1.0907406
OS 4.3905386 1.0902408
OS 4.3907885 1.0896577
OS 4.3910384 1.088908
OS 4.3913716 1.088075
OS 4.3917048 1.0870754
OS 4.392038 1.0860758
OS 4.3923712 1.0849096
OS 4.3926211 1.0836601
OS 4.392871 1.0823273
OS 4.3932875 1.0794118
OS 4.3934541 1.0762464
OS 4.3934541 1.0761631
OS 4.3934541 1.0759132
OS 4.3934541 1.0754134
OS 4.3933708 1.0748303
OS 4.3933708 1.0740806
OS 4.3932875 1.0732476
OS 4.3931209 1.072248
OS 4.3929543 1.0712484
OS 4.3925378 1.0688327
OS 4.3918714 1.0663337
OS 4.3909551 1.0637514
OS 4.390372 1.0624186
OS 4.3897056 1.0611691
OS 4.3897056 1.0610858
OS 4.389539 1.0609192
OS 4.3893724 1.0605027
OS 4.3890392 1.0600862
OS 4.388706 1.0595031
OS 4.3882895 1.05892
OS 4.3872066 1.0574206
OS 4.3858738 1.0558379
OS 4.3842911 1.0540886
OS 4.3824585 1.0525059
OS 4.3804593 1.0510065
OS 4.380376 1.0510065
OS 4.3802094 1.0508399
OS 4.3799595 1.0507566
OS 4.3796263 1.0505067
OS 4.3792098 1.0502568
OS 4.37871 1.0500069
OS 4.3774605 1.0493405
OS 4.3758778 1.0486741
OS 4.3742118 1.048091
OS 4.3722959 1.0475079
OS 4.3702134 1.0470914
OS 4.3699635 1.0470914
OS 4.3696303 1.0470081
OS 4.3692971 1.0469248
OS 4.368714 1.0469248
OS 4.3681309 1.0468415
OS 4.3674645 1.0467582
OS 4.3667148 1.0466749
OS 4.3649655 1.0465083
OS 4.3629663 1.046425
OS 4.3608005 1.0462584
OS 4.3397256 1.0462584
OS 4.3397256 1.1064843
OS 4.3607172 1.1064843
OS 4.3613836 1.106401
OE
OB 4.3583848 1.0952388 H
OS 4.3548862 1.0952388
OS 4.3548862 1.0575872
OS 4.3581349 1.0575872
OS 4.3594677 1.0576705
OS 4.3622999 1.0576705
OS 4.3636327 1.0577538
OS 4.3637993 1.0577538
OS 4.3642158 1.0578371
OS 4.3648822 1.0579204
OS 4.3657985 1.058087
OS 4.3667981 1.0583369
OS 4.3679643 1.0587534
OS 4.3691305 1.0592532
OS 4.3702967 1.0599196
OS 4.37038 1.0599196
OS 4.3704633 1.0600029
OS 4.3708798 1.0603361
OS 4.3715462 1.0608359
OS 4.3723792 1.0615856
OS 4.3732955 1.0625019
OS 4.3742118 1.0635848
OS 4.3751281 1.0649176
OS 4.3758778 1.0663337
OS 4.3758778 1.066417
OS 4.3759611 1.0665003
OS 4.3760444 1.0667502
OS 4.376211 1.0670834
OS 4.3763776 1.0674999
OS 4.3765442 1.0679997
OS 4.3768774 1.0691659
OS 4.3772106 1.0706653
OS 4.3775438 1.0723313
OS 4.3777937 1.0742472
OS 4.377877 1.076413
OS 4.377877 1.0764963
OS 4.377877 1.0766629
OS 4.377877 1.0769961
OS 4.377877 1.0774126
OS 4.3777937 1.0779124
OS 4.3777937 1.0784955
OS 4.3776271 1.0799116
OS 4.3773772 1.0814943
OS 4.3769607 1.0831603
OS 4.3764609 1.0849096
OS 4.3757945 1.0865756
OS 4.3757945 1.0866589
OS 4.3757112 1.0867422
OS 4.375378 1.087242
OS 4.3749615 1.088075
OS 4.3742951 1.0889913
OS 4.3733788 1.0900742
OS 4.3722959 1.0911571
OS 4.3710464 1.09224
OS 4.369547 1.0931563
OS 4.3693804 1.0932396
OS 4.3690472 1.0934062
OS 4.3683808 1.0937394
OS 4.3676311 1.0940726
OS 4.3666315 1.0944058
OS 4.3655486 1.094739
OS 4.3643824 1.0949056
OS 4.3631329 1.0950722
OS 4.3625498 1.0950722
OS 4.3618001 1.0951555
OS 4.3597176 1.0951555
OS 4.3583848 1.0952388
OE
SE
S P 0
OB 4.5229605 2.8861952 I
OS 4.5235436 2.8861952
OS 4.5251263 2.8860286
OS 4.5267923 2.8857787
OS 4.5286249 2.8853622
OS 4.5304575 2.8848624
OS 4.5321235 2.884196
OS 4.5322068 2.884196
OS 4.5322901 2.8841127
OS 4.53254 2.8839461
OS 4.5328732 2.8837795
OS 4.5336229 2.883363
OS 4.5346225 2.8826966
OS 4.5357887 2.8817803
OS 4.5369549 2.8807807
OS 4.5382044 2.8795312
OS 4.5392873 2.8781151
OS 4.5392873 2.8780318
OS 4.5393706 2.8779485
OS 4.5395372 2.8776986
OS 4.5397038 2.8773654
OS 4.5402036 2.8765324
OS 4.5407867 2.8753662
OS 4.5414531 2.8739501
OS 4.5421195 2.8722841
OS 4.5427859 2.8703682
OS 4.5432857 2.8682857
OS 4.5432857 2.8682024
OS 4.543369 2.8680358
OS 4.543369 2.8677026
OS 4.5434523 2.8672861
OS 4.5436189 2.866703
OS 4.5437022 2.8660366
OS 4.5437855 2.8652869
OS 4.5439521 2.8644539
OS 4.5440354 2.8634543
OS 4.5441187 2.8624547
OS 4.5443686 2.8602056
OS 4.5444519 2.8576233
OS 4.5445352 2.8548744
OS 4.5445352 2.8547911
OS 4.5445352 2.8545412
OS 4.5445352 2.8541247
OS 4.5445352 2.8535416
OS 4.5445352 2.8528752
OS 4.5444519 2.8521255
OS 4.5444519 2.8512092
OS 4.5443686 2.8502929
OS 4.544202 2.8481271
OS 4.5439521 2.845878
OS 4.5436189 2.8434623
OS 4.5432024 2.8412132
OS 4.5432024 2.8411299
OS 4.5431191 2.8409633
OS 4.5430358 2.8406301
OS 4.5429525 2.8402136
OS 4.5428692 2.8397138
OS 4.5427026 2.8391307
OS 4.5422028 2.8377979
OS 4.541703 2.8362985
OS 4.5409533 2.8346325
OS 4.5402036 2.8330498
OS 4.539204 2.8314671
OS 4.539204 2.8313838
OS 4.5391207 2.8313005
OS 4.5387042 2.8308007
OS 4.5381211 2.8301343
OS 4.5372881 2.8293013
OS 4.5362885 2.8283017
OS 4.535039 2.8273021
OS 4.5336229 2.8263858
OS 4.5320402 2.8255528
OS 4.5319569 2.8255528
OS 4.5318736 2.8254695
OS 4.5316237 2.8253862
OS 4.5312905 2.8252196
OS 4.530874 2.825053
OS 4.5303742 2.8248864
OS 4.5290414 2.8245532
OS 4.527542 2.82422
OS 4.5257094 2.8238868
OS 4.5236269 2.8236369
OS 4.5212945 2.8235536
OS 4.5202116 2.8235536
OS 4.5197118 2.8236369
OS 4.5190454 2.8236369
OS 4.517546 2.8238035
OS 4.51588 2.8240534
OS 4.5141307 2.8243866
OS 4.5122981 2.8248864
OS 4.5105488 2.8255528
OS 4.5104655 2.8255528
OS 4.5103822 2.8256361
OS 4.5101323 2.8258027
OS 4.5097991 2.8259693
OS 4.5090494 2.8263858
OS 4.5079665 2.8270522
OS 4.5068836 2.8278852
OS 4.5056341 2.8289681
OS 4.5044679 2.8301343
OS 4.503385 2.8315504
OS 4.503385 2.8316337
OS 4.5033017 2.831717
OS 4.5031351 2.8319669
OS 4.5029685 2.8322168
OS 4.5024687 2.8331331
OS 4.5018856 2.834216
OS 4.5012192 2.8356321
OS 4.5005528 2.8372981
OS 4.4998864 2.839214
OS 4.4993866 2.8412965
OS 4.4993866 2.8413798
OS 4.4993033 2.8415464
OS 4.4993033 2.8418796
OS 4.49922 2.8422961
OS 4.4991367 2.8428792
OS 4.4989701 2.8435456
OS 4.4988868 2.8442953
OS 4.4988035 2.8452116
OS 4.4986369 2.8461279
OS 4.4985536 2.8472108
OS 4.4983037 2.8494599
OS 4.4982204 2.8520422
OS 4.4981371 2.8548744
OS 4.4981371 2.8549577
OS 4.4981371 2.8552076
OS 4.4981371 2.8556241
OS 4.4981371 2.8562072
OS 4.4981371 2.8568736
OS 4.4982204 2.8577066
OS 4.4982204 2.8586229
OS 4.4983037 2.8596225
OS 4.498387 2.861705
OS 4.4986369 2.8640374
OS 4.4988868 2.8662865
OS 4.4993033 2.8685356
OS 4.4993033 2.8686189
OS 4.4993866 2.8687855
OS 4.4994699 2.8691187
OS 4.4995532 2.8694519
OS 4.4997198 2.8699517
OS 4.4998864 2.8705348
OS 4.5003029 2.8718676
OS 4.500886 2.873367
OS 4.5015524 2.875033
OS 4.5024687 2.876699
OS 4.5034683 2.8782817
OS 4.5034683 2.878365
OS 4.5036349 2.8784483
OS 4.5039681 2.8789481
OS 4.5046345 2.8796145
OS 4.5054675 2.8805308
OS 4.5064671 2.8815304
OS 4.5077166 2.88253
OS 4.5091327 2.8834463
OS 4.5107154 2.8842793
OS 4.5107987 2.8842793
OS 4.510882 2.8843626
OS 4.5111319 2.8844459
OS 4.5114651 2.8846125
OS 4.5119649 2.8847791
OS 4.5124647 2.8849457
OS 4.5137142 2.8852789
OS 4.5152136 2.8856121
OS 4.5170462 2.8859453
OS 4.5190454 2.8861952
OS 4.5212945 2.8862785
OS 4.5223774 2.8862785
OS 4.5229605 2.8861952
OE
OB 4.4774787 2.8352989 I
OS 4.4898904 2.8352989
OS 4.4898904 2.8248031
OS 4.4501563 2.8248031
OS 4.4501563 2.8352989
OS 4.4628179 2.8352989
OS 4.4628179 2.8671195
OS 4.4501563 2.8671195
OS 4.4501563 2.8769489
OS 4.4511559 2.8769489
OS 4.4519056 2.8770322
OS 4.4527386 2.8770322
OS 4.4536549 2.8771155
OS 4.4556541 2.8772821
OS 4.4557374 2.8772821
OS 4.4561539 2.8773654
OS 4.4566537 2.8774487
OS 4.4572368 2.877532
OS 4.4586529 2.8779485
OS 4.4594026 2.8781984
OS 4.460069 2.8784483
OS 4.4601523 2.8785316
OS 4.4604022 2.8786149
OS 4.4607354 2.8788648
OS 4.4611519 2.8791147
OS 4.4621515 2.8799477
OS 4.4630678 2.8810306
OS 4.4631511 2.8811139
OS 4.4632344 2.8813638
OS 4.463401 2.881697
OS 4.4636509 2.8821968
OS 4.4638175 2.8827799
OS 4.4639841 2.8835296
OS 4.4641507 2.8842793
OS 4.464234 2.8851956
OS 4.4774787 2.8851956
OS 4.4774787 2.8352989
OE
OB 4.4213345 2.8861952 I
OS 4.4223341 2.8861952
OS 4.423417 2.8861119
OS 4.4255828 2.885862
OS 4.4257494 2.885862
OS 4.4260826 2.8857787
OS 4.4266657 2.8856954
OS 4.4274154 2.8855288
OS 4.4282484 2.8853622
OS 4.4291647 2.8851956
OS 4.4311639 2.8846958
OS 4.4312472 2.8846958
OS 4.4314971 2.8846125
OS 4.4319136 2.8844459
OS 4.4324967 2.8842793
OS 4.4331631 2.8840294
OS 4.4339128 2.8837795
OS 4.4355788 2.8830298
OS 4.4356621 2.8829465
OS 4.4359953 2.8828632
OS 4.4364118 2.8826966
OS 4.4369949 2.8824467
OS 4.4383277 2.8818636
OS 4.4389941 2.8815304
OS 4.4395772 2.8811972
OS 4.4395772 2.8669529
OS 4.4379945 2.8669529
OS 4.4379112 2.8670362
OS 4.4378279 2.8671195
OS 4.437578 2.8672861
OS 4.4372448 2.8676193
OS 4.4364118 2.8682857
OS 4.4352456 2.869202
OS 4.4351623 2.8692853
OS 4.4349957 2.8694519
OS 4.4345792 2.8697018
OS 4.4341627 2.870035
OS 4.4335796 2.8704515
OS 4.4329965 2.870868
OS 4.4314971 2.8718676
OS 4.4314138 2.8719509
OS 4.4311639 2.8721175
OS 4.4306641 2.8722841
OS 4.4301643 2.8726173
OS 4.4294146 2.8729505
OS 4.4286649 2.8732837
OS 4.4277486 2.8737002
OS 4.4268323 2.8740334
OS 4.426749 2.8741167
OS 4.4264158 2.8742
OS 4.425916 2.8743666
OS 4.4252496 2.8745332
OS 4.4244166 2.8746998
OS 4.4235836 2.8747831
OS 4.422584 2.8749497
OS 4.4210013 2.8749497
OS 4.4204182 2.8748664
OS 4.4195852 2.8747831
OS 4.4186689 2.8746998
OS 4.4176693 2.8745332
OS 4.4166697 2.8742
OS 4.4155868 2.8738668
OS 4.4155035 2.8737835
OS 4.4151703 2.8737002
OS 4.4145872 2.8734503
OS 4.4139208 2.8730338
OS 4.4131711 2.872534
OS 4.4122548 2.8719509
OS 4.4113385 2.8712012
OS 4.4104222 2.8702849
OS 4.4103389 2.8702016
OS 4.410089 2.8698684
OS 4.4096725 2.8693686
OS 4.4090894 2.8687022
OS 4.4085063 2.8677859
OS 4.4079232 2.866703
OS 4.4073401 2.8654535
OS 4.406757 2.8640374
OS 4.406757 2.8639541
OS 4.4066737 2.8638708
OS 4.4065904 2.8636209
OS 4.4065071 2.863371
OS 4.4063405 2.862538
OS 4.4060906 2.8614551
OS 4.4057574 2.860039
OS 4.4055908 2.8584563
OS 4.4054242 2.856707
OS 4.4053409 2.8547911
OS 4.4053409 2.8547078
OS 4.4053409 2.8545412
OS 4.4053409 2.8542913
OS 4.4053409 2.8538748
OS 4.4054242 2.853375
OS 4.4054242 2.8527919
OS 4.4055075 2.8515424
OS 4.4056741 2.850043
OS 4.405924 2.8484603
OS 4.4062572 2.8468776
OS 4.406757 2.8453782
OS 4.4068403 2.8452116
OS 4.4070069 2.8447118
OS 4.4073401 2.8440454
OS 4.4078399 2.8432124
OS 4.4083397 2.8422128
OS 4.4090061 2.8411299
OS 4.4098391 2.8401303
OS 4.4106721 2.839214
OS 4.4107554 2.8391307
OS 4.4110886 2.8388808
OS 4.4115884 2.8384643
OS 4.4122548 2.8379645
OS 4.4130045 2.8374647
OS 4.4139208 2.8368816
OS 4.4149204 2.8363818
OS 4.41592 2.8359653
OS 4.4160866 2.8359653
OS 4.4164198 2.8357987
OS 4.4170029 2.8356321
OS 4.4177526 2.8354655
OS 4.4185856 2.8352989
OS 4.4195852 2.8351323
OS 4.4205848 2.835049
OS 4.4216677 2.8349657
OS 4.4221675 2.8349657
OS 4.4227506 2.835049
OS 4.4235003 2.835049
OS 4.4243333 2.8352156
OS 4.4253329 2.8353822
OS 4.4263325 2.8355488
OS 4.4273321 2.835882
OS 4.4274154 2.8359653
OS 4.4278319 2.8360486
OS 4.4283317 2.8362985
OS 4.4289148 2.8365484
OS 4.4296645 2.8368816
OS 4.4304142 2.8372148
OS 4.4311639 2.8377146
OS 4.4319136 2.8381311
OS 4.4319969 2.8382144
OS 4.4322468 2.838381
OS 4.4326633 2.8386309
OS 4.4331631 2.8388808
OS 4.4343293 2.8397138
OS 4.4354955 2.8406301
OS 4.4355788 2.8407134
OS 4.4357454 2.84088
OS 4.4359953 2.8410466
OS 4.4364118 2.8413798
OS 4.4372448 2.8421295
OS 4.4381611 2.8429625
OS 4.4395772 2.8429625
OS 4.4395772 2.8288015
OS 4.4394939 2.8288015
OS 4.439244 2.8286349
OS 4.4389108 2.8284683
OS 4.4384943 2.8283017
OS 4.4379112 2.8279685
OS 4.4372448 2.8277186
OS 4.4356621 2.8269689
OS 4.4355788 2.8269689
OS 4.4353289 2.8268023
OS 4.4348291 2.8266357
OS 4.4343293 2.8263858
OS 4.4336629 2.8261359
OS 4.4329132 2.825886
OS 4.4312472 2.8253029
OS 4.4311639 2.8253029
OS 4.4307474 2.8252196
OS 4.4302476 2.825053
OS 4.4294979 2.8248864
OS 4.4286649 2.8247198
OS 4.4278319 2.8244699
OS 4.425916 2.8241367
OS 4.4258327 2.8241367
OS 4.4254995 2.8240534
OS 4.4249164 2.8239701
OS 4.4241667 2.8238868
OS 4.4232504 2.8238035
OS 4.4220842 2.8237202
OS 4.4206681 2.8236369
OS 4.4185856 2.8236369
OS 4.4178359 2.8237202
OS 4.4169196 2.8238035
OS 4.4157534 2.8238868
OS 4.4144206 2.8240534
OS 4.4130045 2.8243033
OS 4.4114218 2.8246365
OS 4.4096725 2.825053
OS 4.4079232 2.8256361
OS 4.4061739 2.8263025
OS 4.4043413 2.8270522
OS 4.402592 2.8280518
OS 4.4008427 2.8291347
OS 4.39926 2.8303842
OS 4.3976773 2.8318003
OS 4.397594 2.8318836
OS 4.3973441 2.8322168
OS 4.3969276 2.8326333
OS 4.3964278 2.8332997
OS 4.3958447 2.8341327
OS 4.3951783 2.8351323
OS 4.3944286 2.8363818
OS 4.3937622 2.8377146
OS 4.3930125 2.8392973
OS 4.3922628 2.8410466
OS 4.3915964 2.8428792
OS 4.3910133 2.8449617
OS 4.3905135 2.8472108
OS 4.390097 2.8496265
OS 4.3898471 2.8521255
OS 4.3897638 2.8548744
OS 4.3897638 2.8549577
OS 4.3897638 2.855041
OS 4.3897638 2.8555408
OS 4.3898471 2.8562905
OS 4.3899304 2.8572901
OS 4.3900137 2.8584563
OS 4.3901803 2.8598724
OS 4.3904302 2.8614551
OS 4.3907634 2.8631211
OS 4.3911799 2.8648704
OS 4.3916797 2.8667863
OS 4.3923461 2.8686189
OS 4.3930958 2.8705348
OS 4.3940121 2.8724507
OS 4.395095 2.8742833
OS 4.3962612 2.8760326
OS 4.3976773 2.8776986
OS 4.3977606 2.8777819
OS 4.3980105 2.8780318
OS 4.3985103 2.8785316
OS 4.3991767 2.8790314
OS 4.3999264 2.8796978
OS 4.400926 2.8804475
OS 4.4020922 2.8811972
OS 4.4033417 2.8820302
OS 4.4048411 2.8827799
OS 4.4064238 2.8835296
OS 4.4081731 2.8842793
OS 4.410089 2.8849457
OS 4.4121715 2.8855288
OS 4.4143373 2.8859453
OS 4.4166697 2.8861952
OS 4.4191687 2.8862785
OS 4.4204182 2.8862785
OS 4.4213345 2.8861952
OE
OB 4.5212945 2.8751996 H
OS 4.5211279 2.8751996
OS 4.5206281 2.8751163
OS 4.5197951 2.8749497
OS 4.5188788 2.8746165
OS 4.5178792 2.8741167
OS 4.5168796 2.8732837
OS 4.5163798 2.8727839
OS 4.5159633 2.8721175
OS 4.5154635 2.8714511
OS 4.5151303 2.8706181
OS 4.5151303 2.8705348
OS 4.515047 2.8703682
OS 4.5149637 2.8701183
OS 4.5148804 2.8697018
OS 4.5147138 2.869202
OS 4.5145472 2.8686189
OS 4.5143806 2.8678692
OS 4.514214 2.8669529
OS 4.5140474 2.8659533
OS 4.5138808 2.8647871
OS 4.5137142 2.8635376
OS 4.5135476 2.8621215
OS 4.5134643 2.8605388
OS 4.513381 2.8587895
OS 4.5132977 2.8568736
OS 4.5132977 2.8548744
OS 4.5132977 2.8547911
OS 4.5132977 2.8543746
OS 4.5132977 2.8537915
OS 4.5132977 2.8530418
OS 4.513381 2.8522088
OS 4.513381 2.8511259
OS 4.5134643 2.8499597
OS 4.5135476 2.8487935
OS 4.5137142 2.8462112
OS 4.5140474 2.8436289
OS 4.5142973 2.8423794
OS 4.5145472 2.8412132
OS 4.5147971 2.8401303
OS 4.5151303 2.839214
OS 4.5151303 2.8391307
OS 4.5152136 2.8390474
OS 4.5154635 2.8384643
OS 4.5159633 2.8377979
OS 4.5166297 2.8369649
OS 4.5174627 2.8360486
OS 4.5185456 2.8353822
OS 4.5197951 2.8347991
OS 4.5205448 2.8347158
OS 4.5212945 2.8346325
OS 4.5214611 2.8346325
OS 4.5220442 2.8347158
OS 4.5227939 2.8348824
OS 4.5237102 2.8352156
OS 4.5247098 2.8357154
OS 4.5257094 2.8365484
OS 4.5262092 2.8371315
OS 4.526709 2.8377146
OS 4.5271255 2.838381
OS 4.5274587 2.839214
OS 4.5274587 2.8392973
OS 4.527542 2.8394639
OS 4.5276253 2.8397138
OS 4.5277919 2.8401303
OS 4.5278752 2.8406301
OS 4.5280418 2.8412132
OS 4.5282084 2.8420462
OS 4.5284583 2.8428792
OS 4.5286249 2.8438788
OS 4.5287915 2.845045
OS 4.5289581 2.8462945
OS 4.5290414 2.8477939
OS 4.529208 2.8492933
OS 4.5292913 2.8510426
OS 4.5293746 2.8528752
OS 4.5293746 2.8548744
OS 4.5293746 2.855041
OS 4.5293746 2.8553742
OS 4.5293746 2.8559573
OS 4.5293746 2.856707
OS 4.5292913 2.8576233
OS 4.5292913 2.8587062
OS 4.529208 2.8597891
OS 4.5291247 2.8610386
OS 4.5288748 2.8637042
OS 4.5285416 2.8662865
OS 4.528375 2.867536
OS 4.5281251 2.8686189
OS 4.5277919 2.8697018
OS 4.5274587 2.8706181
OS 4.5274587 2.8707014
OS 4.5273754 2.8707847
OS 4.5271255 2.8713678
OS 4.5266257 2.8720342
OS 4.5260426 2.8729505
OS 4.5251263 2.8737835
OS 4.5241267 2.8744499
OS 4.5227939 2.875033
OS 4.5220442 2.8751163
OS 4.5212945 2.8751996
OE
SE
S P 0
OB 4.5400501 2.0872675 I
OS 4.5524618 2.0872675
OS 4.5524618 2.0767717
OS 4.5127277 2.0767717
OS 4.5127277 2.0872675
OS 4.5253893 2.0872675
OS 4.5253893 2.1190881
OS 4.5127277 2.1190881
OS 4.5127277 2.1289175
OS 4.5137273 2.1289175
OS 4.514477 2.1290008
OS 4.51531 2.1290008
OS 4.5162263 2.1290841
OS 4.5182255 2.1292507
OS 4.5183088 2.1292507
OS 4.5187253 2.129334
OS 4.5192251 2.1294173
OS 4.5198082 2.1295006
OS 4.5212243 2.1299171
OS 4.521974 2.130167
OS 4.5226404 2.1304169
OS 4.5227237 2.1305002
OS 4.5229736 2.1305835
OS 4.5233068 2.1308334
OS 4.5237233 2.1310833
OS 4.5247229 2.1319163
OS 4.5256392 2.1329992
OS 4.5257225 2.1330825
OS 4.5258058 2.1333324
OS 4.5259724 2.1336656
OS 4.5262223 2.1341654
OS 4.5263889 2.1347485
OS 4.5265555 2.1354982
OS 4.5267221 2.1362479
OS 4.5268054 2.1371642
OS 4.5400501 2.1371642
OS 4.5400501 2.0872675
OE
OB 4.4873212 2.0872675 I
OS 4.4997329 2.0872675
OS 4.4997329 2.0767717
OS 4.4599988 2.0767717
OS 4.4599988 2.0872675
OS 4.4726604 2.0872675
OS 4.4726604 2.1190881
OS 4.4599988 2.1190881
OS 4.4599988 2.1289175
OS 4.4609984 2.1289175
OS 4.4617481 2.1290008
OS 4.4625811 2.1290008
OS 4.4634974 2.1290841
OS 4.4654966 2.1292507
OS 4.4655799 2.1292507
OS 4.4659964 2.129334
OS 4.4664962 2.1294173
OS 4.4670793 2.1295006
OS 4.4684954 2.1299171
OS 4.4692451 2.130167
OS 4.4699115 2.1304169
OS 4.4699948 2.1305002
OS 4.4702447 2.1305835
OS 4.4705779 2.1308334
OS 4.4709944 2.1310833
OS 4.471994 2.1319163
OS 4.4729103 2.1329992
OS 4.4729936 2.1330825
OS 4.4730769 2.1333324
OS 4.4732435 2.1336656
OS 4.4734934 2.1341654
OS 4.47366 2.1347485
OS 4.4738266 2.1354982
OS 4.4739932 2.1362479
OS 4.4740765 2.1371642
OS 4.4873212 2.1371642
OS 4.4873212 2.0872675
OE
OB 4.431177 2.1381638 I
OS 4.4321766 2.1381638
OS 4.4332595 2.1380805
OS 4.4354253 2.1378306
OS 4.4355919 2.1378306
OS 4.4359251 2.1377473
OS 4.4365082 2.137664
OS 4.4372579 2.1374974
OS 4.4380909 2.1373308
OS 4.4390072 2.1371642
OS 4.4410064 2.1366644
OS 4.4410897 2.1366644
OS 4.4413396 2.1365811
OS 4.4417561 2.1364145
OS 4.4423392 2.1362479
OS 4.4430056 2.135998
OS 4.4437553 2.1357481
OS 4.4454213 2.1349984
OS 4.4455046 2.1349151
OS 4.4458378 2.1348318
OS 4.4462543 2.1346652
OS 4.4468374 2.1344153
OS 4.4481702 2.1338322
OS 4.4488366 2.133499
OS 4.4494197 2.1331658
OS 4.4494197 2.1189215
OS 4.447837 2.1189215
OS 4.4477537 2.1190048
OS 4.4476704 2.1190881
OS 4.4474205 2.1192547
OS 4.4470873 2.1195879
OS 4.4462543 2.1202543
OS 4.4450881 2.1211706
OS 4.4450048 2.1212539
OS 4.4448382 2.1214205
OS 4.4444217 2.1216704
OS 4.4440052 2.1220036
OS 4.4434221 2.1224201
OS 4.442839 2.1228366
OS 4.4413396 2.1238362
OS 4.4412563 2.1239195
OS 4.4410064 2.1240861
OS 4.4405066 2.1242527
OS 4.4400068 2.1245859
OS 4.4392571 2.1249191
OS 4.4385074 2.1252523
OS 4.4375911 2.1256688
OS 4.4366748 2.126002
OS 4.4365915 2.1260853
OS 4.4362583 2.1261686
OS 4.4357585 2.1263352
OS 4.4350921 2.1265018
OS 4.4342591 2.1266684
OS 4.4334261 2.1267517
OS 4.4324265 2.1269183
OS 4.4308438 2.1269183
OS 4.4302607 2.126835
OS 4.4294277 2.1267517
OS 4.4285114 2.1266684
OS 4.4275118 2.1265018
OS 4.4265122 2.1261686
OS 4.4254293 2.1258354
OS 4.425346 2.1257521
OS 4.4250128 2.1256688
OS 4.4244297 2.1254189
OS 4.4237633 2.1250024
OS 4.4230136 2.1245026
OS 4.4220973 2.1239195
OS 4.421181 2.1231698
OS 4.4202647 2.1222535
OS 4.4201814 2.1221702
OS 4.4199315 2.121837
OS 4.419515 2.1213372
OS 4.4189319 2.1206708
OS 4.4183488 2.1197545
OS 4.4177657 2.1186716
OS 4.4171826 2.1174221
OS 4.4165995 2.116006
OS 4.4165995 2.1159227
OS 4.4165162 2.1158394
OS 4.4164329 2.1155895
OS 4.4163496 2.1153396
OS 4.416183 2.1145066
OS 4.4159331 2.1134237
OS 4.4155999 2.1120076
OS 4.4154333 2.1104249
OS 4.4152667 2.1086756
OS 4.4151834 2.1067597
OS 4.4151834 2.1066764
OS 4.4151834 2.1065098
OS 4.4151834 2.1062599
OS 4.4151834 2.1058434
OS 4.4152667 2.1053436
OS 4.4152667 2.1047605
OS 4.41535 2.103511
OS 4.4155166 2.1020116
OS 4.4157665 2.1004289
OS 4.4160997 2.0988462
OS 4.4165995 2.0973468
OS 4.4166828 2.0971802
OS 4.4168494 2.0966804
OS 4.4171826 2.096014
OS 4.4176824 2.095181
OS 4.4181822 2.0941814
OS 4.4188486 2.0930985
OS 4.4196816 2.0920989
OS 4.4205146 2.0911826
OS 4.4205979 2.0910993
OS 4.4209311 2.0908494
OS 4.4214309 2.0904329
OS 4.4220973 2.0899331
OS 4.422847 2.0894333
OS 4.4237633 2.0888502
OS 4.4247629 2.0883504
OS 4.4257625 2.0879339
OS 4.4259291 2.0879339
OS 4.4262623 2.0877673
OS 4.4268454 2.0876007
OS 4.4275951 2.0874341
OS 4.4284281 2.0872675
OS 4.4294277 2.0871009
OS 4.4304273 2.0870176
OS 4.4315102 2.0869343
OS 4.43201 2.0869343
OS 4.4325931 2.0870176
OS 4.4333428 2.0870176
OS 4.4341758 2.0871842
OS 4.4351754 2.0873508
OS 4.436175 2.0875174
OS 4.4371746 2.0878506
OS 4.4372579 2.0879339
OS 4.4376744 2.0880172
OS 4.4381742 2.0882671
OS 4.4387573 2.088517
OS 4.439507 2.0888502
OS 4.4402567 2.0891834
OS 4.4410064 2.0896832
OS 4.4417561 2.0900997
OS 4.4418394 2.090183
OS 4.4420893 2.0903496
OS 4.4425058 2.0905995
OS 4.4430056 2.0908494
OS 4.4441718 2.0916824
OS 4.445338 2.0925987
OS 4.4454213 2.092682
OS 4.4455879 2.0928486
OS 4.4458378 2.0930152
OS 4.4462543 2.0933484
OS 4.4470873 2.0940981
OS 4.4480036 2.0949311
OS 4.4494197 2.0949311
OS 4.4494197 2.0807701
OS 4.4493364 2.0807701
OS 4.4490865 2.0806035
OS 4.4487533 2.0804369
OS 4.4483368 2.0802703
OS 4.4477537 2.0799371
OS 4.4470873 2.0796872
OS 4.4455046 2.0789375
OS 4.4454213 2.0789375
OS 4.4451714 2.0787709
OS 4.4446716 2.0786043
OS 4.4441718 2.0783544
OS 4.4435054 2.0781045
OS 4.4427557 2.0778546
OS 4.4410897 2.0772715
OS 4.4410064 2.0772715
OS 4.4405899 2.0771882
OS 4.4400901 2.0770216
OS 4.4393404 2.076855
OS 4.4385074 2.0766884
OS 4.4376744 2.0764385
OS 4.4357585 2.0761053
OS 4.4356752 2.0761053
OS 4.435342 2.076022
OS 4.4347589 2.0759387
OS 4.4340092 2.0758554
OS 4.4330929 2.0757721
OS 4.4319267 2.0756888
OS 4.4305106 2.0756055
OS 4.4284281 2.0756055
OS 4.4276784 2.0756888
OS 4.4267621 2.0757721
OS 4.4255959 2.0758554
OS 4.4242631 2.076022
OS 4.422847 2.0762719
OS 4.4212643 2.0766051
OS 4.419515 2.0770216
OS 4.4177657 2.0776047
OS 4.4160164 2.0782711
OS 4.4141838 2.0790208
OS 4.4124345 2.0800204
OS 4.4106852 2.0811033
OS 4.4091025 2.0823528
OS 4.4075198 2.0837689
OS 4.4074365 2.0838522
OS 4.4071866 2.0841854
OS 4.4067701 2.0846019
OS 4.4062703 2.0852683
OS 4.4056872 2.0861013
OS 4.4050208 2.0871009
OS 4.4042711 2.0883504
OS 4.4036047 2.0896832
OS 4.402855 2.0912659
OS 4.4021053 2.0930152
OS 4.4014389 2.0948478
OS 4.4008558 2.0969303
OS 4.400356 2.0991794
OS 4.3999395 2.1015951
OS 4.3996896 2.1040941
OS 4.3996063 2.106843
OS 4.3996063 2.1069263
OS 4.3996063 2.1070096
OS 4.3996063 2.1075094
OS 4.3996896 2.1082591
OS 4.3997729 2.1092587
OS 4.3998562 2.1104249
OS 4.4000228 2.111841
OS 4.4002727 2.1134237
OS 4.4006059 2.1150897
OS 4.4010224 2.116839
OS 4.4015222 2.1187549
OS 4.4021886 2.1205875
OS 4.4029383 2.1225034
OS 4.4038546 2.1244193
OS 4.4049375 2.1262519
OS 4.4061037 2.1280012
OS 4.4075198 2.1296672
OS 4.4076031 2.1297505
OS 4.407853 2.1300004
OS 4.4083528 2.1305002
OS 4.4090192 2.131
OS 4.4097689 2.1316664
OS 4.4107685 2.1324161
OS 4.4119347 2.1331658
OS 4.4131842 2.1339988
OS 4.4146836 2.1347485
OS 4.4162663 2.1354982
OS 4.4180156 2.1362479
OS 4.4199315 2.1369143
OS 4.422014 2.1374974
OS 4.4241798 2.1379139
OS 4.4265122 2.1381638
OS 4.4290112 2.1382471
OS 4.4302607 2.1382471
OS 4.431177 2.1381638
OE
SE
S P 0
OB 4.5188825 1.5261322 I
OS 4.5197988 1.5260489
OS 4.5207984 1.5259656
OS 4.5219646 1.525799
OS 4.5232141 1.5256324
OS 4.5257964 1.5250493
OS 4.5272125 1.5246328
OS 4.5285453 1.5242163
OS 4.5298781 1.5236332
OS 4.5311276 1.5229668
OS 4.5322938 1.5222171
OS 4.5333767 1.5213841
OS 4.53346 1.5213008
OS 4.5336266 1.5211342
OS 4.5338765 1.5208843
OS 4.534293 1.5205511
OS 4.5347095 1.5200513
OS 4.535126 1.5194682
OS 4.5356258 1.5187185
OS 4.5362089 1.5179688
OS 4.5367087 1.5170525
OS 4.5372085 1.5160529
OS 4.537625 1.5148867
OS 4.5381248 1.5137205
OS 4.538458 1.512471
OS 4.5387079 1.5110549
OS 4.5388745 1.5095555
OS 4.5389578 1.5079728
OS 4.5389578 1.5078895
OS 4.5389578 1.5077229
OS 4.5389578 1.507473
OS 4.5389578 1.5070565
OS 4.5388745 1.5065567
OS 4.5387912 1.5059736
OS 4.5386246 1.5046408
OS 4.5382914 1.5029748
OS 4.5378749 1.5012255
OS 4.5372085 1.4993096
OS 4.5363755 1.4973937
OS 4.5363755 1.4973104
OS 4.5362922 1.4971438
OS 4.5361256 1.4968939
OS 4.5358757 1.4964774
OS 4.5356258 1.4960609
OS 4.5352926 1.4954778
OS 4.5343763 1.494145
OS 4.5332101 1.492479
OS 4.531794 1.4906464
OS 4.5300447 1.4886472
OS 4.5280455 1.4864814
OS 4.5278789 1.4863148
OS 4.5274624 1.4858983
OS 4.5267127 1.4851486
OS 4.5257964 1.4843156
OS 4.5247135 1.483316
OS 4.5235473 1.4822331
OS 4.520965 1.479984
OS 4.5207984 1.4799007
OS 4.5203819 1.4795675
OS 4.5197988 1.4790677
OS 4.5190491 1.4784846
OS 4.5173831 1.4771518
OS 4.5166334 1.4765687
OS 4.515967 1.4760689
OS 4.5416234 1.4760689
OS 4.5416234 1.4647401
OS 4.4973078 1.4647401
OS 4.4973078 1.4744862
OS 4.4973911 1.4745695
OS 4.4975577 1.4746528
OS 4.4978909 1.4749027
OS 4.4982241 1.4752359
OS 4.4987239 1.4756524
OS 4.499307 1.4761522
OS 4.5006398 1.4772351
OS 4.5022225 1.4784846
OS 4.5038885 1.4799007
OS 4.5056378 1.4814001
OS 4.5073871 1.4828995
OS 4.5074704 1.4829828
OS 4.5075537 1.4830661
OS 4.5078036 1.483316
OS 4.5081368 1.4835659
OS 4.5089698 1.4843156
OS 4.5100527 1.4853152
OS 4.5113022 1.4864814
OS 4.512635 1.4878142
OS 4.5139678 1.489147
OS 4.5153006 1.4904798
OS 4.5153839 1.4905631
OS 4.5154672 1.4907297
OS 4.5157171 1.4908963
OS 4.5160503 1.4912295
OS 4.5168 1.4921458
OS 4.5177996 1.4932287
OS 4.5187992 1.4945615
OS 4.5198821 1.4958943
OS 4.5208817 1.4973104
OS 4.5217147 1.4986432
OS 4.521798 1.4988098
OS 4.5220479 1.4992263
OS 4.5223811 1.499976
OS 4.5227143 1.5008923
OS 4.5230475 1.5019752
OS 4.5233807 1.5031414
OS 4.5236306 1.5044742
OS 4.5237139 1.5058903
OS 4.5237139 1.5059736
OS 4.5237139 1.5060569
OS 4.5237139 1.5065567
OS 4.5235473 1.5073897
OS 4.5233807 1.508306
OS 4.5230475 1.5093056
OS 4.522631 1.5103885
OS 4.5219646 1.5114714
OS 4.5211316 1.5123877
OS 4.5210483 1.512471
OS 4.5207151 1.5127209
OS 4.520132 1.5131374
OS 4.519299 1.5135539
OS 4.5182994 1.5138871
OS 4.5171332 1.5143036
OS 4.5157171 1.5145535
OS 4.5141344 1.5146368
OS 4.5133014 1.5146368
OS 4.5127183 1.5145535
OS 4.5120519 1.5144702
OS 4.5113855 1.5143869
OS 4.5098028 1.5140537
OS 4.5097195 1.5140537
OS 4.5094696 1.5139704
OS 4.5090531 1.5138038
OS 4.50847 1.5136372
OS 4.5078869 1.5134706
OS 4.5071372 1.5131374
OS 4.5056378 1.5125543
OS 4.5055545 1.5125543
OS 4.5053046 1.5123877
OS 4.5048881 1.5122211
OS 4.5043883 1.5119712
OS 4.5032221 1.5113881
OS 4.5020559 1.5106384
OS 4.5019726 1.5106384
OS 4.501806 1.5104718
OS 4.5013062 1.5101386
OS 4.5005565 1.5097221
OS 4.4999734 1.5093056
OS 4.4988072 1.5093056
OS 4.4988072 1.5223837
OS 4.4988905 1.522467
OS 4.499307 1.5226336
OS 4.4998901 1.5228835
OS 4.5007231 1.5231334
OS 4.501806 1.5235499
OS 4.5032221 1.5239664
OS 4.5048048 1.5243829
OS 4.5067207 1.5248827
OS 4.506804 1.5248827
OS 4.5069706 1.524966
OS 4.5072205 1.5250493
OS 4.507637 1.5251326
OS 4.5081368 1.5252159
OS 4.5087199 1.5252992
OS 4.5100527 1.5255491
OS 4.5116354 1.525799
OS 4.5133847 1.5260489
OS 4.5152173 1.5261322
OS 4.5171332 1.5262155
OS 4.5181328 1.5262155
OS 4.5188825 1.5261322
OE
OB 4.4703186 1.5261322 I
OS 4.4713182 1.5261322
OS 4.4724011 1.5260489
OS 4.4745669 1.525799
OS 4.4747335 1.525799
OS 4.4750667 1.5257157
OS 4.4756498 1.5256324
OS 4.4763995 1.5254658
OS 4.4772325 1.5252992
OS 4.4781488 1.5251326
OS 4.480148 1.5246328
OS 4.4802313 1.5246328
OS 4.4804812 1.5245495
OS 4.4808977 1.5243829
OS 4.4814808 1.5242163
OS 4.4821472 1.5239664
OS 4.4828969 1.5237165
OS 4.4845629 1.5229668
OS 4.4846462 1.5228835
OS 4.4849794 1.5228002
OS 4.4853959 1.5226336
OS 4.485979 1.5223837
OS 4.4873118 1.5218006
OS 4.4879782 1.5214674
OS 4.4885613 1.5211342
OS 4.4885613 1.5068899
OS 4.4869786 1.5068899
OS 4.4868953 1.5069732
OS 4.486812 1.5070565
OS 4.4865621 1.5072231
OS 4.4862289 1.5075563
OS 4.4853959 1.5082227
OS 4.4842297 1.509139
OS 4.4841464 1.5092223
OS 4.4839798 1.5093889
OS 4.4835633 1.5096388
OS 4.4831468 1.509972
OS 4.4825637 1.5103885
OS 4.4819806 1.510805
OS 4.4804812 1.5118046
OS 4.4803979 1.5118879
OS 4.480148 1.5120545
OS 4.4796482 1.5122211
OS 4.4791484 1.5125543
OS 4.4783987 1.5128875
OS 4.477649 1.5132207
OS 4.4767327 1.5136372
OS 4.4758164 1.5139704
OS 4.4757331 1.5140537
OS 4.4753999 1.514137
OS 4.4749001 1.5143036
OS 4.4742337 1.5144702
OS 4.4734007 1.5146368
OS 4.4725677 1.5147201
OS 4.4715681 1.5148867
OS 4.4699854 1.5148867
OS 4.4694023 1.5148034
OS 4.4685693 1.5147201
OS 4.467653 1.5146368
OS 4.4666534 1.5144702
OS 4.4656538 1.514137
OS 4.4645709 1.5138038
OS 4.4644876 1.5137205
OS 4.4641544 1.5136372
OS 4.4635713 1.5133873
OS 4.4629049 1.5129708
OS 4.4621552 1.512471
OS 4.4612389 1.5118879
OS 4.4603226 1.5111382
OS 4.4594063 1.5102219
OS 4.459323 1.5101386
OS 4.4590731 1.5098054
OS 4.4586566 1.5093056
OS 4.4580735 1.5086392
OS 4.4574904 1.5077229
OS 4.4569073 1.50664
OS 4.4563242 1.5053905
OS 4.4557411 1.5039744
OS 4.4557411 1.5038911
OS 4.4556578 1.5038078
OS 4.4555745 1.5035579
OS 4.4554912 1.503308
OS 4.4553246 1.502475
OS 4.4550747 1.5013921
OS 4.4547415 1.499976
OS 4.4545749 1.4983933
OS 4.4544083 1.496644
OS 4.454325 1.4947281
OS 4.454325 1.4946448
OS 4.454325 1.4944782
OS 4.454325 1.4942283
OS 4.454325 1.4938118
OS 4.4544083 1.493312
OS 4.4544083 1.4927289
OS 4.4544916 1.4914794
OS 4.4546582 1.48998
OS 4.4549081 1.4883973
OS 4.4552413 1.4868146
OS 4.4557411 1.4853152
OS 4.4558244 1.4851486
OS 4.455991 1.4846488
OS 4.4563242 1.4839824
OS 4.456824 1.4831494
OS 4.4573238 1.4821498
OS 4.4579902 1.4810669
OS 4.4588232 1.4800673
OS 4.4596562 1.479151
OS 4.4597395 1.4790677
OS 4.4600727 1.4788178
OS 4.4605725 1.4784013
OS 4.4612389 1.4779015
OS 4.4619886 1.4774017
OS 4.4629049 1.4768186
OS 4.4639045 1.4763188
OS 4.4649041 1.4759023
OS 4.4650707 1.4759023
OS 4.4654039 1.4757357
OS 4.465987 1.4755691
OS 4.4667367 1.4754025
OS 4.4675697 1.4752359
OS 4.4685693 1.4750693
OS 4.4695689 1.474986
OS 4.4706518 1.4749027
OS 4.4711516 1.4749027
OS 4.4717347 1.474986
OS 4.4724844 1.474986
OS 4.4733174 1.4751526
OS 4.474317 1.4753192
OS 4.4753166 1.4754858
OS 4.4763162 1.475819
OS 4.4763995 1.4759023
OS 4.476816 1.4759856
OS 4.4773158 1.4762355
OS 4.4778989 1.4764854
OS 4.4786486 1.4768186
OS 4.4793983 1.4771518
OS 4.480148 1.4776516
OS 4.4808977 1.4780681
OS 4.480981 1.4781514
OS 4.4812309 1.478318
OS 4.4816474 1.4785679
OS 4.4821472 1.4788178
OS 4.4833134 1.4796508
OS 4.4844796 1.4805671
OS 4.4845629 1.4806504
OS 4.4847295 1.480817
OS 4.4849794 1.4809836
OS 4.4853959 1.4813168
OS 4.4862289 1.4820665
OS 4.4871452 1.4828995
OS 4.4885613 1.4828995
OS 4.4885613 1.4687385
OS 4.488478 1.4687385
OS 4.4882281 1.4685719
OS 4.4878949 1.4684053
OS 4.4874784 1.4682387
OS 4.4868953 1.4679055
OS 4.4862289 1.4676556
OS 4.4846462 1.4669059
OS 4.4845629 1.4669059
OS 4.484313 1.4667393
OS 4.4838132 1.4665727
OS 4.4833134 1.4663228
OS 4.482647 1.4660729
OS 4.4818973 1.465823
OS 4.4802313 1.4652399
OS 4.480148 1.4652399
OS 4.4797315 1.4651566
OS 4.4792317 1.46499
OS 4.478482 1.4648234
OS 4.477649 1.4646568
OS 4.476816 1.4644069
OS 4.4749001 1.4640737
OS 4.4748168 1.4640737
OS 4.4744836 1.4639904
OS 4.4739005 1.4639071
OS 4.4731508 1.4638238
OS 4.4722345 1.4637405
OS 4.4710683 1.4636572
OS 4.4696522 1.4635739
OS 4.4675697 1.4635739
OS 4.46682 1.4636572
OS 4.4659037 1.4637405
OS 4.4647375 1.4638238
OS 4.4634047 1.4639904
OS 4.4619886 1.4642403
OS 4.4604059 1.4645735
OS 4.4586566 1.46499
OS 4.4569073 1.4655731
OS 4.455158 1.4662395
OS 4.4533254 1.4669892
OS 4.4515761 1.4679888
OS 4.4498268 1.4690717
OS 4.4482441 1.4703212
OS 4.4466614 1.4717373
OS 4.4465781 1.4718206
OS 4.4463282 1.4721538
OS 4.4459117 1.4725703
OS 4.4454119 1.4732367
OS 4.4448288 1.4740697
OS 4.4441624 1.4750693
OS 4.4434127 1.4763188
OS 4.4427463 1.4776516
OS 4.4419966 1.4792343
OS 4.4412469 1.4809836
OS 4.4405805 1.4828162
OS 4.4399974 1.4848987
OS 4.4394976 1.4871478
OS 4.4390811 1.4895635
OS 4.4388312 1.4920625
OS 4.4387479 1.4948114
OS 4.4387479 1.4948947
OS 4.4387479 1.494978
OS 4.4387479 1.4954778
OS 4.4388312 1.4962275
OS 4.4389145 1.4972271
OS 4.4389978 1.4983933
OS 4.4391644 1.4998094
OS 4.4394143 1.5013921
OS 4.4397475 1.5030581
OS 4.440164 1.5048074
OS 4.4406638 1.5067233
OS 4.4413302 1.5085559
OS 4.4420799 1.5104718
OS 4.4429962 1.5123877
OS 4.4440791 1.5142203
OS 4.4452453 1.5159696
OS 4.4466614 1.5176356
OS 4.4467447 1.5177189
OS 4.4469946 1.5179688
OS 4.4474944 1.5184686
OS 4.4481608 1.5189684
OS 4.4489105 1.5196348
OS 4.4499101 1.5203845
OS 4.4510763 1.5211342
OS 4.4523258 1.5219672
OS 4.4538252 1.5227169
OS 4.4554079 1.5234666
OS 4.4571572 1.5242163
OS 4.4590731 1.5248827
OS 4.4611556 1.5254658
OS 4.4633214 1.5258823
OS 4.4656538 1.5261322
OS 4.4681528 1.5262155
OS 4.4694023 1.5262155
OS 4.4703186 1.5261322
OE
SE
S P 0
OB 4.5894247 1.1598173 I
OS 4.590341 1.159734
OS 4.5913406 1.1596507
OS 4.5925068 1.1594841
OS 4.5937563 1.1593175
OS 4.5963386 1.1587344
OS 4.5977547 1.1583179
OS 4.5990875 1.1579014
OS 4.6004203 1.1573183
OS 4.6016698 1.1566519
OS 4.602836 1.1559022
OS 4.6039189 1.1550692
OS 4.6040022 1.1549859
OS 4.6041688 1.1548193
OS 4.6044187 1.1545694
OS 4.6048352 1.1542362
OS 4.6052517 1.1537364
OS 4.6056682 1.1531533
OS 4.606168 1.1524036
OS 4.6067511 1.1516539
OS 4.6072509 1.1507376
OS 4.6077507 1.149738
OS 4.6081672 1.1485718
OS 4.608667 1.1474056
OS 4.6090002 1.1461561
OS 4.6092501 1.14474
OS 4.6094167 1.1432406
OS 4.6095 1.1416579
OS 4.6095 1.1415746
OS 4.6095 1.141408
OS 4.6095 1.1411581
OS 4.6095 1.1407416
OS 4.6094167 1.1402418
OS 4.6093334 1.1396587
OS 4.6091668 1.1383259
OS 4.6088336 1.1366599
OS 4.6084171 1.1349106
OS 4.6077507 1.1329947
OS 4.6069177 1.1310788
OS 4.6069177 1.1309955
OS 4.6068344 1.1308289
OS 4.6066678 1.130579
OS 4.6064179 1.1301625
OS 4.606168 1.129746
OS 4.6058348 1.1291629
OS 4.6049185 1.1278301
OS 4.6037523 1.1261641
OS 4.6023362 1.1243315
OS 4.6005869 1.1223323
OS 4.5985877 1.1201665
OS 4.5984211 1.1199999
OS 4.5980046 1.1195834
OS 4.5972549 1.1188337
OS 4.5963386 1.1180007
OS 4.5952557 1.1170011
OS 4.5940895 1.1159182
OS 4.5915072 1.1136691
OS 4.5913406 1.1135858
OS 4.5909241 1.1132526
OS 4.590341 1.1127528
OS 4.5895913 1.1121697
OS 4.5879253 1.1108369
OS 4.5871756 1.1102538
OS 4.5865092 1.109754
OS 4.6121656 1.109754
OS 4.6121656 1.0984252
OS 4.56785 1.0984252
OS 4.56785 1.1081713
OS 4.5679333 1.1082546
OS 4.5680999 1.1083379
OS 4.5684331 1.1085878
OS 4.5687663 1.108921
OS 4.5692661 1.1093375
OS 4.5698492 1.1098373
OS 4.571182 1.1109202
OS 4.5727647 1.1121697
OS 4.5744307 1.1135858
OS 4.57618 1.1150852
OS 4.5779293 1.1165846
OS 4.5780126 1.1166679
OS 4.5780959 1.1167512
OS 4.5783458 1.1170011
OS 4.578679 1.117251
OS 4.579512 1.1180007
OS 4.5805949 1.1190003
OS 4.5818444 1.1201665
OS 4.5831772 1.1214993
OS 4.58451 1.1228321
OS 4.5858428 1.1241649
OS 4.5859261 1.1242482
OS 4.5860094 1.1244148
OS 4.5862593 1.1245814
OS 4.5865925 1.1249146
OS 4.5873422 1.1258309
OS 4.5883418 1.1269138
OS 4.5893414 1.1282466
OS 4.5904243 1.1295794
OS 4.5914239 1.1309955
OS 4.5922569 1.1323283
OS 4.5923402 1.1324949
OS 4.5925901 1.1329114
OS 4.5929233 1.1336611
OS 4.5932565 1.1345774
OS 4.5935897 1.1356603
OS 4.5939229 1.1368265
OS 4.5941728 1.1381593
OS 4.5942561 1.1395754
OS 4.5942561 1.1396587
OS 4.5942561 1.139742
OS 4.5942561 1.1402418
OS 4.5940895 1.1410748
OS 4.5939229 1.1419911
OS 4.5935897 1.1429907
OS 4.5931732 1.1440736
OS 4.5925068 1.1451565
OS 4.5916738 1.1460728
OS 4.5915905 1.1461561
OS 4.5912573 1.146406
OS 4.5906742 1.1468225
OS 4.5898412 1.147239
OS 4.5888416 1.1475722
OS 4.5876754 1.1479887
OS 4.5862593 1.1482386
OS 4.5846766 1.1483219
OS 4.5838436 1.1483219
OS 4.5832605 1.1482386
OS 4.5825941 1.1481553
OS 4.5819277 1.148072
OS 4.580345 1.1477388
OS 4.5802617 1.1477388
OS 4.5800118 1.1476555
OS 4.5795953 1.1474889
OS 4.5790122 1.1473223
OS 4.5784291 1.1471557
OS 4.5776794 1.1468225
OS 4.57618 1.1462394
OS 4.5760967 1.1462394
OS 4.5758468 1.1460728
OS 4.5754303 1.1459062
OS 4.5749305 1.1456563
OS 4.5737643 1.1450732
OS 4.5725981 1.1443235
OS 4.5725148 1.1443235
OS 4.5723482 1.1441569
OS 4.5718484 1.1438237
OS 4.5710987 1.1434072
OS 4.5705156 1.1429907
OS 4.5693494 1.1429907
OS 4.5693494 1.1560688
OS 4.5694327 1.1561521
OS 4.5698492 1.1563187
OS 4.5704323 1.1565686
OS 4.5712653 1.1568185
OS 4.5723482 1.157235
OS 4.5737643 1.1576515
OS 4.575347 1.158068
OS 4.5772629 1.1585678
OS 4.5773462 1.1585678
OS 4.5775128 1.1586511
OS 4.5777627 1.1587344
OS 4.5781792 1.1588177
OS 4.578679 1.158901
OS 4.5792621 1.1589843
OS 4.5805949 1.1592342
OS 4.5821776 1.1594841
OS 4.5839269 1.159734
OS 4.5857595 1.1598173
OS 4.5876754 1.1599006
OS 4.588675 1.1599006
OS 4.5894247 1.1598173
OE
OB 4.5350298 1.1585678 I
OS 4.5363626 1.1584845
OS 4.5377787 1.1584012
OS 4.5392781 1.1582346
OS 4.5406942 1.1579847
OS 4.5408608 1.1579847
OS 4.5413606 1.1578181
OS 4.542027 1.1576515
OS 4.5429433 1.1574016
OS 4.5440262 1.1570684
OS 4.5451924 1.1566519
OS 4.5464419 1.1560688
OS 4.5476081 1.1554024
OS 4.5477747 1.1553191
OS 4.5481079 1.1550692
OS 4.5487743 1.1545694
OS 4.5494407 1.1539863
OS 4.5502737 1.1532366
OS 4.55119 1.1523203
OS 4.552023 1.1513207
OS 4.5527727 1.1501545
OS 4.552856 1.1499879
OS 4.5531059 1.1495714
OS 4.5533558 1.148905
OS 4.5537723 1.1479887
OS 4.5541055 1.1468225
OS 4.5543554 1.1454064
OS 4.5546053 1.1438237
OS 4.5546886 1.1420744
OS 4.5546886 1.1419911
OS 4.5546886 1.1417412
OS 4.5546886 1.141408
OS 4.5546053 1.1409082
OS 4.5546053 1.1403251
OS 4.554522 1.1396587
OS 4.5542721 1.138076
OS 4.5539389 1.1363267
OS 4.5533558 1.1344108
OS 4.5526061 1.1325782
OS 4.5515232 1.1308289
OS 4.5515232 1.1307456
OS 4.5513566 1.1306623
OS 4.55119 1.1304124
OS 4.5509401 1.1300792
OS 4.5502737 1.1293295
OS 4.5493574 1.1283299
OS 4.5481079 1.127247
OS 4.5466918 1.1261641
OS 4.5450258 1.1249979
OS 4.5431932 1.1239983
OS 4.5635184 1.0984252
OS 4.5450258 1.0984252
OS 4.5282825 1.1204997
OS 4.5229513 1.1204997
OS 4.5229513 1.0984252
OS 4.507874 1.0984252
OS 4.507874 1.1586511
OS 4.5337803 1.1586511
OS 4.5350298 1.1585678
OE
OB 4.5296986 1.1476555 H
OS 4.5229513 1.1476555
OS 4.5229513 1.1313287
OS 4.5282825 1.1313287
OS 4.5290322 1.131412
OS 4.5298652 1.131412
OS 4.5307815 1.1314953
OS 4.5316978 1.1315786
OS 4.5325308 1.1316619
OS 4.5326141 1.1316619
OS 4.532864 1.1317452
OS 4.5332805 1.1318285
OS 4.5337803 1.1319951
OS 4.5350298 1.1325782
OS 4.536196 1.1333279
OS 4.5362793 1.1334112
OS 4.5364459 1.1335778
OS 4.5366958 1.1337444
OS 4.537029 1.1340776
OS 4.5377787 1.1349939
OS 4.5383618 1.1360768
OS 4.5383618 1.1361601
OS 4.5384451 1.1363267
OS 4.5386117 1.1367432
OS 4.5387783 1.1371597
OS 4.5388616 1.1378261
OS 4.5390282 1.1384925
OS 4.5391115 1.1393255
OS 4.5391115 1.1402418
OS 4.5391115 1.1403251
OS 4.5391115 1.1406583
OS 4.5390282 1.1410748
OS 4.5390282 1.1415746
OS 4.538695 1.1428241
OS 4.5385284 1.1434905
OS 4.5381952 1.1441569
OS 4.5381952 1.1442402
OS 4.5380286 1.1444068
OS 4.537862 1.14474
OS 4.5375288 1.1450732
OS 4.5371123 1.1454897
OS 4.5366125 1.1459062
OS 4.5360294 1.1463227
OS 4.535363 1.1466559
OS 4.5352797 1.1466559
OS 4.5351131 1.1467392
OS 4.5348632 1.1469058
OS 4.5344467 1.1469891
OS 4.5334471 1.1473223
OS 4.5321976 1.1474889
OS 4.5318644 1.1474889
OS 4.5315312 1.1475722
OS 4.530365 1.1475722
OS 4.5296986 1.1476555
OE
SE
S P 0
OB 4.7056014 4.0672976 I
OS 4.7065177 4.0672143
OS 4.7076839 4.067131
OS 4.7090167 4.0669644
OS 4.7104328 4.0667145
OS 4.7120155 4.066298
OS 4.7136815 4.0658815
OS 4.7154308 4.0652984
OS 4.7171801 4.064632
OS 4.7190127 4.063799
OS 4.720762 4.0628827
OS 4.722428 4.0617165
OS 4.724094 4.060467
OS 4.7255934 4.0589676
OS 4.7256767 4.0588843
OS 4.7259266 4.0585511
OS 4.7263431 4.0581346
OS 4.7268429 4.0574682
OS 4.727426 4.0565519
OS 4.7280924 4.0555523
OS 4.7287588 4.0543028
OS 4.7295085 4.05297
OS 4.7302582 4.0513873
OS 4.7309246 4.049638
OS 4.731591 4.0478054
OS 4.7321741 4.0457229
OS 4.7326739 4.0434738
OS 4.7330904 4.0411414
OS 4.7333403 4.0386424
OS 4.7334236 4.0359768
OS 4.7334236 4.0358935
OS 4.7334236 4.035477
OS 4.7334236 4.0349772
OS 4.7333403 4.0342275
OS 4.733257 4.0333112
OS 4.7331737 4.0322283
OS 4.7330904 4.0309788
OS 4.7328405 4.0297293
OS 4.7325906 4.0283132
OS 4.7323407 4.0268138
OS 4.7315077 4.0237317
OS 4.7310079 4.022149
OS 4.7304248 4.0206496
OS 4.7297584 4.0191502
OS 4.7289254 4.0176508
OS 4.7288421 4.0175675
OS 4.7287588 4.0173176
OS 4.7285089 4.0169011
OS 4.7280924 4.0164013
OS 4.7276759 4.0158182
OS 4.7270928 4.0150685
OS 4.7264264 4.0143188
OS 4.72576 4.0134858
OS 4.724927 4.0125695
OS 4.7239274 4.0117365
OS 4.7229278 4.0108202
OS 4.7218449 4.0099039
OS 4.7205954 4.0090709
OS 4.7193459 4.0082379
OS 4.7180131 4.0075715
OS 4.7165137 4.0069051
OS 4.7165137 4.0068218
OS 4.7165137 4.0067385
OS 4.7165137 4.0062387
OS 4.716597 4.005489
OS 4.7167636 4.0045727
OS 4.7170135 4.0035731
OS 4.7173467 4.0025735
OS 4.7177632 4.0016572
OS 4.7184296 4.0009075
OS 4.7185129 4.0008242
OS 4.7188461 4.0006576
OS 4.7192626 4.0003244
OS 4.7200123 4.0000745
OS 4.7208453 3.9997413
OS 4.7220115 3.9994081
OS 4.7234276 3.9992415
OS 4.7250103 3.9991582
OS 4.7256767 3.9991582
OS 4.7261765 3.9992415
OS 4.7267596 3.9993248
OS 4.727426 3.9994081
OS 4.7288421 3.9997413
OS 4.7289254 3.9997413
OS 4.7291753 3.9998246
OS 4.7295918 3.9999912
OS 4.7300083 4.0000745
OS 4.7310079 4.0004077
OS 4.7314244 4.0005743
OS 4.7318409 4.0007409
OS 4.7333403 4.0007409
OS 4.7333403 3.9900785
OS 4.733257 3.9900785
OS 4.7329238 3.9899952
OS 4.732424 3.9898286
OS 4.7317576 3.9897453
OS 4.7310079 3.9895787
OS 4.7301749 3.9894121
OS 4.7284256 3.9891622
OS 4.7283423 3.9891622
OS 4.7280091 3.9890789
OS 4.727426 3.9890789
OS 4.726593 3.9889956
OS 4.7255101 3.9889123
OS 4.7241773 3.9889123
OS 4.7225946 3.988829
OS 4.7200123 3.988829
OS 4.719096 3.9889123
OS 4.7180131 3.9889956
OS 4.7166803 3.9891622
OS 4.7153475 3.9893288
OS 4.7140147 3.989662
OS 4.7126819 3.9900785
OS 4.7125153 3.9901618
OS 4.7120988 3.9903284
OS 4.7115157 3.9905783
OS 4.710766 3.9909115
OS 4.7098497 3.9914113
OS 4.7089334 3.9919944
OS 4.7080171 3.9926608
OS 4.7071841 3.9934105
OS 4.7071008 3.9934938
OS 4.7068509 3.993827
OS 4.7064344 3.9942435
OS 4.7059346 3.9949099
OS 4.7053515 3.9956596
OS 4.7047684 3.9964926
OS 4.7042686 3.9974922
OS 4.7037688 3.9985751
OS 4.7036855 3.9987417
OS 4.7036022 3.9990749
OS 4.7034356 3.999658
OS 4.7031857 4.000491
OS 4.7030191 4.0014073
OS 4.7028525 4.0024069
OS 4.7026859 4.0035731
OS 4.7026026 4.0048226
OS 4.702436 4.0048226
OS 4.7020195 4.0049059
OS 4.7013531 4.0049059
OS 4.7005201 4.0050725
OS 4.6994372 4.0052391
OS 4.6981877 4.0054057
OS 4.6967716 4.0057389
OS 4.6952722 4.0061554
OS 4.6936895 4.0066552
OS 4.6920235 4.0072383
OS 4.6903575 4.007988
OS 4.6886915 4.008821
OS 4.6870255 4.0097373
OS 4.6854428 4.0109035
OS 4.6838601 4.0122363
OS 4.682444 4.0136524
OS 4.6823607 4.0137357
OS 4.6821108 4.0140689
OS 4.6817776 4.0144854
OS 4.6812778 4.0151518
OS 4.680778 4.0159848
OS 4.6801949 4.0169844
OS 4.6795285 4.0181506
OS 4.6788621 4.0195667
OS 4.6781124 4.0210661
OS 4.6775293 4.0227321
OS 4.6768629 4.0245647
OS 4.6763631 4.0265639
OS 4.6758633 4.0287297
OS 4.6755301 4.0309788
OS 4.6752802 4.0333945
OS 4.6751969 4.0359768
OS 4.6751969 4.0360601
OS 4.6751969 4.0361434
OS 4.6751969 4.0366432
OS 4.6752802 4.0373929
OS 4.6752802 4.0383925
OS 4.6754468 4.0395587
OS 4.6756134 4.0409748
OS 4.6758633 4.0425575
OS 4.6761965 4.0443068
OS 4.676613 4.0460561
OS 4.6771128 4.047972
OS 4.6776959 4.0498046
OS 4.6784456 4.0517205
OS 4.6793619 4.0536364
OS 4.6803615 4.055469
OS 4.681611 4.0572183
OS 4.6829438 4.0588843
OS 4.6830271 4.0589676
OS 4.683277 4.0592175
OS 4.6837768 4.059634
OS 4.6843599 4.0602171
OS 4.6851929 4.0608835
OS 4.6861092 4.0615499
OS 4.6872754 4.0623829
OS 4.6885249 4.0631326
OS 4.689941 4.0639656
OS 4.6915237 4.0647153
OS 4.693273 4.0653817
OS 4.6951889 4.0660481
OS 4.6972714 4.0666312
OS 4.6994372 4.0670477
OS 4.7017696 4.0672976
OS 4.7042686 4.0673809
OS 4.7048517 4.0673809
OS 4.7056014 4.0672976
OE
OB 4.7645778 4.0672976 I
OS 4.7659106 4.0672143
OS 4.76741 4.0670477
OS 4.769076 4.0668811
OS 4.770742 4.0665479
OS 4.7723247 4.0661314
OS 4.772408 4.0661314
OS 4.7724913 4.0660481
OS 4.7729911 4.0658815
OS 4.7738241 4.0656316
OS 4.7747404 4.0652984
OS 4.7758233 4.0648819
OS 4.7769895 4.0643821
OS 4.7780724 4.0637157
OS 4.7791553 4.0630493
OS 4.7792386 4.062966
OS 4.7795718 4.0627161
OS 4.7800716 4.0622996
OS 4.780738 4.0617165
OS 4.7814044 4.0609668
OS 4.7820708 4.0601338
OS 4.7827372 4.0592175
OS 4.7833203 4.0582179
OS 4.7834036 4.0580513
OS 4.7835702 4.0577181
OS 4.7838201 4.057135
OS 4.78407 4.0563853
OS 4.7843199 4.055469
OS 4.7845698 4.0544694
OS 4.7847364 4.0533032
OS 4.7848197 4.052137
OS 4.7848197 4.0520537
OS 4.7848197 4.0519704
OS 4.7848197 4.0517205
OS 4.7848197 4.0513873
OS 4.7846531 4.0506376
OS 4.7844865 4.0495547
OS 4.7842366 4.0483885
OS 4.7837368 4.0470557
OS 4.7831537 4.0457229
OS 4.7823207 4.0443901
OS 4.7822374 4.0442235
OS 4.7818209 4.043807
OS 4.7812378 4.0432239
OS 4.7804048 4.0423909
OS 4.7793219 4.0414746
OS 4.7780724 4.0405583
OS 4.7764897 4.0395587
OS 4.7746571 4.0386424
OS 4.7746571 4.0383925
OS 4.7747404 4.0383925
OS 4.774907 4.0383092
OS 4.7752402 4.0381426
OS 4.7756567 4.037976
OS 4.7761565 4.0377261
OS 4.7767396 4.0373929
OS 4.7779891 4.0367265
OS 4.7794885 4.0357269
OS 4.7809046 4.034644
OS 4.7823207 4.0333945
OS 4.7834869 4.0319784
OS 4.7834869 4.0318951
OS 4.7835702 4.0318118
OS 4.7837368 4.0315619
OS 4.7839034 4.031312
OS 4.7844032 4.030479
OS 4.784903 4.0293128
OS 4.7854028 4.02798
OS 4.7859026 4.0263973
OS 4.7862358 4.0245647
OS 4.7863191 4.0225655
OS 4.7863191 4.0223989
OS 4.7863191 4.0218991
OS 4.7862358 4.0211494
OS 4.7861525 4.0202331
OS 4.7859026 4.0191502
OS 4.7856527 4.0179007
OS 4.7852362 4.0166512
OS 4.7846531 4.0154017
OS 4.7845698 4.0152351
OS 4.7843199 4.0148186
OS 4.7839867 4.0142355
OS 4.7834869 4.0134025
OS 4.7828205 4.0125695
OS 4.7819875 4.0115699
OS 4.7810712 4.0105703
OS 4.7799883 4.009654
OS 4.7798217 4.0095707
OS 4.7794885 4.0092375
OS 4.7788221 4.008821
OS 4.7779058 4.0082379
OS 4.7768229 4.0076548
OS 4.7755734 4.0069884
OS 4.774074 4.0064053
OS 4.7724913 4.0058222
OS 4.772408 4.0058222
OS 4.7723247 4.0057389
OS 4.7720748 4.0057389
OS 4.7717416 4.0056556
OS 4.7713251 4.005489
OS 4.7708253 4.0054057
OS 4.7695758 4.0051558
OS 4.7680764 4.0049059
OS 4.7664104 4.0047393
OS 4.7644945 4.0045727
OS 4.762412 4.0044894
OS 4.7614124 4.0044894
OS 4.7608293 4.0045727
OS 4.7602462 4.0045727
OS 4.7588301 4.004656
OS 4.7571641 4.0048226
OS 4.7553315 4.0050725
OS 4.7534989 4.0054057
OS 4.7517496 4.0059055
OS 4.7516663 4.0059055
OS 4.751583 4.0059888
OS 4.7513331 4.0060721
OS 4.7509999 4.0061554
OS 4.7501669 4.0064886
OS 4.7491673 4.0069051
OS 4.7480011 4.0074049
OS 4.7467516 4.0080713
OS 4.7455021 4.008821
OS 4.7443359 4.009654
OS 4.7441693 4.0097373
OS 4.7438361 4.0100705
OS 4.7433363 4.0105703
OS 4.7427532 4.0112367
OS 4.7420035 4.0120697
OS 4.7413371 4.012986
OS 4.7406707 4.0140689
OS 4.7400876 4.0152351
OS 4.7400043 4.0154017
OS 4.739921 4.0158182
OS 4.7396711 4.0164846
OS 4.7394212 4.0173176
OS 4.7391713 4.0183172
OS 4.7390047 4.0194834
OS 4.7388381 4.0207329
OS 4.7387548 4.0220657
OS 4.7387548 4.022149
OS 4.7387548 4.0223156
OS 4.7387548 4.0225655
OS 4.7388381 4.0228987
OS 4.7389214 4.0238983
OS 4.739088 4.0250645
OS 4.7394212 4.0263973
OS 4.739921 4.0278967
OS 4.7406707 4.0293128
OS 4.741587 4.0306456
OS 4.7417536 4.0308122
OS 4.7420868 4.0312287
OS 4.7427532 4.0318118
OS 4.7436695 4.0326448
OS 4.7448357 4.0335611
OS 4.7462518 4.0344774
OS 4.7479178 4.035477
OS 4.7498337 4.0363933
OS 4.7498337 4.0366432
OS 4.7497504 4.0366432
OS 4.7495838 4.0367265
OS 4.7493339 4.0368931
OS 4.7490007 4.037143
OS 4.7480011 4.0376428
OS 4.7469182 4.0383925
OS 4.7456687 4.0393088
OS 4.7444192 4.0403917
OS 4.7433363 4.0415579
OS 4.74242 4.0428907
OS 4.74242 4.042974
OS 4.7423367 4.0430573
OS 4.7420868 4.0435571
OS 4.7417536 4.0443068
OS 4.7414204 4.0453064
OS 4.7410039 4.0465559
OS 4.7406707 4.0478887
OS 4.7404208 4.0494714
OS 4.7403375 4.0511374
OS 4.7403375 4.051304
OS 4.7403375 4.0517205
OS 4.7404208 4.0523036
OS 4.7405041 4.0531366
OS 4.7406707 4.0540529
OS 4.7409206 4.0551358
OS 4.7412538 4.0562187
OS 4.7417536 4.0573016
OS 4.7418369 4.0574682
OS 4.7420035 4.0578014
OS 4.7423367 4.0583845
OS 4.7428365 4.0590509
OS 4.7434196 4.0598839
OS 4.7441693 4.0607169
OS 4.7450856 4.0616332
OS 4.7460852 4.0625495
OS 4.7462518 4.0626328
OS 4.746585 4.0628827
OS 4.7471681 4.0632992
OS 4.7480011 4.063799
OS 4.7490007 4.0643821
OS 4.7501669 4.0649652
OS 4.751583 4.0655483
OS 4.7530824 4.0660481
OS 4.7531657 4.0660481
OS 4.753249 4.0661314
OS 4.7534989 4.0662147
OS 4.7538321 4.066298
OS 4.7546651 4.0664646
OS 4.7558313 4.0667145
OS 4.7572474 4.0669644
OS 4.7589134 4.0672143
OS 4.7606627 4.0672976
OS 4.7625786 4.0673809
OS 4.7639947 4.0673809
OS 4.7645778 4.0672976
OE
OB 4.757414 4.032978 H
OS 4.7573307 4.0328947
OS 4.7571641 4.0327281
OS 4.7568309 4.0323949
OS 4.7564977 4.0318951
OS 4.7559979 4.031312
OS 4.7555814 4.0306456
OS 4.7550816 4.0298959
OS 4.7545818 4.0290629
OS 4.7544985 4.0289796
OS 4.7544152 4.0286464
OS 4.7542486 4.0282299
OS 4.7539987 4.0275635
OS 4.7537488 4.0268138
OS 4.7535822 4.0259808
OS 4.7534989 4.0249812
OS 4.7534156 4.0239816
OS 4.7534156 4.0238983
OS 4.7534156 4.023815
OS 4.7534989 4.0233152
OS 4.7535822 4.0225655
OS 4.7537488 4.0215659
OS 4.754082 4.0205663
OS 4.7545818 4.0194001
OS 4.7551649 4.0183172
OS 4.7560812 4.0173176
OS 4.7562478 4.0172343
OS 4.756581 4.0169011
OS 4.7571641 4.0165679
OS 4.7579971 4.0160681
OS 4.7589967 4.0156516
OS 4.7601629 4.0152351
OS 4.7614957 4.0149019
OS 4.7630784 4.0148186
OS 4.7634949 4.0148186
OS 4.7638281 4.0149019
OS 4.7646611 4.0149852
OS 4.765744 4.0151518
OS 4.7658273 4.0151518
OS 4.7659939 4.0152351
OS 4.7663271 4.0153184
OS 4.7666603 4.015485
OS 4.7675766 4.0158182
OS 4.7684929 4.016318
OS 4.7685762 4.0164013
OS 4.7687428 4.0164846
OS 4.7692426 4.0169844
OS 4.769909 4.0176508
OS 4.7705754 4.0185671
OS 4.7705754 4.0186504
OS 4.770742 4.018817
OS 4.7708253 4.0190669
OS 4.7709919 4.0194834
OS 4.7711585 4.0198999
OS 4.7712418 4.020483
OS 4.7714084 4.0211494
OS 4.7714084 4.0218991
OS 4.7714084 4.0220657
OS 4.7714084 4.0223989
OS 4.7713251 4.0228987
OS 4.7712418 4.0235651
OS 4.7710752 4.0243148
OS 4.7708253 4.0250645
OS 4.7704921 4.0258142
OS 4.7700756 4.0264806
OS 4.7699923 4.0265639
OS 4.7698257 4.0267305
OS 4.7694925 4.0270637
OS 4.7689094 4.0274802
OS 4.768243 4.0280633
OS 4.7673267 4.0286464
OS 4.7661605 4.0293128
OS 4.7647444 4.0299792
OS 4.7646611 4.0299792
OS 4.7644945 4.0300625
OS 4.7642446 4.0302291
OS 4.7639114 4.0303957
OS 4.7634116 4.0305623
OS 4.7628285 4.0308122
OS 4.7621621 4.0310621
OS 4.7613291 4.0313953
OS 4.7612458 4.0314786
OS 4.7609959 4.0315619
OS 4.7605794 4.0317285
OS 4.7599963 4.0319784
OS 4.7587468 4.0324782
OS 4.757414 4.032978
OE
OB 4.7042686 4.0560521 H
OS 4.7037688 4.0560521
OS 4.703269 4.0559688
OS 4.7026026 4.0559688
OS 4.7018529 4.0558022
OS 4.7010199 4.0556356
OS 4.7001036 4.0553857
OS 4.6992706 4.0550525
OS 4.6991873 4.0549692
OS 4.6988541 4.0548859
OS 4.6984376 4.054636
OS 4.6978545 4.0542195
OS 4.6971881 4.0537197
OS 4.6964384 4.0531366
OS 4.6956887 4.0523869
OS 4.6948557 4.0514706
OS 4.6947724 4.0513873
OS 4.6945225 4.0510541
OS 4.6941893 4.0505543
OS 4.6937728 4.0498046
OS 4.6933563 4.0488883
OS 4.6928565 4.0478887
OS 4.6923567 4.0466392
OS 4.6918569 4.0452231
OS 4.6918569 4.0451398
OS 4.6917736 4.0450565
OS 4.6917736 4.0448066
OS 4.6916903 4.0445567
OS 4.6915237 4.0437237
OS 4.6913571 4.0426408
OS 4.6911072 4.0412247
OS 4.6909406 4.039642
OS 4.6908573 4.0378927
OS 4.690774 4.0359768
OS 4.690774 4.0358935
OS 4.690774 4.0357269
OS 4.690774 4.035477
OS 4.690774 4.0350605
OS 4.690774 4.0345607
OS 4.6908573 4.0340609
OS 4.6909406 4.0327281
OS 4.6910239 4.0312287
OS 4.6912738 4.0297293
OS 4.6915237 4.0281466
OS 4.6918569 4.0267305
OS 4.6919402 4.0265639
OS 4.6920235 4.0261474
OS 4.6922734 4.025481
OS 4.6926066 4.0245647
OS 4.6930231 4.0236484
OS 4.6935229 4.0225655
OS 4.694106 4.0215659
OS 4.6947724 4.0205663
OS 4.6948557 4.020483
OS 4.6951056 4.0201498
OS 4.6955221 4.0197333
OS 4.6961052 4.0191502
OS 4.6967716 4.0185671
OS 4.6975213 4.017984
OS 4.698271 4.0174842
OS 4.6991873 4.0169844
OS 4.6992706 4.0169844
OS 4.6996038 4.0168178
OS 4.7001036 4.0166512
OS 4.70077 4.0164846
OS 4.7015197 4.016318
OS 4.7023527 4.0161514
OS 4.7033523 4.0160681
OS 4.7042686 4.0159848
OS 4.7047684 4.0159848
OS 4.7052682 4.0160681
OS 4.7059346 4.0161514
OS 4.7066843 4.0162347
OS 4.7076006 4.0164846
OS 4.7085169 4.0167345
OS 4.7094332 4.0170677
OS 4.7095165 4.017151
OS 4.7098497 4.0173176
OS 4.7103495 4.0175675
OS 4.7109326 4.017984
OS 4.711599 4.0184838
OS 4.7123487 4.0190669
OS 4.7130151 4.0198166
OS 4.7137648 4.0206496
OS 4.7138481 4.0207329
OS 4.714098 4.0211494
OS 4.7144312 4.0216492
OS 4.7148477 4.0223989
OS 4.7153475 4.0233152
OS 4.7158473 4.0243981
OS 4.7163471 4.0255643
OS 4.7167636 4.0268138
OS 4.7168469 4.0269804
OS 4.7169302 4.0274802
OS 4.7170968 4.0282299
OS 4.7173467 4.0293128
OS 4.7175133 4.0305623
OS 4.7176799 4.032145
OS 4.7177632 4.0339776
OS 4.7178465 4.0359768
OS 4.7178465 4.0360601
OS 4.7178465 4.0362267
OS 4.7178465 4.0364766
OS 4.7178465 4.0368931
OS 4.7178465 4.0373096
OS 4.7177632 4.0378927
OS 4.7176799 4.0391422
OS 4.7175966 4.0405583
OS 4.7173467 4.042141
OS 4.7170968 4.0436404
OS 4.7166803 4.0451398
OS 4.7166803 4.0452231
OS 4.716597 4.0453064
OS 4.7165137 4.0458062
OS 4.7162638 4.0464726
OS 4.7159306 4.0473889
OS 4.7155141 4.0483885
OS 4.7150143 4.0493881
OS 4.7144312 4.0503877
OS 4.7137648 4.0513873
OS 4.7136815 4.0514706
OS 4.7134316 4.0518038
OS 4.7130151 4.0522203
OS 4.712432 4.0528034
OS 4.7118489 4.0533865
OS 4.7110992 4.0539696
OS 4.7102662 4.0544694
OS 4.7093499 4.0549692
OS 4.7092666 4.0550525
OS 4.7089334 4.0551358
OS 4.7084336 4.0553024
OS 4.7078505 4.0555523
OS 4.7070175 4.0557189
OS 4.7061845 4.0558855
OS 4.7052682 4.0559688
OS 4.7042686 4.0560521
OE
OB 4.7625786 4.057135 H
OS 4.7620788 4.057135
OS 4.7614124 4.0570517
OS 4.7606627 4.0569684
OS 4.7598297 4.0567185
OS 4.7589967 4.0564686
OS 4.7580804 4.0560521
OS 4.7572474 4.055469
OS 4.7571641 4.0553857
OS 4.7569142 4.0551358
OS 4.756581 4.0548026
OS 4.7562478 4.0543028
OS 4.7559146 4.0537197
OS 4.7555814 4.0530533
OS 4.7553315 4.0522203
OS 4.7552482 4.0513873
OS 4.7552482 4.051304
OS 4.7552482 4.0509708
OS 4.7553315 4.0505543
OS 4.7554148 4.0499712
OS 4.755748 4.0487217
OS 4.7559979 4.0480553
OS 4.7564144 4.0474722
OS 4.7564977 4.0473889
OS 4.7566643 4.0472223
OS 4.7569142 4.0469724
OS 4.7573307 4.0465559
OS 4.7579138 4.0461394
OS 4.7585802 4.0457229
OS 4.7593299 4.0452231
OS 4.7602462 4.0447233
OS 4.7603295 4.0447233
OS 4.7604961 4.04464
OS 4.7606627 4.0445567
OS 4.7609959 4.0443901
OS 4.7618289 4.0440569
OS 4.7629118 4.0435571
OS 4.7629951 4.0435571
OS 4.7631617 4.0434738
OS 4.7635782 4.0433072
OS 4.7639947 4.0431406
OS 4.7646611 4.0428907
OS 4.7653275 4.0426408
OS 4.7661605 4.0423076
OS 4.7670768 4.0419744
OS 4.7671601 4.0420577
OS 4.7673267 4.0423076
OS 4.7676599 4.0427241
OS 4.7679931 4.0432239
OS 4.7683263 4.0438903
OS 4.7687428 4.0445567
OS 4.7694092 4.0459728
OS 4.7694092 4.0460561
OS 4.7694925 4.046306
OS 4.7696591 4.0467225
OS 4.7698257 4.0472223
OS 4.769909 4.0478887
OS 4.7700756 4.0486384
OS 4.7701589 4.0494714
OS 4.7701589 4.0503877
OS 4.7701589 4.0505543
OS 4.7701589 4.0508875
OS 4.7700756 4.0514706
OS 4.769909 4.052137
OS 4.7696591 4.0528867
OS 4.7692426 4.0537197
OS 4.7687428 4.0544694
OS 4.7680764 4.0552191
OS 4.7679931 4.0553024
OS 4.7677432 4.0555523
OS 4.7672434 4.0558022
OS 4.7666603 4.0562187
OS 4.7658273 4.0565519
OS 4.764911 4.0568018
OS 4.7638281 4.0570517
OS 4.7625786 4.057135
OE
SE
S P 0
OB 4.8766641 0.8746837 I
OS 4.8510077 0.8746837
OS 4.8510077 0.8646044
OS 4.8515075 0.8646044
OS 4.8518407 0.8646877
OS 4.8526737 0.8646877
OS 4.8538399 0.864771
OS 4.854423 0.864771
OS 4.8548395 0.8648543
OS 4.8572552 0.8648543
OS 4.8580882 0.864771
OS 4.8591711 0.864771
OS 4.8603373 0.8646044
OS 4.8616701 0.8644378
OS 4.8630862 0.8642712
OS 4.8645023 0.863938
OS 4.8646689 0.863938
OS 4.8650854 0.8637714
OS 4.8658351 0.8636048
OS 4.8666681 0.8632716
OS 4.8676677 0.8629384
OS 4.8688339 0.8624386
OS 4.8699168 0.8619388
OS 4.8709997 0.8612724
OS 4.8711663 0.8611891
OS 4.8715828 0.8608559
OS 4.8722492 0.8603561
OS 4.8729989 0.8596897
OS 4.8738319 0.8588567
OS 4.8747482 0.8577738
OS 4.8756645 0.8566076
OS 4.8764142 0.8552748
OS 4.8764975 0.8551082
OS 4.8767474 0.8546084
OS 4.8769973 0.8537754
OS 4.8774138 0.8526925
OS 4.877747 0.8513597
OS 4.8779969 0.8498603
OS 4.8782468 0.8480277
OS 4.8783301 0.8461118
OS 4.8783301 0.8460285
OS 4.8783301 0.8459452
OS 4.8783301 0.8456953
OS 4.8783301 0.8453621
OS 4.8782468 0.8444458
OS 4.8781635 0.8432796
OS 4.8779136 0.8419468
OS 4.8776637 0.8405307
OS 4.8772472 0.838948
OS 4.8766641 0.8374486
OS 4.8766641 0.8373653
OS 4.8765808 0.837282
OS 4.8763309 0.8367822
OS 4.8759977 0.8360325
OS 4.8754979 0.8351162
OS 4.8748315 0.8340333
OS 4.8739985 0.8328671
OS 4.8729989 0.8317009
OS 4.871916 0.8305347
OS 4.8717494 0.8303681
OS 4.8713329 0.8300349
OS 4.8706665 0.8295351
OS 4.8697502 0.8288687
OS 4.8686673 0.828119
OS 4.8674178 0.8273693
OS 4.8659184 0.8267029
OS 4.8643357 0.8260365
OS 4.8642524 0.8260365
OS 4.8641691 0.8259532
OS 4.8639192 0.8258699
OS 4.863586 0.8257866
OS 4.8631695 0.8257033
OS 4.8626697 0.8255367
OS 4.8614202 0.8252868
OS 4.8598375 0.8250369
OS 4.8580049 0.824787
OS 4.8559224 0.8246204
OS 4.8536733 0.8245371
OS 4.8525904 0.8245371
OS 4.8520073 0.8246204
OS 4.8513409 0.8246204
OS 4.8497582 0.8247037
OS 4.8479256 0.8248703
OS 4.8460097 0.8250369
OS 4.8440105 0.8253701
OS 4.8420946 0.8257033
OS 4.8420113 0.8257033
OS 4.8418447 0.8257866
OS 4.8415948 0.8257866
OS 4.8412616 0.8258699
OS 4.8404286 0.8261198
OS 4.8392624 0.826453
OS 4.8380129 0.8267862
OS 4.8366801 0.8272027
OS 4.8354306 0.8276192
OS 4.8341811 0.828119
OS 4.8341811 0.8412804
OS 4.8355972 0.8412804
OS 4.8356805 0.8411971
OS 4.8359304 0.8410305
OS 4.8362636 0.8408639
OS 4.8370966 0.8403641
OS 4.8380962 0.839781
OS 4.8381795 0.839781
OS 4.8383461 0.8396144
OS 4.8386793 0.8394478
OS 4.8390958 0.8392812
OS 4.8395956 0.8390313
OS 4.840262 0.8386981
OS 4.8409284 0.8383649
OS 4.8417614 0.8380317
OS 4.8418447 0.8380317
OS 4.8421779 0.8378651
OS 4.8425944 0.8376985
OS 4.8430942 0.8375319
OS 4.8437606 0.837282
OS 4.8445103 0.8371154
OS 4.846093 0.8366156
OS 4.8461763 0.8366156
OS 4.8465095 0.8365323
OS 4.846926 0.836449
OS 4.8475924 0.8363657
OS 4.8483421 0.8362824
OS 4.8491751 0.8361991
OS 4.8500914 0.8361158
OS 4.8520073 0.8361158
OS 4.8525904 0.8361991
OS 4.8533401 0.8362824
OS 4.8541731 0.8363657
OS 4.856089 0.8366989
OS 4.8561723 0.8366989
OS 4.8565888 0.8367822
OS 4.8570886 0.8369488
OS 4.8576717 0.8371987
OS 4.8590878 0.8378651
OS 4.8598375 0.8382816
OS 4.8605039 0.8387814
OS 4.8605872 0.8388647
OS 4.8607538 0.8390313
OS 4.8609204 0.8392812
OS 4.8612536 0.8396144
OS 4.8618367 0.8404474
OS 4.8624198 0.8415303
OS 4.8624198 0.8416136
OS 4.8625031 0.8417802
OS 4.8626697 0.8421134
OS 4.8628363 0.8426132
OS 4.8629196 0.8431963
OS 4.8630862 0.8438627
OS 4.8631695 0.8446124
OS 4.8631695 0.8455287
OS 4.8631695 0.845612
OS 4.8631695 0.8458619
OS 4.8630862 0.8462784
OS 4.8630862 0.8467782
OS 4.862753 0.8480277
OS 4.8625864 0.8486108
OS 4.8622532 0.8491939
OS 4.8622532 0.8492772
OS 4.8620866 0.8494438
OS 4.86192 0.8496937
OS 4.8616701 0.8501102
OS 4.8609204 0.8508599
OS 4.8600041 0.8516929
OS 4.8599208 0.8517762
OS 4.8596709 0.8519428
OS 4.8591711 0.8521094
OS 4.858588 0.8524426
OS 4.8578383 0.8526925
OS 4.8570053 0.8530257
OS 4.856089 0.8532756
OS 4.8550061 0.8534422
OS 4.8548395 0.8534422
OS 4.8545063 0.8535255
OS 4.8540065 0.8536088
OS 4.8532568 0.8536921
OS 4.8525071 0.8536921
OS 4.8516741 0.8537754
OS 4.8499248 0.8538587
OS 4.8486753 0.8538587
OS 4.8478423 0.8537754
OS 4.8468427 0.8536921
OS 4.8457598 0.8536088
OS 4.8434274 0.8532756
OS 4.8432608 0.8532756
OS 4.8429276 0.8531923
OS 4.8423445 0.853109
OS 4.8415948 0.8529424
OS 4.8407618 0.8527758
OS 4.8398455 0.8526092
OS 4.8380129 0.8521927
OS 4.8367634 0.8521927
OS 4.8367634 0.8860125
OS 4.8766641 0.8860125
OS 4.8766641 0.8746837
OE
OB 4.8239352 0.8475279 I
OS 4.8239352 0.8474446
OS 4.8239352 0.8470281
OS 4.8239352 0.846445
OS 4.8238519 0.8456953
OS 4.8237686 0.844779
OS 4.823602 0.8436961
OS 4.8234354 0.8425299
OS 4.8231022 0.8412804
OS 4.822769 0.8398643
OS 4.8223525 0.8385315
OS 4.8218527 0.8370321
OS 4.8212696 0.835616
OS 4.8205199 0.8342832
OS 4.8196036 0.8329504
OS 4.8186873 0.8316176
OS 4.8175211 0.8304514
OS 4.8174378 0.8303681
OS 4.8171879 0.8302015
OS 4.8168547 0.8298683
OS 4.8163549 0.8295351
OS 4.8156885 0.8291186
OS 4.8148555 0.8286188
OS 4.8139392 0.8280357
OS 4.812773 0.8275359
OS 4.8115235 0.8269528
OS 4.8101074 0.8263697
OS 4.808608 0.8258699
OS 4.806942 0.8254534
OS 4.8051094 0.8251202
OS 4.8031102 0.824787
OS 4.8009444 0.8246204
OS 4.7986953 0.8245371
OS 4.7975291 0.8245371
OS 4.7966961 0.8246204
OS 4.7956965 0.8247037
OS 4.7945303 0.8248703
OS 4.7932808 0.8250369
OS 4.7918647 0.8252868
OS 4.7903653 0.8255367
OS 4.7888659 0.8259532
OS 4.7872832 0.826453
OS 4.7857838 0.8270361
OS 4.7842844 0.8277025
OS 4.782785 0.8284522
OS 4.7813689 0.8293685
OS 4.7801194 0.8303681
OS 4.7800361 0.8304514
OS 4.7798695 0.830618
OS 4.7795363 0.8309512
OS 4.7791198 0.831451
OS 4.77862 0.8320341
OS 4.7780369 0.8327838
OS 4.7774538 0.8337001
OS 4.7768707 0.8346997
OS 4.7762876 0.8358659
OS 4.7757045 0.8371154
OS 4.7751214 0.8385315
OS 4.7746216 0.8400309
OS 4.7742051 0.8417802
OS 4.7738719 0.8435295
OS 4.7737053 0.8454454
OS 4.773622 0.8475279
OS 4.773622 0.8860125
OS 4.7887826 0.8860125
OS 4.7887826 0.8484442
OS 4.7887826 0.8483609
OS 4.7887826 0.8481943
OS 4.7887826 0.8478611
OS 4.7887826 0.8474446
OS 4.7888659 0.8468615
OS 4.7889492 0.8462784
OS 4.7891158 0.8448623
OS 4.7893657 0.8433629
OS 4.7897822 0.8417802
OS 4.7903653 0.8403641
OS 4.791115 0.8390313
OS 4.7911983 0.8388647
OS 4.7915315 0.8385315
OS 4.7921146 0.838115
OS 4.7929476 0.8375319
OS 4.7940305 0.8369488
OS 4.79528 0.8365323
OS 4.7968627 0.8361991
OS 4.7986953 0.8360325
OS 4.7991951 0.8360325
OS 4.7995283 0.8361158
OS 4.8004446 0.8361991
OS 4.8016108 0.8363657
OS 4.802777 0.8367822
OS 4.8041098 0.837282
OS 4.805276 0.8379484
OS 4.8062756 0.838948
OS 4.8063589 0.8391146
OS 4.8066921 0.8395311
OS 4.8071086 0.8401975
OS 4.8075251 0.8411971
OS 4.8080249 0.8425299
OS 4.8083581 0.8441959
OS 4.8085247 0.8451122
OS 4.8086913 0.8461118
OS 4.8087746 0.847278
OS 4.8087746 0.8484442
OS 4.8087746 0.8860125
OS 4.8239352 0.8860125
OS 4.8239352 0.8475279
OE
SE
S P 0
OB 4.9400771 0.9455352 I
OS 4.9524888 0.9455352
OS 4.9524888 0.9350394
OS 4.9127547 0.9350394
OS 4.9127547 0.9455352
OS 4.9254163 0.9455352
OS 4.9254163 0.9773558
OS 4.9127547 0.9773558
OS 4.9127547 0.9871852
OS 4.9137543 0.9871852
OS 4.914504 0.9872685
OS 4.915337 0.9872685
OS 4.9162533 0.9873518
OS 4.9182525 0.9875184
OS 4.9183358 0.9875184
OS 4.9187523 0.9876017
OS 4.9192521 0.987685
OS 4.9198352 0.9877683
OS 4.9212513 0.9881848
OS 4.922001 0.9884347
OS 4.9226674 0.9886846
OS 4.9227507 0.9887679
OS 4.9230006 0.9888512
OS 4.9233338 0.9891011
OS 4.9237503 0.989351
OS 4.9247499 0.990184
OS 4.9256662 0.9912669
OS 4.9257495 0.9913502
OS 4.9258328 0.9916001
OS 4.9259994 0.9919333
OS 4.9262493 0.9924331
OS 4.9264159 0.9930162
OS 4.9265825 0.9937659
OS 4.9267491 0.9945156
OS 4.9268324 0.9954319
OS 4.9400771 0.9954319
OS 4.9400771 0.9455352
OE
OB 4.8839329 0.9964315 I
OS 4.8849325 0.9964315
OS 4.8860154 0.9963482
OS 4.8881812 0.9960983
OS 4.8883478 0.9960983
OS 4.888681 0.996015
OS 4.8892641 0.9959317
OS 4.8900138 0.9957651
OS 4.8908468 0.9955985
OS 4.8917631 0.9954319
OS 4.8937623 0.9949321
OS 4.8938456 0.9949321
OS 4.8940955 0.9948488
OS 4.894512 0.9946822
OS 4.8950951 0.9945156
OS 4.8957615 0.9942657
OS 4.8965112 0.9940158
OS 4.8981772 0.9932661
OS 4.8982605 0.9931828
OS 4.8985937 0.9930995
OS 4.8990102 0.9929329
OS 4.8995933 0.992683
OS 4.9009261 0.9920999
OS 4.9015925 0.9917667
OS 4.9021756 0.9914335
OS 4.9021756 0.9771892
OS 4.9005929 0.9771892
OS 4.9005096 0.9772725
OS 4.9004263 0.9773558
OS 4.9001764 0.9775224
OS 4.8998432 0.9778556
OS 4.8990102 0.978522
OS 4.897844 0.9794383
OS 4.8977607 0.9795216
OS 4.8975941 0.9796882
OS 4.8971776 0.9799381
OS 4.8967611 0.9802713
OS 4.896178 0.9806878
OS 4.8955949 0.9811043
OS 4.8940955 0.9821039
OS 4.8940122 0.9821872
OS 4.8937623 0.9823538
OS 4.8932625 0.9825204
OS 4.8927627 0.9828536
OS 4.892013 0.9831868
OS 4.8912633 0.98352
OS 4.890347 0.9839365
OS 4.8894307 0.9842697
OS 4.8893474 0.984353
OS 4.8890142 0.9844363
OS 4.8885144 0.9846029
OS 4.887848 0.9847695
OS 4.887015 0.9849361
OS 4.886182 0.9850194
OS 4.8851824 0.985186
OS 4.8835997 0.985186
OS 4.8830166 0.9851027
OS 4.8821836 0.9850194
OS 4.8812673 0.9849361
OS 4.8802677 0.9847695
OS 4.8792681 0.9844363
OS 4.8781852 0.9841031
OS 4.8781019 0.9840198
OS 4.8777687 0.9839365
OS 4.8771856 0.9836866
OS 4.8765192 0.9832701
OS 4.8757695 0.9827703
OS 4.8748532 0.9821872
OS 4.8739369 0.9814375
OS 4.8730206 0.9805212
OS 4.8729373 0.9804379
OS 4.8726874 0.9801047
OS 4.8722709 0.9796049
OS 4.8716878 0.9789385
OS 4.8711047 0.9780222
OS 4.8705216 0.9769393
OS 4.8699385 0.9756898
OS 4.8693554 0.9742737
OS 4.8693554 0.9741904
OS 4.8692721 0.9741071
OS 4.8691888 0.9738572
OS 4.8691055 0.9736073
OS 4.8689389 0.9727743
OS 4.868689 0.9716914
OS 4.8683558 0.9702753
OS 4.8681892 0.9686926
OS 4.8680226 0.9669433
OS 4.8679393 0.9650274
OS 4.8679393 0.9649441
OS 4.8679393 0.9647775
OS 4.8679393 0.9645276
OS 4.8679393 0.9641111
OS 4.8680226 0.9636113
OS 4.8680226 0.9630282
OS 4.8681059 0.9617787
OS 4.8682725 0.9602793
OS 4.8685224 0.9586966
OS 4.8688556 0.9571139
OS 4.8693554 0.9556145
OS 4.8694387 0.9554479
OS 4.8696053 0.9549481
OS 4.8699385 0.9542817
OS 4.8704383 0.9534487
OS 4.8709381 0.9524491
OS 4.8716045 0.9513662
OS 4.8724375 0.9503666
OS 4.8732705 0.9494503
OS 4.8733538 0.949367
OS 4.873687 0.9491171
OS 4.8741868 0.9487006
OS 4.8748532 0.9482008
OS 4.8756029 0.947701
OS 4.8765192 0.9471179
OS 4.8775188 0.9466181
OS 4.8785184 0.9462016
OS 4.878685 0.9462016
OS 4.8790182 0.946035
OS 4.8796013 0.9458684
OS 4.880351 0.9457018
OS 4.881184 0.9455352
OS 4.8821836 0.9453686
OS 4.8831832 0.9452853
OS 4.8842661 0.945202
OS 4.8847659 0.945202
OS 4.885349 0.9452853
OS 4.8860987 0.9452853
OS 4.8869317 0.9454519
OS 4.8879313 0.9456185
OS 4.8889309 0.9457851
OS 4.8899305 0.9461183
OS 4.8900138 0.9462016
OS 4.8904303 0.9462849
OS 4.8909301 0.9465348
OS 4.8915132 0.9467847
OS 4.8922629 0.9471179
OS 4.8930126 0.9474511
OS 4.8937623 0.9479509
OS 4.894512 0.9483674
OS 4.8945953 0.9484507
OS 4.8948452 0.9486173
OS 4.8952617 0.9488672
OS 4.8957615 0.9491171
OS 4.8969277 0.9499501
OS 4.8980939 0.9508664
OS 4.8981772 0.9509497
OS 4.8983438 0.9511163
OS 4.8985937 0.9512829
OS 4.8990102 0.9516161
OS 4.8998432 0.9523658
OS 4.9007595 0.9531988
OS 4.9021756 0.9531988
OS 4.9021756 0.9390378
OS 4.9020923 0.9390378
OS 4.9018424 0.9388712
OS 4.9015092 0.9387046
OS 4.9010927 0.938538
OS 4.9005096 0.9382048
OS 4.8998432 0.9379549
OS 4.8982605 0.9372052
OS 4.8981772 0.9372052
OS 4.8979273 0.9370386
OS 4.8974275 0.936872
OS 4.8969277 0.9366221
OS 4.8962613 0.9363722
OS 4.8955116 0.9361223
OS 4.8938456 0.9355392
OS 4.8937623 0.9355392
OS 4.8933458 0.9354559
OS 4.892846 0.9352893
OS 4.8920963 0.9351227
OS 4.8912633 0.9349561
OS 4.8904303 0.9347062
OS 4.8885144 0.934373
OS 4.8884311 0.934373
OS 4.8880979 0.9342897
OS 4.8875148 0.9342064
OS 4.8867651 0.9341231
OS 4.8858488 0.9340398
OS 4.8846826 0.9339565
OS 4.8832665 0.9338732
OS 4.881184 0.9338732
OS 4.8804343 0.9339565
OS 4.879518 0.9340398
OS 4.8783518 0.9341231
OS 4.877019 0.9342897
OS 4.8756029 0.9345396
OS 4.8740202 0.9348728
OS 4.8722709 0.9352893
OS 4.8705216 0.9358724
OS 4.8687723 0.9365388
OS 4.8669397 0.9372885
OS 4.8651904 0.9382881
OS 4.8634411 0.939371
OS 4.8618584 0.9406205
OS 4.8602757 0.9420366
OS 4.8601924 0.9421199
OS 4.8599425 0.9424531
OS 4.859526 0.9428696
OS 4.8590262 0.943536
OS 4.8584431 0.944369
OS 4.8577767 0.9453686
OS 4.857027 0.9466181
OS 4.8563606 0.9479509
OS 4.8556109 0.9495336
OS 4.8548612 0.9512829
OS 4.8541948 0.9531155
OS 4.8536117 0.955198
OS 4.8531119 0.9574471
OS 4.8526954 0.9598628
OS 4.8524455 0.9623618
OS 4.8523622 0.9651107
OS 4.8523622 0.965194
OS 4.8523622 0.9652773
OS 4.8523622 0.9657771
OS 4.8524455 0.9665268
OS 4.8525288 0.9675264
OS 4.8526121 0.9686926
OS 4.8527787 0.9701087
OS 4.8530286 0.9716914
OS 4.8533618 0.9733574
OS 4.8537783 0.9751067
OS 4.8542781 0.9770226
OS 4.8549445 0.9788552
OS 4.8556942 0.9807711
OS 4.8566105 0.982687
OS 4.8576934 0.9845196
OS 4.8588596 0.9862689
OS 4.8602757 0.9879349
OS 4.860359 0.9880182
OS 4.8606089 0.9882681
OS 4.8611087 0.9887679
OS 4.8617751 0.9892677
OS 4.8625248 0.9899341
OS 4.8635244 0.9906838
OS 4.8646906 0.9914335
OS 4.8659401 0.9922665
OS 4.8674395 0.9930162
OS 4.8690222 0.9937659
OS 4.8707715 0.9945156
OS 4.8726874 0.995182
OS 4.8747699 0.9957651
OS 4.8769357 0.9961816
OS 4.8792681 0.9964315
OS 4.8817671 0.9965148
OS 4.8830166 0.9965148
OS 4.8839329 0.9964315
OE
SE
S P 0
OB 4.9736031 3.593173 I
OS 4.9860148 3.593173
OS 4.9860148 3.5826772
OS 4.9462807 3.5826772
OS 4.9462807 3.593173
OS 4.9589423 3.593173
OS 4.9589423 3.6249936
OS 4.9462807 3.6249936
OS 4.9462807 3.634823
OS 4.9472803 3.634823
OS 4.94803 3.6349063
OS 4.948863 3.6349063
OS 4.9497793 3.6349896
OS 4.9517785 3.6351562
OS 4.9518618 3.6351562
OS 4.9522783 3.6352395
OS 4.9527781 3.6353228
OS 4.9533612 3.6354061
OS 4.9547773 3.6358226
OS 4.955527 3.6360725
OS 4.9561934 3.6363224
OS 4.9562767 3.6364057
OS 4.9565266 3.636489
OS 4.9568598 3.6367389
OS 4.9572763 3.6369888
OS 4.9582759 3.6378218
OS 4.9591922 3.6389047
OS 4.9592755 3.638988
OS 4.9593588 3.6392379
OS 4.9595254 3.6395711
OS 4.9597753 3.6400709
OS 4.9599419 3.640654
OS 4.9601085 3.6414037
OS 4.9602751 3.6421534
OS 4.9603584 3.6430697
OS 4.9736031 3.6430697
OS 4.9736031 3.593173
OE
OB 5.018002 3.6440693 I
OS 5.0192515 3.6440693
OS 5.0207509 3.6439027
OS 5.0223336 3.6437361
OS 5.0239163 3.6434862
OS 5.0254157 3.643153
OS 5.0255823 3.643153
OS 5.0260821 3.6429864
OS 5.0268318 3.6427365
OS 5.0277481 3.6424866
OS 5.0287477 3.6420701
OS 5.0299139 3.6416536
OS 5.0310801 3.6410705
OS 5.032163 3.6404874
OS 5.0323296 3.6404041
OS 5.0326628 3.6401542
OS 5.0332459 3.6397377
OS 5.0339123 3.6391546
OS 5.034662 3.6384882
OS 5.0354117 3.6376552
OS 5.0361614 3.6367389
OS 5.0367445 3.635656
OS 5.0368278 3.6354894
OS 5.0369944 3.6351562
OS 5.0372443 3.6345731
OS 5.0375775 3.6337401
OS 5.0378274 3.6327405
OS 5.0380773 3.6316576
OS 5.0382439 3.6304081
OS 5.0383272 3.6290753
OS 5.0383272 3.628992
OS 5.0383272 3.6288254
OS 5.0383272 3.6285755
OS 5.0382439 3.6282423
OS 5.0381606 3.6272427
OS 5.037994 3.6259932
OS 5.0375775 3.6245771
OS 5.0370777 3.6230777
OS 5.036328 3.6215783
OS 5.0353284 3.6200789
OS 5.0351618 3.6199123
OS 5.0348286 3.6194958
OS 5.0341622 3.6188294
OS 5.0332459 3.6179964
OS 5.0320797 3.6171634
OS 5.0307469 3.6163304
OS 5.0292475 3.615664
OS 5.0274982 3.6150809
OS 5.0274982 3.6144978
OS 5.0275815 3.6144978
OS 5.0278314 3.6144145
OS 5.0283312 3.6143312
OS 5.028831 3.6142479
OS 5.0294974 3.6140813
OS 5.0301638 3.6139147
OS 5.0316632 3.6134149
OS 5.0317465 3.6134149
OS 5.0319964 3.6132483
OS 5.0324129 3.6130817
OS 5.0329127 3.6128318
OS 5.0335791 3.6124986
OS 5.0342455 3.6120821
OS 5.0349119 3.611499
OS 5.0356616 3.6109159
OS 5.0357449 3.6108326
OS 5.0359948 3.610666
OS 5.036328 3.6102495
OS 5.0367445 3.609833
OS 5.037161 3.6092499
OS 5.0377441 3.6085002
OS 5.0381606 3.6077505
OS 5.0386604 3.6068342
OS 5.0387437 3.6067509
OS 5.038827 3.6064177
OS 5.0390769 3.6058346
OS 5.0393268 3.6051682
OS 5.0394934 3.6043352
OS 5.0397433 3.6032523
OS 5.0398266 3.6021694
OS 5.0399099 3.6009199
OS 5.0399099 3.6008366
OS 5.0399099 3.6007533
OS 5.0399099 3.6005034
OS 5.0399099 3.6001702
OS 5.0398266 3.5993372
OS 5.0397433 3.5982543
OS 5.0394934 3.5970048
OS 5.0392435 3.595672
OS 5.038827 3.5942559
OS 5.0382439 3.5928398
OS 5.0381606 3.5926732
OS 5.0379107 3.5922567
OS 5.0375775 3.5915903
OS 5.0369944 3.590674
OS 5.036328 3.5897577
OS 5.035495 3.5886748
OS 5.0344954 3.5876752
OS 5.0334125 3.5866756
OS 5.0332459 3.5865923
OS 5.0328294 3.5862591
OS 5.032163 3.5857593
OS 5.03133 3.5852595
OS 5.0301638 3.5845931
OS 5.0289143 3.5839267
OS 5.0274982 3.5833436
OS 5.0259155 3.5827605
OS 5.0258322 3.5827605
OS 5.0257489 3.5826772
OS 5.025499 3.5826772
OS 5.0251658 3.5825939
OS 5.0247493 3.5824273
OS 5.0242495 3.582344
OS 5.023 3.5820941
OS 5.0215006 3.5818442
OS 5.0197513 3.5816776
OS 5.0177521 3.581511
OS 5.015503 3.5814277
OS 5.0136704 3.5814277
OS 5.013004 3.581511
OS 5.012171 3.581511
OS 5.011338 3.5815943
OS 5.0094221 3.5816776
OS 5.0074229 3.5819275
OS 5.0053404 3.5821774
OS 5.0033412 3.5825939
OS 5.0032579 3.5825939
OS 5.0030913 3.5826772
OS 5.0028414 3.5826772
OS 5.0025082 3.5827605
OS 5.0015919 3.5830104
OS 5.0004257 3.5833436
OS 4.9991762 3.5837601
OS 4.9978434 3.5841766
OS 4.9965106 3.5846764
OS 4.9952611 3.5851762
OS 4.9952611 3.5982543
OS 4.9966772 3.5982543
OS 4.9968438 3.598171
OS 4.9972603 3.5979211
OS 4.9979267 3.5975046
OS 4.9989263 3.5970048
OS 5.0000092 3.5964217
OS 5.001342 3.5957553
OS 5.0028414 3.5950889
OS 5.0044241 3.5945058
OS 5.0045074 3.5945058
OS 5.0045907 3.5944225
OS 5.0048406 3.5943392
OS 5.0051738 3.5942559
OS 5.0060068 3.594006
OS 5.007173 3.5937561
OS 5.0084225 3.5935062
OS 5.0097553 3.5932563
OS 5.0111714 3.5930897
OS 5.0125875 3.5930064
OS 5.0134205 3.5930064
OS 5.0140036 3.5930897
OS 5.0147533 3.5930897
OS 5.015503 3.593173
OS 5.0173356 3.5933396
OS 5.0174189 3.5933396
OS 5.0177521 3.5934229
OS 5.0182519 3.5935062
OS 5.018835 3.5937561
OS 5.0202511 3.5942559
OS 5.0210008 3.5946724
OS 5.0216672 3.5950889
OS 5.0217505 3.5951722
OS 5.0219171 3.5952555
OS 5.022167 3.5955054
OS 5.0225002 3.5957553
OS 5.0232499 3.5965883
OS 5.0239163 3.5975879
OS 5.0239163 3.5976712
OS 5.0240829 3.5978378
OS 5.0241662 3.598171
OS 5.0243328 3.5986708
OS 5.0244994 3.5992539
OS 5.0245827 3.6000036
OS 5.0247493 3.6008366
OS 5.0247493 3.6018362
OS 5.0247493 3.6019195
OS 5.0247493 3.6022527
OS 5.024666 3.6027525
OS 5.0245827 3.6033356
OS 5.0244161 3.604002
OS 5.0242495 3.6046684
OS 5.0239163 3.6053348
OS 5.0234998 3.6059179
OS 5.0234165 3.6060012
OS 5.0232499 3.6061678
OS 5.023 3.6064177
OS 5.0226668 3.6067509
OS 5.0222503 3.6070841
OS 5.0217505 3.6075006
OS 5.0204177 3.6080837
OS 5.0203344 3.6080837
OS 5.0200845 3.608167
OS 5.019668 3.6083336
OS 5.0190849 3.6085002
OS 5.0184185 3.6085835
OS 5.0176688 3.6087501
OS 5.0167525 3.6088334
OS 5.0157529 3.6089167
OS 5.0147533 3.6089167
OS 5.0141702 3.609
OS 5.0084225 3.609
OS 5.0084225 3.6194958
OS 5.0124209 3.6194958
OS 5.0131706 3.6195791
OS 5.0140036 3.6195791
OS 5.0157529 3.6196624
OS 5.0158362 3.6196624
OS 5.0161694 3.6197457
OS 5.0165859 3.6197457
OS 5.0170857 3.6199123
OS 5.0184185 3.6201622
OS 5.019668 3.620662
OS 5.0197513 3.620662
OS 5.0199179 3.6208286
OS 5.0202511 3.6209952
OS 5.0205843 3.6212451
OS 5.0215006 3.6218282
OS 5.0222503 3.6227445
OS 5.0223336 3.6228278
OS 5.0224169 3.6229944
OS 5.0225835 3.6233276
OS 5.0227501 3.6237441
OS 5.0229167 3.6243272
OS 5.023 3.6249936
OS 5.0231666 3.6257433
OS 5.0231666 3.6265763
OS 5.0231666 3.6266596
OS 5.0231666 3.6269095
OS 5.0230833 3.6271594
OS 5.0230833 3.6275759
OS 5.0227501 3.6285755
OS 5.0225835 3.6290753
OS 5.0222503 3.6294918
OS 5.0222503 3.6295751
OS 5.0220837 3.6296584
OS 5.0216672 3.6301582
OS 5.0210008 3.6307413
OS 5.0201678 3.6313244
OS 5.0200845 3.6313244
OS 5.0199179 3.6314077
OS 5.0195847 3.6315743
OS 5.0192515 3.6317409
OS 5.0187517 3.6319075
OS 5.0181686 3.6320741
OS 5.0167525 3.632324
OS 5.0166692 3.632324
OS 5.0164193 3.6324073
OS 5.0160861 3.6324073
OS 5.0156696 3.6324906
OS 5.0145867 3.6325739
OS 5.0126708 3.6325739
OS 5.0120877 3.6324906
OS 5.0114213 3.6324073
OS 5.0105883 3.632324
OS 5.0089223 3.6319908
OS 5.008839 3.6319908
OS 5.0085058 3.6319075
OS 5.0080893 3.6318242
OS 5.0075062 3.6316576
OS 5.0068398 3.6314077
OS 5.0060901 3.6312411
OS 5.0045074 3.630658
OS 5.0044241 3.630658
OS 5.0042575 3.6305747
OS 5.003841 3.6304081
OS 5.0034245 3.6302415
OS 5.0029247 3.6299916
OS 5.0022583 3.6296584
OS 5.0009255 3.628992
OS 5.0008422 3.628992
OS 5.0005923 3.6288254
OS 5.0003424 3.6286588
OS 4.9999259 3.6284089
OS 4.9990096 3.6279091
OS 4.9985931 3.6277425
OS 4.9982599 3.6274926
OS 4.9970104 3.6274926
OS 4.9970104 3.6403208
OS 4.997177 3.6404041
OS 4.9975935 3.6405707
OS 4.9982599 3.6408206
OS 4.9991762 3.6411538
OS 5.0004257 3.6415703
OS 5.0018418 3.6419868
OS 5.0035078 3.6424033
OS 5.0053404 3.6429031
OS 5.0054237 3.6429031
OS 5.0055903 3.6429864
OS 5.0058402 3.6429864
OS 5.0062567 3.6430697
OS 5.0067565 3.6432363
OS 5.0072563 3.6433196
OS 5.0086724 3.6435695
OS 5.0102551 3.6437361
OS 5.0120877 3.643986
OS 5.0140869 3.6440693
OS 5.0160861 3.6441526
OS 5.0175022 3.6441526
OS 5.018002 3.6440693
OE
OB 4.9035478 3.6428198 I
OS 4.9043808 3.6428198
OS 4.9062134 3.6427365
OS 4.9082126 3.6425699
OS 4.9102951 3.64232
OS 4.9123776 3.6420701
OS 4.9126275 3.6420701
OS 4.9129607 3.6419868
OS 4.9132939 3.6419035
OS 4.9137937 3.6418202
OS 4.9143768 3.6416536
OS 4.9157929 3.6412371
OS 4.9173756 3.6407373
OS 4.9191249 3.6400709
OS 4.9209575 3.6392379
OS 4.9227901 3.638155
OS 4.9228734 3.6380717
OS 4.92304 3.6379884
OS 4.9233732 3.6377385
OS 4.9237897 3.6374886
OS 4.9242895 3.6370721
OS 4.9248726 3.6365723
OS 4.9262054 3.6354061
OS 4.9277048 3.63399
OS 4.9292042 3.6321574
OS 4.9307036 3.6301582
OS 4.9321197 3.6278258
OS 4.932203 3.6277425
OS 4.9322863 3.6275759
OS 4.9324529 3.6271594
OS 4.9327028 3.6266596
OS 4.9329527 3.6260765
OS 4.9332026 3.6253268
OS 4.9335358 3.6244938
OS 4.933869 3.6234942
OS 4.9342022 3.6224946
OS 4.9345354 3.6213284
OS 4.9347853 3.6200789
OS 4.9350352 3.6187461
OS 4.9354517 3.6158306
OS 4.9356183 3.6126652
OS 4.9356183 3.6125819
OS 4.9356183 3.612332
OS 4.9356183 3.6118322
OS 4.935535 3.6112491
OS 4.935535 3.6104994
OS 4.9354517 3.6096664
OS 4.9352851 3.6086668
OS 4.9351185 3.6076672
OS 4.934702 3.6052515
OS 4.9340356 3.6027525
OS 4.9331193 3.6001702
OS 4.9325362 3.5988374
OS 4.9318698 3.5975879
OS 4.9318698 3.5975046
OS 4.9317032 3.597338
OS 4.9315366 3.5969215
OS 4.9312034 3.596505
OS 4.9308702 3.5959219
OS 4.9304537 3.5953388
OS 4.9293708 3.5938394
OS 4.928038 3.5922567
OS 4.9264553 3.5905074
OS 4.9246227 3.5889247
OS 4.9226235 3.5874253
OS 4.9225402 3.5874253
OS 4.9223736 3.5872587
OS 4.9221237 3.5871754
OS 4.9217905 3.5869255
OS 4.921374 3.5866756
OS 4.9208742 3.5864257
OS 4.9196247 3.5857593
OS 4.918042 3.5850929
OS 4.916376 3.5845098
OS 4.9144601 3.5839267
OS 4.9123776 3.5835102
OS 4.9121277 3.5835102
OS 4.9117945 3.5834269
OS 4.9114613 3.5833436
OS 4.9108782 3.5833436
OS 4.9102951 3.5832603
OS 4.9096287 3.583177
OS 4.908879 3.5830937
OS 4.9071297 3.5829271
OS 4.9051305 3.5828438
OS 4.9029647 3.5826772
OS 4.8818898 3.5826772
OS 4.8818898 3.6429031
OS 4.9028814 3.6429031
OS 4.9035478 3.6428198
OE
OB 4.900549 3.6316576 H
OS 4.8970504 3.6316576
OS 4.8970504 3.594006
OS 4.9002991 3.594006
OS 4.9016319 3.5940893
OS 4.9044641 3.5940893
OS 4.9057969 3.5941726
OS 4.9059635 3.5941726
OS 4.90638 3.5942559
OS 4.9070464 3.5943392
OS 4.9079627 3.5945058
OS 4.9089623 3.5947557
OS 4.9101285 3.5951722
OS 4.9112947 3.595672
OS 4.9124609 3.5963384
OS 4.9125442 3.5963384
OS 4.9126275 3.5964217
OS 4.913044 3.5967549
OS 4.9137104 3.5972547
OS 4.9145434 3.5980044
OS 4.9154597 3.5989207
OS 4.916376 3.6000036
OS 4.9172923 3.6013364
OS 4.918042 3.6027525
OS 4.918042 3.6028358
OS 4.9181253 3.6029191
OS 4.9182086 3.603169
OS 4.9183752 3.6035022
OS 4.9185418 3.6039187
OS 4.9187084 3.6044185
OS 4.9190416 3.6055847
OS 4.9193748 3.6070841
OS 4.919708 3.6087501
OS 4.9199579 3.610666
OS 4.9200412 3.6128318
OS 4.9200412 3.6129151
OS 4.9200412 3.6130817
OS 4.9200412 3.6134149
OS 4.9200412 3.6138314
OS 4.9199579 3.6143312
OS 4.9199579 3.6149143
OS 4.9197913 3.6163304
OS 4.9195414 3.6179131
OS 4.9191249 3.6195791
OS 4.9186251 3.6213284
OS 4.9179587 3.6229944
OS 4.9179587 3.6230777
OS 4.9178754 3.623161
OS 4.9175422 3.6236608
OS 4.9171257 3.6244938
OS 4.9164593 3.6254101
OS 4.915543 3.626493
OS 4.9144601 3.6275759
OS 4.9132106 3.6286588
OS 4.9117112 3.6295751
OS 4.9115446 3.6296584
OS 4.9112114 3.629825
OS 4.910545 3.6301582
OS 4.9097953 3.6304914
OS 4.9087957 3.6308246
OS 4.9077128 3.6311578
OS 4.9065466 3.6313244
OS 4.9052971 3.631491
OS 4.904714 3.631491
OS 4.9039643 3.6315743
OS 4.9018818 3.6315743
OS 4.900549 3.6316576
OE
SE
S P 0
OB 4.8314956 1.6851317 I
OS 4.8314956 1.6863812
OS 4.8316622 1.6878806
OS 4.8318288 1.6894633
OS 4.8320787 1.691046
OS 4.8324119 1.6925454
OS 4.8324119 1.692712
OS 4.8325785 1.6932118
OS 4.8328284 1.6939615
OS 4.8330783 1.6948778
OS 4.8334948 1.6958774
OS 4.8339113 1.6970436
OS 4.8344944 1.6982098
OS 4.8350775 1.6992927
OS 4.8351608 1.6994593
OS 4.8354107 1.6997925
OS 4.8358272 1.7003756
OS 4.8364103 1.701042
OS 4.8370767 1.7017917
OS 4.8379097 1.7025414
OS 4.838826 1.7032911
OS 4.8399089 1.7038742
OS 4.8400755 1.7039575
OS 4.8404087 1.7041241
OS 4.8409918 1.704374
OS 4.8418248 1.7047072
OS 4.8428244 1.7049571
OS 4.8439073 1.705207
OS 4.8451568 1.7053736
OS 4.8464896 1.7054569
OS 4.8465729 1.7054569
OS 4.8467395 1.7054569
OS 4.8469894 1.7054569
OS 4.8473226 1.7053736
OS 4.8483222 1.7052903
OS 4.8495717 1.7051237
OS 4.8509878 1.7047072
OS 4.8524872 1.7042074
OS 4.8539866 1.7034577
OS 4.855486 1.7024581
OS 4.8556526 1.7022915
OS 4.8560691 1.7019583
OS 4.8567355 1.7012919
OS 4.8575685 1.7003756
OS 4.8584015 1.6992094
OS 4.8592345 1.6978766
OS 4.8599009 1.6963772
OS 4.860484 1.6946279
OS 4.8610671 1.6946279
OS 4.8610671 1.6947112
OS 4.8611504 1.6949611
OS 4.8612337 1.6954609
OS 4.861317 1.6959607
OS 4.8614836 1.6966271
OS 4.8616502 1.6972935
OS 4.86215 1.6987929
OS 4.86215 1.6988762
OS 4.8623166 1.6991261
OS 4.8624832 1.6995426
OS 4.8627331 1.7000424
OS 4.8630663 1.7007088
OS 4.8634828 1.7013752
OS 4.8640659 1.7020416
OS 4.864649 1.7027913
OS 4.8647323 1.7028746
OS 4.8648989 1.7031245
OS 4.8653154 1.7034577
OS 4.8657319 1.7038742
OS 4.866315 1.7042907
OS 4.8670647 1.7048738
OS 4.8678144 1.7052903
OS 4.8687307 1.7057901
OS 4.868814 1.7058734
OS 4.8691472 1.7059567
OS 4.8697303 1.7062066
OS 4.8703967 1.7064565
OS 4.8712297 1.7066231
OS 4.8723126 1.706873
OS 4.8733955 1.7069563
OS 4.874645 1.7070396
OS 4.8747283 1.7070396
OS 4.8748116 1.7070396
OS 4.8750615 1.7070396
OS 4.8753947 1.7070396
OS 4.8762277 1.7069563
OS 4.8773106 1.706873
OS 4.8785601 1.7066231
OS 4.8798929 1.7063732
OS 4.881309 1.7059567
OS 4.8827251 1.7053736
OS 4.8828917 1.7052903
OS 4.8833082 1.7050404
OS 4.8839746 1.7047072
OS 4.8848909 1.7041241
OS 4.8858072 1.7034577
OS 4.8868901 1.7026247
OS 4.8878897 1.7016251
OS 4.8888893 1.7005422
OS 4.8889726 1.7003756
OS 4.8893058 1.6999591
OS 4.8898056 1.6992927
OS 4.8903054 1.6984597
OS 4.8909718 1.6972935
OS 4.8916382 1.696044
OS 4.8922213 1.6946279
OS 4.8928044 1.6930452
OS 4.8928044 1.6929619
OS 4.8928877 1.6928786
OS 4.8928877 1.6926287
OS 4.892971 1.6922955
OS 4.8931376 1.691879
OS 4.8932209 1.6913792
OS 4.8934708 1.6901297
OS 4.8937207 1.6886303
OS 4.8938873 1.686881
OS 4.8940539 1.6848818
OS 4.8941372 1.6826327
OS 4.8941372 1.6808001
OS 4.8940539 1.6801337
OS 4.8940539 1.6793007
OS 4.8939706 1.6784677
OS 4.8938873 1.6765518
OS 4.8936374 1.6745526
OS 4.8933875 1.6724701
OS 4.892971 1.6704709
OS 4.892971 1.6703876
OS 4.8928877 1.670221
OS 4.8928877 1.6699711
OS 4.8928044 1.6696379
OS 4.8925545 1.6687216
OS 4.8922213 1.6675554
OS 4.8918048 1.6663059
OS 4.8913883 1.6649731
OS 4.8908885 1.6636403
OS 4.8903887 1.6623908
OS 4.8773106 1.6623908
OS 4.8773106 1.6638069
OS 4.8773939 1.6639735
OS 4.8776438 1.66439
OS 4.8780603 1.6650564
OS 4.8785601 1.666056
OS 4.8791432 1.6671389
OS 4.8798096 1.6684717
OS 4.880476 1.6699711
OS 4.8810591 1.6715538
OS 4.8810591 1.6716371
OS 4.8811424 1.6717204
OS 4.8812257 1.6719703
OS 4.881309 1.6723035
OS 4.8815589 1.6731365
OS 4.8818088 1.6743027
OS 4.8820587 1.6755522
OS 4.8823086 1.676885
OS 4.8824752 1.6783011
OS 4.8825585 1.6797172
OS 4.8825585 1.6805502
OS 4.8824752 1.6811333
OS 4.8824752 1.681883
OS 4.8823919 1.6826327
OS 4.8822253 1.6844653
OS 4.8822253 1.6845486
OS 4.882142 1.6848818
OS 4.8820587 1.6853816
OS 4.8818088 1.6859647
OS 4.881309 1.6873808
OS 4.8808925 1.6881305
OS 4.880476 1.6887969
OS 4.8803927 1.6888802
OS 4.8803094 1.6890468
OS 4.8800595 1.6892967
OS 4.8798096 1.6896299
OS 4.8789766 1.6903796
OS 4.877977 1.691046
OS 4.8778937 1.691046
OS 4.8777271 1.6912126
OS 4.8773939 1.6912959
OS 4.8768941 1.6914625
OS 4.876311 1.6916291
OS 4.8755613 1.6917124
OS 4.8747283 1.691879
OS 4.8737287 1.691879
OS 4.8736454 1.691879
OS 4.8733122 1.691879
OS 4.8728124 1.6917957
OS 4.8722293 1.6917124
OS 4.8715629 1.6915458
OS 4.8708965 1.6913792
OS 4.8702301 1.691046
OS 4.869647 1.6906295
OS 4.8695637 1.6905462
OS 4.8693971 1.6903796
OS 4.8691472 1.6901297
OS 4.868814 1.6897965
OS 4.8684808 1.68938
OS 4.8680643 1.6888802
OS 4.8674812 1.6875474
OS 4.8674812 1.6874641
OS 4.8673979 1.6872142
OS 4.8672313 1.6867977
OS 4.8670647 1.6862146
OS 4.8669814 1.6855482
OS 4.8668148 1.6847985
OS 4.8667315 1.6838822
OS 4.8666482 1.6828826
OS 4.8666482 1.681883
OS 4.8665649 1.6812999
OS 4.8665649 1.6755522
OS 4.8560691 1.6755522
OS 4.8560691 1.6795506
OS 4.8559858 1.6803003
OS 4.8559858 1.6811333
OS 4.8559025 1.6828826
OS 4.8559025 1.6829659
OS 4.8558192 1.6832991
OS 4.8558192 1.6837156
OS 4.8556526 1.6842154
OS 4.8554027 1.6855482
OS 4.8549029 1.6867977
OS 4.8549029 1.686881
OS 4.8547363 1.6870476
OS 4.8545697 1.6873808
OS 4.8543198 1.687714
OS 4.8537367 1.6886303
OS 4.8528204 1.68938
OS 4.8527371 1.6894633
OS 4.8525705 1.6895466
OS 4.8522373 1.6897132
OS 4.8518208 1.6898798
OS 4.8512377 1.6900464
OS 4.8505713 1.6901297
OS 4.8498216 1.6902963
OS 4.8489886 1.6902963
OS 4.8489053 1.6902963
OS 4.8486554 1.6902963
OS 4.8484055 1.690213
OS 4.847989 1.690213
OS 4.8469894 1.6898798
OS 4.8464896 1.6897132
OS 4.8460731 1.68938
OS 4.8459898 1.68938
OS 4.8459065 1.6892134
OS 4.8454067 1.6887969
OS 4.8448236 1.6881305
OS 4.8442405 1.6872975
OS 4.8442405 1.6872142
OS 4.8441572 1.6870476
OS 4.8439906 1.6867144
OS 4.843824 1.6863812
OS 4.8436574 1.6858814
OS 4.8434908 1.6852983
OS 4.8432409 1.6838822
OS 4.8432409 1.6837989
OS 4.8431576 1.683549
OS 4.8431576 1.6832158
OS 4.8430743 1.6827993
OS 4.842991 1.6817164
OS 4.842991 1.6798005
OS 4.8430743 1.6792174
OS 4.8431576 1.678551
OS 4.8432409 1.677718
OS 4.8435741 1.676052
OS 4.8435741 1.6759687
OS 4.8436574 1.6756355
OS 4.8437407 1.675219
OS 4.8439073 1.6746359
OS 4.8441572 1.6739695
OS 4.8443238 1.6732198
OS 4.8449069 1.6716371
OS 4.8449069 1.6715538
OS 4.8449902 1.6713872
OS 4.8451568 1.6709707
OS 4.8453234 1.6705542
OS 4.8455733 1.6700544
OS 4.8459065 1.669388
OS 4.8465729 1.6680552
OS 4.8465729 1.6679719
OS 4.8467395 1.667722
OS 4.8469061 1.6674721
OS 4.847156 1.6670556
OS 4.8476558 1.6661393
OS 4.8478224 1.6657228
OS 4.8480723 1.6653896
OS 4.8480723 1.6641401
OS 4.8352441 1.6641401
OS 4.8351608 1.6643067
OS 4.8349942 1.6647232
OS 4.8347443 1.6653896
OS 4.8344111 1.6663059
OS 4.8339946 1.6675554
OS 4.8335781 1.6689715
OS 4.8331616 1.6706375
OS 4.8326618 1.6724701
OS 4.8326618 1.6725534
OS 4.8325785 1.67272
OS 4.8325785 1.6729699
OS 4.8324952 1.6733864
OS 4.8323286 1.6738862
OS 4.8322453 1.674386
OS 4.8319954 1.6758021
OS 4.8318288 1.6773848
OS 4.8315789 1.6792174
OS 4.8314956 1.6812166
OS 4.8314123 1.6832158
OS 4.8314123 1.6846319
OS 4.8314956 1.6851317
OE
OB 4.8327451 1.6314865 I
OS 4.8328284 1.6328193
OS 4.8329117 1.6342354
OS 4.8330783 1.6357348
OS 4.8333282 1.6371509
OS 4.8333282 1.6373175
OS 4.8334948 1.6378173
OS 4.8336614 1.6384837
OS 4.8339113 1.6394
OS 4.8342445 1.6404829
OS 4.834661 1.6416491
OS 4.8352441 1.6428986
OS 4.8359105 1.6440648
OS 4.8359938 1.6442314
OS 4.8362437 1.6445646
OS 4.8367435 1.645231
OS 4.8373266 1.6458974
OS 4.8380763 1.6467304
OS 4.8389926 1.6476467
OS 4.8399922 1.6484797
OS 4.8411584 1.6492294
OS 4.841325 1.6493127
OS 4.8417415 1.6495626
OS 4.8424079 1.6498125
OS 4.8433242 1.650229
OS 4.8444904 1.6505622
OS 4.8459065 1.6508121
OS 4.8474892 1.651062
OS 4.8492385 1.6511453
OS 4.8493218 1.6511453
OS 4.8495717 1.6511453
OS 4.8499049 1.6511453
OS 4.8504047 1.651062
OS 4.8509878 1.651062
OS 4.8516542 1.6509787
OS 4.8532369 1.6507288
OS 4.8549862 1.6503956
OS 4.8569021 1.6498125
OS 4.8587347 1.6490628
OS 4.860484 1.6479799
OS 4.8605673 1.6479799
OS 4.8606506 1.6478133
OS 4.8609005 1.6476467
OS 4.8612337 1.6473968
OS 4.8619834 1.6467304
OS 4.862983 1.6458141
OS 4.8640659 1.6445646
OS 4.8651488 1.6431485
OS 4.866315 1.6414825
OS 4.8673146 1.6396499
OS 4.8928877 1.6599751
OS 4.8928877 1.6414825
OS 4.8708132 1.6247392
OS 4.8708132 1.619408
OS 4.8928877 1.619408
OS 4.8928877 1.6043307
OS 4.8326618 1.6043307
OS 4.8326618 1.630237
OS 4.8327451 1.6314865
OE
OB 4.8436574 1.6261553 H
OS 4.8436574 1.619408
OS 4.8599842 1.619408
OS 4.8599842 1.6247392
OS 4.8599009 1.6254889
OS 4.8599009 1.6263219
OS 4.8598176 1.6272382
OS 4.8597343 1.6281545
OS 4.859651 1.6289875
OS 4.859651 1.6290708
OS 4.8595677 1.6293207
OS 4.8594844 1.6297372
OS 4.8593178 1.630237
OS 4.8587347 1.6314865
OS 4.857985 1.6326527
OS 4.8579017 1.632736
OS 4.8577351 1.6329026
OS 4.8575685 1.6331525
OS 4.8572353 1.6334857
OS 4.856319 1.6342354
OS 4.8552361 1.6348185
OS 4.8551528 1.6348185
OS 4.8549862 1.6349018
OS 4.8545697 1.6350684
OS 4.8541532 1.635235
OS 4.8534868 1.6353183
OS 4.8528204 1.6354849
OS 4.8519874 1.6355682
OS 4.8510711 1.6355682
OS 4.8509878 1.6355682
OS 4.8506546 1.6355682
OS 4.8502381 1.6354849
OS 4.8497383 1.6354849
OS 4.8484888 1.6351517
OS 4.8478224 1.6349851
OS 4.847156 1.6346519
OS 4.8470727 1.6346519
OS 4.8469061 1.6344853
OS 4.8465729 1.6343187
OS 4.8462397 1.6339855
OS 4.8458232 1.633569
OS 4.8454067 1.6330692
OS 4.8449902 1.6324861
OS 4.844657 1.6318197
OS 4.844657 1.6317364
OS 4.8445737 1.6315698
OS 4.8444071 1.6313199
OS 4.8443238 1.6309034
OS 4.8439906 1.6299038
OS 4.843824 1.6286543
OS 4.843824 1.6283211
OS 4.8437407 1.6279879
OS 4.8437407 1.6268217
OS 4.8436574 1.6261553
OE
SE
S P 0
OB 4.9828318 3.8116769 I
OS 4.9952435 3.8116769
OS 4.9952435 3.8011811
OS 4.9555094 3.8011811
OS 4.9555094 3.8116769
OS 4.968171 3.8116769
OS 4.968171 3.8434975
OS 4.9555094 3.8434975
OS 4.9555094 3.8533269
OS 4.956509 3.8533269
OS 4.9572587 3.8534102
OS 4.9580917 3.8534102
OS 4.959008 3.8534935
OS 4.9610072 3.8536601
OS 4.9610905 3.8536601
OS 4.961507 3.8537434
OS 4.9620068 3.8538267
OS 4.9625899 3.85391
OS 4.964006 3.8543265
OS 4.9647557 3.8545764
OS 4.9654221 3.8548263
OS 4.9655054 3.8549096
OS 4.9657553 3.8549929
OS 4.9660885 3.8552428
OS 4.966505 3.8554927
OS 4.9675046 3.8563257
OS 4.9684209 3.8574086
OS 4.9685042 3.8574919
OS 4.9685875 3.8577418
OS 4.9687541 3.858075
OS 4.969004 3.8585748
OS 4.9691706 3.8591579
OS 4.9693372 3.8599076
OS 4.9695038 3.8606573
OS 4.9695871 3.8615736
OS 4.9828318 3.8615736
OS 4.9828318 3.8116769
OE
OB 5.0476392 3.8500782 I
OS 5.0219828 3.8500782
OS 5.0219828 3.8399989
OS 5.0224826 3.8399989
OS 5.0228158 3.8400822
OS 5.0236488 3.8400822
OS 5.024815 3.8401655
OS 5.0253981 3.8401655
OS 5.0258146 3.8402488
OS 5.0282303 3.8402488
OS 5.0290633 3.8401655
OS 5.0301462 3.8401655
OS 5.0313124 3.8399989
OS 5.0326452 3.8398323
OS 5.0340613 3.8396657
OS 5.0354774 3.8393325
OS 5.035644 3.8393325
OS 5.0360605 3.8391659
OS 5.0368102 3.8389993
OS 5.0376432 3.8386661
OS 5.0386428 3.8383329
OS 5.039809 3.8378331
OS 5.0408919 3.8373333
OS 5.0419748 3.8366669
OS 5.0421414 3.8365836
OS 5.0425579 3.8362504
OS 5.0432243 3.8357506
OS 5.043974 3.8350842
OS 5.044807 3.8342512
OS 5.0457233 3.8331683
OS 5.0466396 3.8320021
OS 5.0473893 3.8306693
OS 5.0474726 3.8305027
OS 5.0477225 3.8300029
OS 5.0479724 3.8291699
OS 5.0483889 3.828087
OS 5.0487221 3.8267542
OS 5.048972 3.8252548
OS 5.0492219 3.8234222
OS 5.0493052 3.8215063
OS 5.0493052 3.821423
OS 5.0493052 3.8213397
OS 5.0493052 3.8210898
OS 5.0493052 3.8207566
OS 5.0492219 3.8198403
OS 5.0491386 3.8186741
OS 5.0488887 3.8173413
OS 5.0486388 3.8159252
OS 5.0482223 3.8143425
OS 5.0476392 3.8128431
OS 5.0476392 3.8127598
OS 5.0475559 3.8126765
OS 5.047306 3.8121767
OS 5.0469728 3.811427
OS 5.046473 3.8105107
OS 5.0458066 3.8094278
OS 5.0449736 3.8082616
OS 5.043974 3.8070954
OS 5.0428911 3.8059292
OS 5.0427245 3.8057626
OS 5.042308 3.8054294
OS 5.0416416 3.8049296
OS 5.0407253 3.8042632
OS 5.0396424 3.8035135
OS 5.0383929 3.8027638
OS 5.0368935 3.8020974
OS 5.0353108 3.801431
OS 5.0352275 3.801431
OS 5.0351442 3.8013477
OS 5.0348943 3.8012644
OS 5.0345611 3.8011811
OS 5.0341446 3.8010978
OS 5.0336448 3.8009312
OS 5.0323953 3.8006813
OS 5.0308126 3.8004314
OS 5.02898 3.8001815
OS 5.0268975 3.8000149
OS 5.0246484 3.7999316
OS 5.0235655 3.7999316
OS 5.0229824 3.8000149
OS 5.022316 3.8000149
OS 5.0207333 3.8000982
OS 5.0189007 3.8002648
OS 5.0169848 3.8004314
OS 5.0149856 3.8007646
OS 5.0130697 3.8010978
OS 5.0129864 3.8010978
OS 5.0128198 3.8011811
OS 5.0125699 3.8011811
OS 5.0122367 3.8012644
OS 5.0114037 3.8015143
OS 5.0102375 3.8018475
OS 5.008988 3.8021807
OS 5.0076552 3.8025972
OS 5.0064057 3.8030137
OS 5.0051562 3.8035135
OS 5.0051562 3.8166749
OS 5.0065723 3.8166749
OS 5.0066556 3.8165916
OS 5.0069055 3.816425
OS 5.0072387 3.8162584
OS 5.0080717 3.8157586
OS 5.0090713 3.8151755
OS 5.0091546 3.8151755
OS 5.0093212 3.8150089
OS 5.0096544 3.8148423
OS 5.0100709 3.8146757
OS 5.0105707 3.8144258
OS 5.0112371 3.8140926
OS 5.0119035 3.8137594
OS 5.0127365 3.8134262
OS 5.0128198 3.8134262
OS 5.013153 3.8132596
OS 5.0135695 3.813093
OS 5.0140693 3.8129264
OS 5.0147357 3.8126765
OS 5.0154854 3.8125099
OS 5.0170681 3.8120101
OS 5.0171514 3.8120101
OS 5.0174846 3.8119268
OS 5.0179011 3.8118435
OS 5.0185675 3.8117602
OS 5.0193172 3.8116769
OS 5.0201502 3.8115936
OS 5.0210665 3.8115103
OS 5.0229824 3.8115103
OS 5.0235655 3.8115936
OS 5.0243152 3.8116769
OS 5.0251482 3.8117602
OS 5.0270641 3.8120934
OS 5.0271474 3.8120934
OS 5.0275639 3.8121767
OS 5.0280637 3.8123433
OS 5.0286468 3.8125932
OS 5.0300629 3.8132596
OS 5.0308126 3.8136761
OS 5.031479 3.8141759
OS 5.0315623 3.8142592
OS 5.0317289 3.8144258
OS 5.0318955 3.8146757
OS 5.0322287 3.8150089
OS 5.0328118 3.8158419
OS 5.0333949 3.8169248
OS 5.0333949 3.8170081
OS 5.0334782 3.8171747
OS 5.0336448 3.8175079
OS 5.0338114 3.8180077
OS 5.0338947 3.8185908
OS 5.0340613 3.8192572
OS 5.0341446 3.8200069
OS 5.0341446 3.8209232
OS 5.0341446 3.8210065
OS 5.0341446 3.8212564
OS 5.0340613 3.8216729
OS 5.0340613 3.8221727
OS 5.0337281 3.8234222
OS 5.0335615 3.8240053
OS 5.0332283 3.8245884
OS 5.0332283 3.8246717
OS 5.0330617 3.8248383
OS 5.0328951 3.8250882
OS 5.0326452 3.8255047
OS 5.0318955 3.8262544
OS 5.0309792 3.8270874
OS 5.0308959 3.8271707
OS 5.030646 3.8273373
OS 5.0301462 3.8275039
OS 5.0295631 3.8278371
OS 5.0288134 3.828087
OS 5.0279804 3.8284202
OS 5.0270641 3.8286701
OS 5.0259812 3.8288367
OS 5.0258146 3.8288367
OS 5.0254814 3.82892
OS 5.0249816 3.8290033
OS 5.0242319 3.8290866
OS 5.0234822 3.8290866
OS 5.0226492 3.8291699
OS 5.0208999 3.8292532
OS 5.0196504 3.8292532
OS 5.0188174 3.8291699
OS 5.0178178 3.8290866
OS 5.0167349 3.8290033
OS 5.0144025 3.8286701
OS 5.0142359 3.8286701
OS 5.0139027 3.8285868
OS 5.0133196 3.8285035
OS 5.0125699 3.8283369
OS 5.0117369 3.8281703
OS 5.0108206 3.8280037
OS 5.008988 3.8275872
OS 5.0077385 3.8275872
OS 5.0077385 3.861407
OS 5.0476392 3.861407
OS 5.0476392 3.8500782
OE
OB 4.9208566 3.8613237 I
OS 4.9221894 3.8612404
OS 4.9236055 3.8611571
OS 4.9251049 3.8609905
OS 4.926521 3.8607406
OS 4.9266876 3.8607406
OS 4.9271874 3.860574
OS 4.9278538 3.8604074
OS 4.9287701 3.8601575
OS 4.929853 3.8598243
OS 4.9310192 3.8594078
OS 4.9322687 3.8588247
OS 4.9334349 3.8581583
OS 4.9336015 3.858075
OS 4.9339347 3.8578251
OS 4.9346011 3.8573253
OS 4.9352675 3.8567422
OS 4.9361005 3.8559925
OS 4.9370168 3.8550762
OS 4.9378498 3.8540766
OS 4.9385995 3.8529104
OS 4.9386828 3.8527438
OS 4.9389327 3.8523273
OS 4.9391826 3.8516609
OS 4.9395991 3.8507446
OS 4.9399323 3.8495784
OS 4.9401822 3.8481623
OS 4.9404321 3.8465796
OS 4.9405154 3.8448303
OS 4.9405154 3.844747
OS 4.9405154 3.8444971
OS 4.9405154 3.8441639
OS 4.9404321 3.8436641
OS 4.9404321 3.843081
OS 4.9403488 3.8424146
OS 4.9400989 3.8408319
OS 4.9397657 3.8390826
OS 4.9391826 3.8371667
OS 4.9384329 3.8353341
OS 4.93735 3.8335848
OS 4.93735 3.8335015
OS 4.9371834 3.8334182
OS 4.9370168 3.8331683
OS 4.9367669 3.8328351
OS 4.9361005 3.8320854
OS 4.9351842 3.8310858
OS 4.9339347 3.8300029
OS 4.9325186 3.82892
OS 4.9308526 3.8277538
OS 4.92902 3.8267542
OS 4.9493452 3.8011811
OS 4.9308526 3.8011811
OS 4.9141093 3.8232556
OS 4.9087781 3.8232556
OS 4.9087781 3.8011811
OS 4.8937008 3.8011811
OS 4.8937008 3.861407
OS 4.9196071 3.861407
OS 4.9208566 3.8613237
OE
OB 4.9155254 3.8504114 H
OS 4.9087781 3.8504114
OS 4.9087781 3.8340846
OS 4.9141093 3.8340846
OS 4.914859 3.8341679
OS 4.915692 3.8341679
OS 4.9166083 3.8342512
OS 4.9175246 3.8343345
OS 4.9183576 3.8344178
OS 4.9184409 3.8344178
OS 4.9186908 3.8345011
OS 4.9191073 3.8345844
OS 4.9196071 3.834751
OS 4.9208566 3.8353341
OS 4.9220228 3.8360838
OS 4.9221061 3.8361671
OS 4.9222727 3.8363337
OS 4.9225226 3.8365003
OS 4.9228558 3.8368335
OS 4.9236055 3.8377498
OS 4.9241886 3.8388327
OS 4.9241886 3.838916
OS 4.9242719 3.8390826
OS 4.9244385 3.8394991
OS 4.9246051 3.8399156
OS 4.9246884 3.840582
OS 4.924855 3.8412484
OS 4.9249383 3.8420814
OS 4.9249383 3.8429977
OS 4.9249383 3.843081
OS 4.9249383 3.8434142
OS 4.924855 3.8438307
OS 4.924855 3.8443305
OS 4.9245218 3.84558
OS 4.9243552 3.8462464
OS 4.924022 3.8469128
OS 4.924022 3.8469961
OS 4.9238554 3.8471627
OS 4.9236888 3.8474959
OS 4.9233556 3.8478291
OS 4.9229391 3.8482456
OS 4.9224393 3.8486621
OS 4.9218562 3.8490786
OS 4.9211898 3.8494118
OS 4.9211065 3.8494118
OS 4.9209399 3.8494951
OS 4.92069 3.8496617
OS 4.9202735 3.849745
OS 4.9192739 3.8500782
OS 4.9180244 3.8502448
OS 4.9176912 3.8502448
OS 4.917358 3.8503281
OS 4.9161918 3.8503281
OS 4.9155254 3.8504114
OE
SE
S P 0
OB 4.9828318 3.9199445 I
OS 4.9952435 3.9199445
OS 4.9952435 3.9094487
OS 4.9555094 3.9094487
OS 4.9555094 3.9199445
OS 4.968171 3.9199445
OS 4.968171 3.9517651
OS 4.9555094 3.9517651
OS 4.9555094 3.9615945
OS 4.956509 3.9615945
OS 4.9572587 3.9616778
OS 4.9580917 3.9616778
OS 4.959008 3.9617611
OS 4.9610072 3.9619277
OS 4.9610905 3.9619277
OS 4.961507 3.962011
OS 4.9620068 3.9620943
OS 4.9625899 3.9621776
OS 4.964006 3.9625941
OS 4.9647557 3.962844
OS 4.9654221 3.9630939
OS 4.9655054 3.9631772
OS 4.9657553 3.9632605
OS 4.9660885 3.9635104
OS 4.966505 3.9637603
OS 4.9675046 3.9645933
OS 4.9684209 3.9656762
OS 4.9685042 3.9657595
OS 4.9685875 3.9660094
OS 4.9687541 3.9663426
OS 4.969004 3.9668424
OS 4.9691706 3.9674255
OS 4.9693372 3.9681752
OS 4.9695038 3.9689249
OS 4.9695871 3.9698412
OS 4.9828318 3.9698412
OS 4.9828318 3.9199445
OE
OB 5.0272307 3.9708408 I
OS 5.0284802 3.9708408
OS 5.0299796 3.9706742
OS 5.0315623 3.9705076
OS 5.033145 3.9702577
OS 5.0346444 3.9699245
OS 5.034811 3.9699245
OS 5.0353108 3.9697579
OS 5.0360605 3.969508
OS 5.0369768 3.9692581
OS 5.0379764 3.9688416
OS 5.0391426 3.9684251
OS 5.0403088 3.967842
OS 5.0413917 3.9672589
OS 5.0415583 3.9671756
OS 5.0418915 3.9669257
OS 5.0424746 3.9665092
OS 5.043141 3.9659261
OS 5.0438907 3.9652597
OS 5.0446404 3.9644267
OS 5.0453901 3.9635104
OS 5.0459732 3.9624275
OS 5.0460565 3.9622609
OS 5.0462231 3.9619277
OS 5.046473 3.9613446
OS 5.0468062 3.9605116
OS 5.0470561 3.959512
OS 5.047306 3.9584291
OS 5.0474726 3.9571796
OS 5.0475559 3.9558468
OS 5.0475559 3.9557635
OS 5.0475559 3.9555969
OS 5.0475559 3.955347
OS 5.0474726 3.9550138
OS 5.0473893 3.9540142
OS 5.0472227 3.9527647
OS 5.0468062 3.9513486
OS 5.0463064 3.9498492
OS 5.0455567 3.9483498
OS 5.0445571 3.9468504
OS 5.0443905 3.9466838
OS 5.0440573 3.9462673
OS 5.0433909 3.9456009
OS 5.0424746 3.9447679
OS 5.0413084 3.9439349
OS 5.0399756 3.9431019
OS 5.0384762 3.9424355
OS 5.0367269 3.9418524
OS 5.0367269 3.9412693
OS 5.0368102 3.9412693
OS 5.0370601 3.941186
OS 5.0375599 3.9411027
OS 5.0380597 3.9410194
OS 5.0387261 3.9408528
OS 5.0393925 3.9406862
OS 5.0408919 3.9401864
OS 5.0409752 3.9401864
OS 5.0412251 3.9400198
OS 5.0416416 3.9398532
OS 5.0421414 3.9396033
OS 5.0428078 3.9392701
OS 5.0434742 3.9388536
OS 5.0441406 3.9382705
OS 5.0448903 3.9376874
OS 5.0449736 3.9376041
OS 5.0452235 3.9374375
OS 5.0455567 3.937021
OS 5.0459732 3.9366045
OS 5.0463897 3.9360214
OS 5.0469728 3.9352717
OS 5.0473893 3.934522
OS 5.0478891 3.9336057
OS 5.0479724 3.9335224
OS 5.0480557 3.9331892
OS 5.0483056 3.9326061
OS 5.0485555 3.9319397
OS 5.0487221 3.9311067
OS 5.048972 3.9300238
OS 5.0490553 3.9289409
OS 5.0491386 3.9276914
OS 5.0491386 3.9276081
OS 5.0491386 3.9275248
OS 5.0491386 3.9272749
OS 5.0491386 3.9269417
OS 5.0490553 3.9261087
OS 5.048972 3.9250258
OS 5.0487221 3.9237763
OS 5.0484722 3.9224435
OS 5.0480557 3.9210274
OS 5.0474726 3.9196113
OS 5.0473893 3.9194447
OS 5.0471394 3.9190282
OS 5.0468062 3.9183618
OS 5.0462231 3.9174455
OS 5.0455567 3.9165292
OS 5.0447237 3.9154463
OS 5.0437241 3.9144467
OS 5.0426412 3.9134471
OS 5.0424746 3.9133638
OS 5.0420581 3.9130306
OS 5.0413917 3.9125308
OS 5.0405587 3.912031
OS 5.0393925 3.9113646
OS 5.038143 3.9106982
OS 5.0367269 3.9101151
OS 5.0351442 3.909532
OS 5.0350609 3.909532
OS 5.0349776 3.9094487
OS 5.0347277 3.9094487
OS 5.0343945 3.9093654
OS 5.033978 3.9091988
OS 5.0334782 3.9091155
OS 5.0322287 3.9088656
OS 5.0307293 3.9086157
OS 5.02898 3.9084491
OS 5.0269808 3.9082825
OS 5.0247317 3.9081992
OS 5.0228991 3.9081992
OS 5.0222327 3.9082825
OS 5.0213997 3.9082825
OS 5.0205667 3.9083658
OS 5.0186508 3.9084491
OS 5.0166516 3.908699
OS 5.0145691 3.9089489
OS 5.0125699 3.9093654
OS 5.0124866 3.9093654
OS 5.01232 3.9094487
OS 5.0120701 3.9094487
OS 5.0117369 3.909532
OS 5.0108206 3.9097819
OS 5.0096544 3.9101151
OS 5.0084049 3.9105316
OS 5.0070721 3.9109481
OS 5.0057393 3.9114479
OS 5.0044898 3.9119477
OS 5.0044898 3.9250258
OS 5.0059059 3.9250258
OS 5.0060725 3.9249425
OS 5.006489 3.9246926
OS 5.0071554 3.9242761
OS 5.008155 3.9237763
OS 5.0092379 3.9231932
OS 5.0105707 3.9225268
OS 5.0120701 3.9218604
OS 5.0136528 3.9212773
OS 5.0137361 3.9212773
OS 5.0138194 3.921194
OS 5.0140693 3.9211107
OS 5.0144025 3.9210274
OS 5.0152355 3.9207775
OS 5.0164017 3.9205276
OS 5.0176512 3.9202777
OS 5.018984 3.9200278
OS 5.0204001 3.9198612
OS 5.0218162 3.9197779
OS 5.0226492 3.9197779
OS 5.0232323 3.9198612
OS 5.023982 3.9198612
OS 5.0247317 3.9199445
OS 5.0265643 3.9201111
OS 5.0266476 3.9201111
OS 5.0269808 3.9201944
OS 5.0274806 3.9202777
OS 5.0280637 3.9205276
OS 5.0294798 3.9210274
OS 5.0302295 3.9214439
OS 5.0308959 3.9218604
OS 5.0309792 3.9219437
OS 5.0311458 3.922027
OS 5.0313957 3.9222769
OS 5.0317289 3.9225268
OS 5.0324786 3.9233598
OS 5.033145 3.9243594
OS 5.033145 3.9244427
OS 5.0333116 3.9246093
OS 5.0333949 3.9249425
OS 5.0335615 3.9254423
OS 5.0337281 3.9260254
OS 5.0338114 3.9267751
OS 5.033978 3.9276081
OS 5.033978 3.9286077
OS 5.033978 3.928691
OS 5.033978 3.9290242
OS 5.0338947 3.929524
OS 5.0338114 3.9301071
OS 5.0336448 3.9307735
OS 5.0334782 3.9314399
OS 5.033145 3.9321063
OS 5.0327285 3.9326894
OS 5.0326452 3.9327727
OS 5.0324786 3.9329393
OS 5.0322287 3.9331892
OS 5.0318955 3.9335224
OS 5.031479 3.9338556
OS 5.0309792 3.9342721
OS 5.0296464 3.9348552
OS 5.0295631 3.9348552
OS 5.0293132 3.9349385
OS 5.0288967 3.9351051
OS 5.0283136 3.9352717
OS 5.0276472 3.935355
OS 5.0268975 3.9355216
OS 5.0259812 3.9356049
OS 5.0249816 3.9356882
OS 5.023982 3.9356882
OS 5.0233989 3.9357715
OS 5.0176512 3.9357715
OS 5.0176512 3.9462673
OS 5.0216496 3.9462673
OS 5.0223993 3.9463506
OS 5.0232323 3.9463506
OS 5.0249816 3.9464339
OS 5.0250649 3.9464339
OS 5.0253981 3.9465172
OS 5.0258146 3.9465172
OS 5.0263144 3.9466838
OS 5.0276472 3.9469337
OS 5.0288967 3.9474335
OS 5.02898 3.9474335
OS 5.0291466 3.9476001
OS 5.0294798 3.9477667
OS 5.029813 3.9480166
OS 5.0307293 3.9485997
OS 5.031479 3.949516
OS 5.0315623 3.9495993
OS 5.0316456 3.9497659
OS 5.0318122 3.9500991
OS 5.0319788 3.9505156
OS 5.0321454 3.9510987
OS 5.0322287 3.9517651
OS 5.0323953 3.9525148
OS 5.0323953 3.9533478
OS 5.0323953 3.9534311
OS 5.0323953 3.953681
OS 5.032312 3.9539309
OS 5.032312 3.9543474
OS 5.0319788 3.955347
OS 5.0318122 3.9558468
OS 5.031479 3.9562633
OS 5.031479 3.9563466
OS 5.0313124 3.9564299
OS 5.0308959 3.9569297
OS 5.0302295 3.9575128
OS 5.0293965 3.9580959
OS 5.0293132 3.9580959
OS 5.0291466 3.9581792
OS 5.0288134 3.9583458
OS 5.0284802 3.9585124
OS 5.0279804 3.958679
OS 5.0273973 3.9588456
OS 5.0259812 3.9590955
OS 5.0258979 3.9590955
OS 5.025648 3.9591788
OS 5.0253148 3.9591788
OS 5.0248983 3.9592621
OS 5.0238154 3.9593454
OS 5.0218995 3.9593454
OS 5.0213164 3.9592621
OS 5.02065 3.9591788
OS 5.019817 3.9590955
OS 5.018151 3.9587623
OS 5.0180677 3.9587623
OS 5.0177345 3.958679
OS 5.017318 3.9585957
OS 5.0167349 3.9584291
OS 5.0160685 3.9581792
OS 5.0153188 3.9580126
OS 5.0137361 3.9574295
OS 5.0136528 3.9574295
OS 5.0134862 3.9573462
OS 5.0130697 3.9571796
OS 5.0126532 3.957013
OS 5.0121534 3.9567631
OS 5.011487 3.9564299
OS 5.0101542 3.9557635
OS 5.0100709 3.9557635
OS 5.009821 3.9555969
OS 5.0095711 3.9554303
OS 5.0091546 3.9551804
OS 5.0082383 3.9546806
OS 5.0078218 3.954514
OS 5.0074886 3.9542641
OS 5.0062391 3.9542641
OS 5.0062391 3.9670923
OS 5.0064057 3.9671756
OS 5.0068222 3.9673422
OS 5.0074886 3.9675921
OS 5.0084049 3.9679253
OS 5.0096544 3.9683418
OS 5.0110705 3.9687583
OS 5.0127365 3.9691748
OS 5.0145691 3.9696746
OS 5.0146524 3.9696746
OS 5.014819 3.9697579
OS 5.0150689 3.9697579
OS 5.0154854 3.9698412
OS 5.0159852 3.9700078
OS 5.016485 3.9700911
OS 5.0179011 3.970341
OS 5.0194838 3.9705076
OS 5.0213164 3.9707575
OS 5.0233156 3.9708408
OS 5.0253148 3.9709241
OS 5.0267309 3.9709241
OS 5.0272307 3.9708408
OE
OB 4.9208566 3.9695913 I
OS 4.9221894 3.969508
OS 4.9236055 3.9694247
OS 4.9251049 3.9692581
OS 4.926521 3.9690082
OS 4.9266876 3.9690082
OS 4.9271874 3.9688416
OS 4.9278538 3.968675
OS 4.9287701 3.9684251
OS 4.929853 3.9680919
OS 4.9310192 3.9676754
OS 4.9322687 3.9670923
OS 4.9334349 3.9664259
OS 4.9336015 3.9663426
OS 4.9339347 3.9660927
OS 4.9346011 3.9655929
OS 4.9352675 3.9650098
OS 4.9361005 3.9642601
OS 4.9370168 3.9633438
OS 4.9378498 3.9623442
OS 4.9385995 3.961178
OS 4.9386828 3.9610114
OS 4.9389327 3.9605949
OS 4.9391826 3.9599285
OS 4.9395991 3.9590122
OS 4.9399323 3.957846
OS 4.9401822 3.9564299
OS 4.9404321 3.9548472
OS 4.9405154 3.9530979
OS 4.9405154 3.9530146
OS 4.9405154 3.9527647
OS 4.9405154 3.9524315
OS 4.9404321 3.9519317
OS 4.9404321 3.9513486
OS 4.9403488 3.9506822
OS 4.9400989 3.9490995
OS 4.9397657 3.9473502
OS 4.9391826 3.9454343
OS 4.9384329 3.9436017
OS 4.93735 3.9418524
OS 4.93735 3.9417691
OS 4.9371834 3.9416858
OS 4.9370168 3.9414359
OS 4.9367669 3.9411027
OS 4.9361005 3.940353
OS 4.9351842 3.9393534
OS 4.9339347 3.9382705
OS 4.9325186 3.9371876
OS 4.9308526 3.9360214
OS 4.92902 3.9350218
OS 4.9493452 3.9094487
OS 4.9308526 3.9094487
OS 4.9141093 3.9315232
OS 4.9087781 3.9315232
OS 4.9087781 3.9094487
OS 4.8937008 3.9094487
OS 4.8937008 3.9696746
OS 4.9196071 3.9696746
OS 4.9208566 3.9695913
OE
OB 4.9155254 3.958679 H
OS 4.9087781 3.958679
OS 4.9087781 3.9423522
OS 4.9141093 3.9423522
OS 4.914859 3.9424355
OS 4.915692 3.9424355
OS 4.9166083 3.9425188
OS 4.9175246 3.9426021
OS 4.9183576 3.9426854
OS 4.9184409 3.9426854
OS 4.9186908 3.9427687
OS 4.9191073 3.942852
OS 4.9196071 3.9430186
OS 4.9208566 3.9436017
OS 4.9220228 3.9443514
OS 4.9221061 3.9444347
OS 4.9222727 3.9446013
OS 4.9225226 3.9447679
OS 4.9228558 3.9451011
OS 4.9236055 3.9460174
OS 4.9241886 3.9471003
OS 4.9241886 3.9471836
OS 4.9242719 3.9473502
OS 4.9244385 3.9477667
OS 4.9246051 3.9481832
OS 4.9246884 3.9488496
OS 4.924855 3.949516
OS 4.9249383 3.950349
OS 4.9249383 3.9512653
OS 4.9249383 3.9513486
OS 4.9249383 3.9516818
OS 4.924855 3.9520983
OS 4.924855 3.9525981
OS 4.9245218 3.9538476
OS 4.9243552 3.954514
OS 4.924022 3.9551804
OS 4.924022 3.9552637
OS 4.9238554 3.9554303
OS 4.9236888 3.9557635
OS 4.9233556 3.9560967
OS 4.9229391 3.9565132
OS 4.9224393 3.9569297
OS 4.9218562 3.9573462
OS 4.9211898 3.9576794
OS 4.9211065 3.9576794
OS 4.9209399 3.9577627
OS 4.92069 3.9579293
OS 4.9202735 3.9580126
OS 4.9192739 3.9583458
OS 4.9180244 3.9585124
OS 4.9176912 3.9585124
OS 4.917358 3.9585957
OS 4.9161918 3.9585957
OS 4.9155254 3.958679
OE
SE
S P 0
OB 5.0747463 4.0666706 I
OS 5.0753294 4.0666706
OS 5.0765789 4.0665873
OS 5.077995 4.0664207
OS 5.0795777 4.0660875
OS 5.0811604 4.0657543
OS 5.0827431 4.0652545
OS 5.0828264 4.0652545
OS 5.0829097 4.0651712
OS 5.0834095 4.0650046
OS 5.0841592 4.0645881
OS 5.0851588 4.0641716
OS 5.0862417 4.0635052
OS 5.0874079 4.0627555
OS 5.0885741 4.0618392
OS 5.0897403 4.0607563
OS 5.0899069 4.0605897
OS 5.0903234 4.0600899
OS 5.0909065 4.0593402
OS 5.0916562 4.0583406
OS 5.0924892 4.0570078
OS 5.0933222 4.0555084
OS 5.0940719 4.0537591
OS 5.0948216 4.0518432
OS 5.0948216 4.0517599
OS 5.0949049 4.0515933
OS 5.0949882 4.0512601
OS 5.0950715 4.0508436
OS 5.0952381 4.0503438
OS 5.0954047 4.0497607
OS 5.0955713 4.049011
OS 5.0957379 4.048178
OS 5.0959045 4.0472617
OS 5.0960711 4.0462621
OS 5.0964043 4.044013
OS 5.0965709 4.041514
OS 5.0966542 4.0387651
OS 5.0966542 4.0386818
OS 5.0966542 4.0384319
OS 5.0966542 4.0380154
OS 5.0966542 4.0374323
OS 5.0965709 4.0367659
OS 5.0965709 4.0360162
OS 5.0964876 4.0350999
OS 5.0964043 4.0341003
OS 5.0962377 4.0319345
OS 5.0959045 4.0296021
OS 5.0954047 4.0271031
OS 5.0948216 4.0246874
OS 5.0948216 4.0246041
OS 5.0947383 4.0244375
OS 5.094655 4.0241043
OS 5.0944884 4.0236045
OS 5.0943218 4.0230214
OS 5.0940719 4.0224383
OS 5.0934888 4.0209389
OS 5.0927391 4.0191896
OS 5.0917395 4.017357
OS 5.0906566 4.0154411
OS 5.0893238 4.0136918
OS 5.0892405 4.0136085
OS 5.0891572 4.0135252
OS 5.0889073 4.0132753
OS 5.0886574 4.0129421
OS 5.0878244 4.0121091
OS 5.0866582 4.0110262
OS 5.0852421 4.00986
OS 5.0835761 4.0086938
OS 5.0817435 4.0075276
OS 5.079661 4.006528
OS 5.0795777 4.006528
OS 5.0794111 4.0064447
OS 5.0790779 4.0062781
OS 5.0786614 4.0061948
OS 5.0780783 4.0059449
OS 5.0774119 4.0057783
OS 5.0766622 4.0055284
OS 5.0757459 4.0053618
OS 5.0747463 4.0051119
OS 5.0736634 4.004862
OS 5.0724972 4.0046954
OS 5.0712477 4.0045288
OS 5.0684988 4.0041956
OS 5.0655 4.0041123
OS 5.0644171 4.0041123
OS 5.0636674 4.0041956
OS 5.0628344 4.0041956
OS 5.0618348 4.0042789
OS 5.0607519 4.0043622
OS 5.0595857 4.0045288
OS 5.0594191 4.0045288
OS 5.0590859 4.0046121
OS 5.0585861 4.0046954
OS 5.058003 4.0047787
OS 5.0566702 4.0049453
OS 5.0560871 4.0051119
OS 5.0555873 4.0051952
OS 5.0555873 4.0169405
OS 5.0568368 4.0169405
OS 5.0569201 4.0168572
OS 5.05717 4.0166906
OS 5.0575865 4.0166073
OS 5.058003 4.0163574
OS 5.0585861 4.0161908
OS 5.0591692 4.0159409
OS 5.0599189 4.015691
OS 5.0600022 4.015691
OS 5.0603354 4.0156077
OS 5.0607519 4.0155244
OS 5.0614183 4.0154411
OS 5.0622513 4.0152745
OS 5.0632509 4.0151912
OS 5.0643338 4.0151079
OS 5.0661664 4.0151079
OS 5.0667495 4.0151912
OS 5.0674992 4.0151912
OS 5.0683322 4.0152745
OS 5.0692485 4.0154411
OS 5.071331 4.0158576
OS 5.0714143 4.0158576
OS 5.0718308 4.0160242
OS 5.0723306 4.0161908
OS 5.072997 4.0164407
OS 5.0736634 4.0167739
OS 5.0744964 4.0171904
OS 5.0753294 4.0177735
OS 5.0760791 4.0183566
OS 5.0761624 4.0184399
OS 5.0764123 4.0186898
OS 5.0768288 4.019023
OS 5.0773286 4.0196061
OS 5.0778284 4.0201892
OS 5.0784115 4.0209389
OS 5.0789946 4.0218552
OS 5.0794944 4.0227715
OS 5.0795777 4.0229381
OS 5.0797443 4.0232713
OS 5.0799942 4.0238544
OS 5.0802441 4.0246041
OS 5.0805773 4.0256037
OS 5.0809105 4.0267699
OS 5.0811604 4.0280194
OS 5.0814103 4.0295188
OS 5.0812437 4.0294355
OS 5.0808272 4.0291856
OS 5.0802441 4.0287691
OS 5.0794111 4.0283526
OS 5.0784948 4.0278528
OS 5.0774952 4.0272697
OS 5.0764123 4.0267699
OS 5.0753294 4.0263534
OS 5.0752461 4.0263534
OS 5.0748296 4.0261868
OS 5.0742465 4.0260202
OS 5.0734135 4.0258536
OS 5.0724972 4.025687
OS 5.071331 4.0255204
OS 5.0699982 4.0254371
OS 5.0684988 4.0253538
OS 5.067999 4.0253538
OS 5.0673326 4.0254371
OS 5.0665829 4.0254371
OS 5.0656666 4.0255204
OS 5.064667 4.025687
OS 5.0625012 4.0261035
OS 5.0624179 4.0261868
OS 5.0620014 4.0262701
OS 5.0615016 4.0264367
OS 5.0608352 4.0267699
OS 5.0600022 4.0271031
OS 5.0591692 4.0275196
OS 5.0582529 4.0281027
OS 5.0573366 4.0286858
OS 5.05717 4.0287691
OS 5.0568368 4.0291023
OS 5.0562537 4.0296854
OS 5.0555873 4.0303518
OS 5.0547543 4.0312681
OS 5.0540046 4.032351
OS 5.0531716 4.0336005
OS 5.0524219 4.0349333
OS 5.0524219 4.0350166
OS 5.0523386 4.0350999
OS 5.0522553 4.0353498
OS 5.052172 4.0355997
OS 5.0518388 4.0364327
OS 5.0515889 4.0375989
OS 5.0512557 4.039015
OS 5.0509225 4.0407643
OS 5.0507559 4.0426802
OS 5.0506726 4.044846
OS 5.0506726 4.0449293
OS 5.0506726 4.0450959
OS 5.0506726 4.0453458
OS 5.0506726 4.045679
OS 5.0507559 4.0465953
OS 5.0508392 4.0476782
OS 5.0510891 4.049011
OS 5.051339 4.0505104
OS 5.0517555 4.0520098
OS 5.0522553 4.0535092
OS 5.0522553 4.0535925
OS 5.0523386 4.0536758
OS 5.0525885 4.0541756
OS 5.0529217 4.0549253
OS 5.0534215 4.0559249
OS 5.0540879 4.0570078
OS 5.0548376 4.058174
OS 5.0557539 4.0593402
OS 5.0567535 4.0605064
OS 5.0569201 4.060673
OS 5.0572533 4.0610062
OS 5.0579197 4.061506
OS 5.0587527 4.0621724
OS 5.0597523 4.0629221
OS 5.0610018 4.0636718
OS 5.0624179 4.0644215
OS 5.0639173 4.0650879
OS 5.0640006 4.0650879
OS 5.0640839 4.0651712
OS 5.0643338 4.0652545
OS 5.064667 4.0653378
OS 5.0655 4.0655877
OS 5.0666662 4.0659209
OS 5.0680823 4.0662541
OS 5.0697483 4.066504
OS 5.0714976 4.0666706
OS 5.0734135 4.0667539
OS 5.0743298 4.0667539
OS 5.0747463 4.0666706
OE
OB 5.0304307 4.0157743 I
OS 5.0428424 4.0157743
OS 5.0428424 4.0052785
OS 5.0031083 4.0052785
OS 5.0031083 4.0157743
OS 5.0157699 4.0157743
OS 5.0157699 4.0475949
OS 5.0031083 4.0475949
OS 5.0031083 4.0574243
OS 5.0041079 4.0574243
OS 5.0048576 4.0575076
OS 5.0056906 4.0575076
OS 5.0066069 4.0575909
OS 5.0086061 4.0577575
OS 5.0086894 4.0577575
OS 5.0091059 4.0578408
OS 5.0096057 4.0579241
OS 5.0101888 4.0580074
OS 5.0116049 4.0584239
OS 5.0123546 4.0586738
OS 5.013021 4.0589237
OS 5.0131043 4.059007
OS 5.0133542 4.0590903
OS 5.0136874 4.0593402
OS 5.0141039 4.0595901
OS 5.0151035 4.0604231
OS 5.0160198 4.061506
OS 5.0161031 4.0615893
OS 5.0161864 4.0618392
OS 5.016353 4.0621724
OS 5.0166029 4.0626722
OS 5.0167695 4.0632553
OS 5.0169361 4.064005
OS 5.0171027 4.0647547
OS 5.017186 4.065671
OS 5.0304307 4.065671
OS 5.0304307 4.0157743
OE
OB 4.9742865 4.0666706 I
OS 4.9752861 4.0666706
OS 4.976369 4.0665873
OS 4.9785348 4.0663374
OS 4.9787014 4.0663374
OS 4.9790346 4.0662541
OS 4.9796177 4.0661708
OS 4.9803674 4.0660042
OS 4.9812004 4.0658376
OS 4.9821167 4.065671
OS 4.9841159 4.0651712
OS 4.9841992 4.0651712
OS 4.9844491 4.0650879
OS 4.9848656 4.0649213
OS 4.9854487 4.0647547
OS 4.9861151 4.0645048
OS 4.9868648 4.0642549
OS 4.9885308 4.0635052
OS 4.9886141 4.0634219
OS 4.9889473 4.0633386
OS 4.9893638 4.063172
OS 4.9899469 4.0629221
OS 4.9912797 4.062339
OS 4.9919461 4.0620058
OS 4.9925292 4.0616726
OS 4.9925292 4.0474283
OS 4.9909465 4.0474283
OS 4.9908632 4.0475116
OS 4.9907799 4.0475949
OS 4.99053 4.0477615
OS 4.9901968 4.0480947
OS 4.9893638 4.0487611
OS 4.9881976 4.0496774
OS 4.9881143 4.0497607
OS 4.9879477 4.0499273
OS 4.9875312 4.0501772
OS 4.9871147 4.0505104
OS 4.9865316 4.0509269
OS 4.9859485 4.0513434
OS 4.9844491 4.052343
OS 4.9843658 4.0524263
OS 4.9841159 4.0525929
OS 4.9836161 4.0527595
OS 4.9831163 4.0530927
OS 4.9823666 4.0534259
OS 4.9816169 4.0537591
OS 4.9807006 4.0541756
OS 4.9797843 4.0545088
OS 4.979701 4.0545921
OS 4.9793678 4.0546754
OS 4.978868 4.054842
OS 4.9782016 4.0550086
OS 4.9773686 4.0551752
OS 4.9765356 4.0552585
OS 4.975536 4.0554251
OS 4.9739533 4.0554251
OS 4.9733702 4.0553418
OS 4.9725372 4.0552585
OS 4.9716209 4.0551752
OS 4.9706213 4.0550086
OS 4.9696217 4.0546754
OS 4.9685388 4.0543422
OS 4.9684555 4.0542589
OS 4.9681223 4.0541756
OS 4.9675392 4.0539257
OS 4.9668728 4.0535092
OS 4.9661231 4.0530094
OS 4.9652068 4.0524263
OS 4.9642905 4.0516766
OS 4.9633742 4.0507603
OS 4.9632909 4.050677
OS 4.963041 4.0503438
OS 4.9626245 4.049844
OS 4.9620414 4.0491776
OS 4.9614583 4.0482613
OS 4.9608752 4.0471784
OS 4.9602921 4.0459289
OS 4.959709 4.0445128
OS 4.959709 4.0444295
OS 4.9596257 4.0443462
OS 4.9595424 4.0440963
OS 4.9594591 4.0438464
OS 4.9592925 4.0430134
OS 4.9590426 4.0419305
OS 4.9587094 4.0405144
OS 4.9585428 4.0389317
OS 4.9583762 4.0371824
OS 4.9582929 4.0352665
OS 4.9582929 4.0351832
OS 4.9582929 4.0350166
OS 4.9582929 4.0347667
OS 4.9582929 4.0343502
OS 4.9583762 4.0338504
OS 4.9583762 4.0332673
OS 4.9584595 4.0320178
OS 4.9586261 4.0305184
OS 4.958876 4.0289357
OS 4.9592092 4.027353
OS 4.959709 4.0258536
OS 4.9597923 4.025687
OS 4.9599589 4.0251872
OS 4.9602921 4.0245208
OS 4.9607919 4.0236878
OS 4.9612917 4.0226882
OS 4.9619581 4.0216053
OS 4.9627911 4.0206057
OS 4.9636241 4.0196894
OS 4.9637074 4.0196061
OS 4.9640406 4.0193562
OS 4.9645404 4.0189397
OS 4.9652068 4.0184399
OS 4.9659565 4.0179401
OS 4.9668728 4.017357
OS 4.9678724 4.0168572
OS 4.968872 4.0164407
OS 4.9690386 4.0164407
OS 4.9693718 4.0162741
OS 4.9699549 4.0161075
OS 4.9707046 4.0159409
OS 4.9715376 4.0157743
OS 4.9725372 4.0156077
OS 4.9735368 4.0155244
OS 4.9746197 4.0154411
OS 4.9751195 4.0154411
OS 4.9757026 4.0155244
OS 4.9764523 4.0155244
OS 4.9772853 4.015691
OS 4.9782849 4.0158576
OS 4.9792845 4.0160242
OS 4.9802841 4.0163574
OS 4.9803674 4.0164407
OS 4.9807839 4.016524
OS 4.9812837 4.0167739
OS 4.9818668 4.0170238
OS 4.9826165 4.017357
OS 4.9833662 4.0176902
OS 4.9841159 4.01819
OS 4.9848656 4.0186065
OS 4.9849489 4.0186898
OS 4.9851988 4.0188564
OS 4.9856153 4.0191063
OS 4.9861151 4.0193562
OS 4.9872813 4.0201892
OS 4.9884475 4.0211055
OS 4.9885308 4.0211888
OS 4.9886974 4.0213554
OS 4.9889473 4.021522
OS 4.9893638 4.0218552
OS 4.9901968 4.0226049
OS 4.9911131 4.0234379
OS 4.9925292 4.0234379
OS 4.9925292 4.0092769
OS 4.9924459 4.0092769
OS 4.992196 4.0091103
OS 4.9918628 4.0089437
OS 4.9914463 4.0087771
OS 4.9908632 4.0084439
OS 4.9901968 4.008194
OS 4.9886141 4.0074443
OS 4.9885308 4.0074443
OS 4.9882809 4.0072777
OS 4.9877811 4.0071111
OS 4.9872813 4.0068612
OS 4.9866149 4.0066113
OS 4.9858652 4.0063614
OS 4.9841992 4.0057783
OS 4.9841159 4.0057783
OS 4.9836994 4.005695
OS 4.9831996 4.0055284
OS 4.9824499 4.0053618
OS 4.9816169 4.0051952
OS 4.9807839 4.0049453
OS 4.978868 4.0046121
OS 4.9787847 4.0046121
OS 4.9784515 4.0045288
OS 4.9778684 4.0044455
OS 4.9771187 4.0043622
OS 4.9762024 4.0042789
OS 4.9750362 4.0041956
OS 4.9736201 4.0041123
OS 4.9715376 4.0041123
OS 4.9707879 4.0041956
OS 4.9698716 4.0042789
OS 4.9687054 4.0043622
OS 4.9673726 4.0045288
OS 4.9659565 4.0047787
OS 4.9643738 4.0051119
OS 4.9626245 4.0055284
OS 4.9608752 4.0061115
OS 4.9591259 4.0067779
OS 4.9572933 4.0075276
OS 4.955544 4.0085272
OS 4.9537947 4.0096101
OS 4.952212 4.0108596
OS 4.9506293 4.0122757
OS 4.950546 4.012359
OS 4.9502961 4.0126922
OS 4.9498796 4.0131087
OS 4.9493798 4.0137751
OS 4.9487967 4.0146081
OS 4.9481303 4.0156077
OS 4.9473806 4.0168572
OS 4.9467142 4.01819
OS 4.9459645 4.0197727
OS 4.9452148 4.021522
OS 4.9445484 4.0233546
OS 4.9439653 4.0254371
OS 4.9434655 4.0276862
OS 4.943049 4.0301019
OS 4.9427991 4.0326009
OS 4.9427158 4.0353498
OS 4.9427158 4.0354331
OS 4.9427158 4.0355164
OS 4.9427158 4.0360162
OS 4.9427991 4.0367659
OS 4.9428824 4.0377655
OS 4.9429657 4.0389317
OS 4.9431323 4.0403478
OS 4.9433822 4.0419305
OS 4.9437154 4.0435965
OS 4.9441319 4.0453458
OS 4.9446317 4.0472617
OS 4.9452981 4.0490943
OS 4.9460478 4.0510102
OS 4.9469641 4.0529261
OS 4.948047 4.0547587
OS 4.9492132 4.056508
OS 4.9506293 4.058174
OS 4.9507126 4.0582573
OS 4.9509625 4.0585072
OS 4.9514623 4.059007
OS 4.9521287 4.0595068
OS 4.9528784 4.0601732
OS 4.953878 4.0609229
OS 4.9550442 4.0616726
OS 4.9562937 4.0625056
OS 4.9577931 4.0632553
OS 4.9593758 4.064005
OS 4.9611251 4.0647547
OS 4.963041 4.0654211
OS 4.9651235 4.0660042
OS 4.9672893 4.0664207
OS 4.9696217 4.0666706
OS 4.9721207 4.0667539
OS 4.9733702 4.0667539
OS 4.9742865 4.0666706
OE
OB 5.0733302 4.056508 H
OS 5.0728304 4.056508
OS 5.0724972 4.0564247
OS 5.0716642 4.0562581
OS 5.0706646 4.0559249
OS 5.0705813 4.0559249
OS 5.0704147 4.0558416
OS 5.0702481 4.055675
OS 5.0699149 4.0555084
OS 5.0690819 4.054842
OS 5.0682489 4.054009
OS 5.0681656 4.0539257
OS 5.0680823 4.0537591
OS 5.0679157 4.0535092
OS 5.0676658 4.053176
OS 5.0674159 4.0526762
OS 5.0670827 4.0520931
OS 5.0668328 4.0514267
OS 5.0664996 4.0505937
OS 5.0664996 4.0505104
OS 5.0664163 4.0501772
OS 5.066333 4.0497607
OS 5.0661664 4.0490943
OS 5.0660831 4.0484279
OS 5.0659165 4.0475116
OS 5.0658332 4.0465953
OS 5.0658332 4.0455957
OS 5.0658332 4.0454291
OS 5.0658332 4.0450959
OS 5.0658332 4.0445961
OS 5.0659165 4.0439297
OS 5.0659998 4.0430967
OS 5.0660831 4.042347
OS 5.0662497 4.041514
OS 5.0664996 4.0407643
OS 5.0664996 4.040681
OS 5.0666662 4.0404311
OS 5.0668328 4.0400979
OS 5.0670827 4.0396814
OS 5.0676658 4.0387651
OS 5.0685821 4.0377655
OS 5.0686654 4.0376822
OS 5.068832 4.0375989
OS 5.0690819 4.0374323
OS 5.0694151 4.0371824
OS 5.0703314 4.0366826
OS 5.0714976 4.0362661
OS 5.0715809 4.0362661
OS 5.0718308 4.0361828
OS 5.072164 4.0360995
OS 5.0725805 4.0360995
OS 5.0731636 4.0360162
OS 5.0737467 4.0359329
OS 5.0751628 4.0358496
OS 5.0757459 4.0358496
OS 5.0762457 4.0359329
OS 5.0773286 4.0360162
OS 5.0785781 4.0362661
OS 5.0786614 4.0362661
OS 5.0789113 4.0363494
OS 5.0792445 4.0364327
OS 5.079661 4.0365993
OS 5.0805773 4.0369325
OS 5.0814936 4.0372657
OS 5.0814936 4.037349
OS 5.0814936 4.0375989
OS 5.0814936 4.0379321
OS 5.0815769 4.0385152
OS 5.0815769 4.0386818
OS 5.0816602 4.0391816
OS 5.0816602 4.0399313
OS 5.0816602 4.0410142
OS 5.0816602 4.0410975
OS 5.0816602 4.0412641
OS 5.0816602 4.041514
OS 5.0816602 4.0418472
OS 5.0816602 4.0427635
OS 5.0815769 4.0438464
OS 5.0814936 4.0451792
OS 5.081327 4.046512
OS 5.0810771 4.0478448
OS 5.0808272 4.0490943
OS 5.0808272 4.0492609
OS 5.0806606 4.0495941
OS 5.080494 4.0501772
OS 5.0802441 4.0509269
OS 5.0794944 4.0525096
OS 5.0789946 4.0532593
OS 5.0784948 4.054009
OS 5.0784115 4.0540923
OS 5.0783282 4.0542589
OS 5.0778284 4.0547587
OS 5.0769954 4.0553418
OS 5.0760791 4.0559249
OS 5.0759958 4.0559249
OS 5.0758292 4.0560082
OS 5.0755793 4.0560915
OS 5.0752461 4.0562581
OS 5.0744131 4.0564247
OS 5.0733302 4.056508
OE
SE
S P 0
OB 5.1141165 1.7438359 I
OS 5.1150328 1.7437526
OS 5.1160324 1.7436693
OS 5.1171986 1.7435027
OS 5.1184481 1.7433361
OS 5.1210304 1.742753
OS 5.1224465 1.7423365
OS 5.1237793 1.74192
OS 5.1251121 1.7413369
OS 5.1263616 1.7406705
OS 5.1275278 1.7399208
OS 5.1286107 1.7390878
OS 5.128694 1.7390045
OS 5.1288606 1.7388379
OS 5.1291105 1.738588
OS 5.129527 1.7382548
OS 5.1299435 1.737755
OS 5.13036 1.7371719
OS 5.1308598 1.7364222
OS 5.1314429 1.7356725
OS 5.1319427 1.7347562
OS 5.1324425 1.7337566
OS 5.132859 1.7325904
OS 5.1333588 1.7314242
OS 5.133692 1.7301747
OS 5.1339419 1.7287586
OS 5.1341085 1.7272592
OS 5.1341918 1.7256765
OS 5.1341918 1.7255932
OS 5.1341918 1.7254266
OS 5.1341918 1.7251767
OS 5.1341918 1.7247602
OS 5.1341085 1.7242604
OS 5.1340252 1.7236773
OS 5.1338586 1.7223445
OS 5.1335254 1.7206785
OS 5.1331089 1.7189292
OS 5.1324425 1.7170133
OS 5.1316095 1.7150974
OS 5.1316095 1.7150141
OS 5.1315262 1.7148475
OS 5.1313596 1.7145976
OS 5.1311097 1.7141811
OS 5.1308598 1.7137646
OS 5.1305266 1.7131815
OS 5.1296103 1.7118487
OS 5.1284441 1.7101827
OS 5.127028 1.7083501
OS 5.1252787 1.7063509
OS 5.1232795 1.7041851
OS 5.1231129 1.7040185
OS 5.1226964 1.703602
OS 5.1219467 1.7028523
OS 5.1210304 1.7020193
OS 5.1199475 1.7010197
OS 5.1187813 1.6999368
OS 5.116199 1.6976877
OS 5.1160324 1.6976044
OS 5.1156159 1.6972712
OS 5.1150328 1.6967714
OS 5.1142831 1.6961883
OS 5.1126171 1.6948555
OS 5.1118674 1.6942724
OS 5.111201 1.6937726
OS 5.1368574 1.6937726
OS 5.1368574 1.6824438
OS 5.0925418 1.6824438
OS 5.0925418 1.6921899
OS 5.0926251 1.6922732
OS 5.0927917 1.6923565
OS 5.0931249 1.6926064
OS 5.0934581 1.6929396
OS 5.0939579 1.6933561
OS 5.094541 1.6938559
OS 5.0958738 1.6949388
OS 5.0974565 1.6961883
OS 5.0991225 1.6976044
OS 5.1008718 1.6991038
OS 5.1026211 1.7006032
OS 5.1027044 1.7006865
OS 5.1027877 1.7007698
OS 5.1030376 1.7010197
OS 5.1033708 1.7012696
OS 5.1042038 1.7020193
OS 5.1052867 1.7030189
OS 5.1065362 1.7041851
OS 5.107869 1.7055179
OS 5.1092018 1.7068507
OS 5.1105346 1.7081835
OS 5.1106179 1.7082668
OS 5.1107012 1.7084334
OS 5.1109511 1.7086
OS 5.1112843 1.7089332
OS 5.112034 1.7098495
OS 5.1130336 1.7109324
OS 5.1140332 1.7122652
OS 5.1151161 1.713598
OS 5.1161157 1.7150141
OS 5.1169487 1.7163469
OS 5.117032 1.7165135
OS 5.1172819 1.71693
OS 5.1176151 1.7176797
OS 5.1179483 1.718596
OS 5.1182815 1.7196789
OS 5.1186147 1.7208451
OS 5.1188646 1.7221779
OS 5.1189479 1.723594
OS 5.1189479 1.7236773
OS 5.1189479 1.7237606
OS 5.1189479 1.7242604
OS 5.1187813 1.7250934
OS 5.1186147 1.7260097
OS 5.1182815 1.7270093
OS 5.117865 1.7280922
OS 5.1171986 1.7291751
OS 5.1163656 1.7300914
OS 5.1162823 1.7301747
OS 5.1159491 1.7304246
OS 5.115366 1.7308411
OS 5.114533 1.7312576
OS 5.1135334 1.7315908
OS 5.1123672 1.7320073
OS 5.1109511 1.7322572
OS 5.1093684 1.7323405
OS 5.1085354 1.7323405
OS 5.1079523 1.7322572
OS 5.1072859 1.7321739
OS 5.1066195 1.7320906
OS 5.1050368 1.7317574
OS 5.1049535 1.7317574
OS 5.1047036 1.7316741
OS 5.1042871 1.7315075
OS 5.103704 1.7313409
OS 5.1031209 1.7311743
OS 5.1023712 1.7308411
OS 5.1008718 1.730258
OS 5.1007885 1.730258
OS 5.1005386 1.7300914
OS 5.1001221 1.7299248
OS 5.0996223 1.7296749
OS 5.0984561 1.7290918
OS 5.0972899 1.7283421
OS 5.0972066 1.7283421
OS 5.09704 1.7281755
OS 5.0965402 1.7278423
OS 5.0957905 1.7274258
OS 5.0952074 1.7270093
OS 5.0940412 1.7270093
OS 5.0940412 1.7400874
OS 5.0941245 1.7401707
OS 5.094541 1.7403373
OS 5.0951241 1.7405872
OS 5.0959571 1.7408371
OS 5.09704 1.7412536
OS 5.0984561 1.7416701
OS 5.1000388 1.7420866
OS 5.1019547 1.7425864
OS 5.102038 1.7425864
OS 5.1022046 1.7426697
OS 5.1024545 1.742753
OS 5.102871 1.7428363
OS 5.1033708 1.7429196
OS 5.1039539 1.7430029
OS 5.1052867 1.7432528
OS 5.1068694 1.7435027
OS 5.1086187 1.7437526
OS 5.1104513 1.7438359
OS 5.1123672 1.7439192
OS 5.1133668 1.7439192
OS 5.1141165 1.7438359
OE
OB 5.0689679 1.6929396 I
OS 5.0813796 1.6929396
OS 5.0813796 1.6824438
OS 5.0416455 1.6824438
OS 5.0416455 1.6929396
OS 5.0543071 1.6929396
OS 5.0543071 1.7247602
OS 5.0416455 1.7247602
OS 5.0416455 1.7345896
OS 5.0426451 1.7345896
OS 5.0433948 1.7346729
OS 5.0442278 1.7346729
OS 5.0451441 1.7347562
OS 5.0471433 1.7349228
OS 5.0472266 1.7349228
OS 5.0476431 1.7350061
OS 5.0481429 1.7350894
OS 5.048726 1.7351727
OS 5.0501421 1.7355892
OS 5.0508918 1.7358391
OS 5.0515582 1.736089
OS 5.0516415 1.7361723
OS 5.0518914 1.7362556
OS 5.0522246 1.7365055
OS 5.0526411 1.7367554
OS 5.0536407 1.7375884
OS 5.054557 1.7386713
OS 5.0546403 1.7387546
OS 5.0547236 1.7390045
OS 5.0548902 1.7393377
OS 5.0551401 1.7398375
OS 5.0553067 1.7404206
OS 5.0554733 1.7411703
OS 5.0556399 1.74192
OS 5.0557232 1.7428363
OS 5.0689679 1.7428363
OS 5.0689679 1.6929396
OE
OB 5.0128237 1.7438359 I
OS 5.0138233 1.7438359
OS 5.0149062 1.7437526
OS 5.017072 1.7435027
OS 5.0172386 1.7435027
OS 5.0175718 1.7434194
OS 5.0181549 1.7433361
OS 5.0189046 1.7431695
OS 5.0197376 1.7430029
OS 5.0206539 1.7428363
OS 5.0226531 1.7423365
OS 5.0227364 1.7423365
OS 5.0229863 1.7422532
OS 5.0234028 1.7420866
OS 5.0239859 1.74192
OS 5.0246523 1.7416701
OS 5.025402 1.7414202
OS 5.027068 1.7406705
OS 5.0271513 1.7405872
OS 5.0274845 1.7405039
OS 5.027901 1.7403373
OS 5.0284841 1.7400874
OS 5.0298169 1.7395043
OS 5.0304833 1.7391711
OS 5.0310664 1.7388379
OS 5.0310664 1.7245936
OS 5.0294837 1.7245936
OS 5.0294004 1.7246769
OS 5.0293171 1.7247602
OS 5.0290672 1.7249268
OS 5.028734 1.72526
OS 5.027901 1.7259264
OS 5.0267348 1.7268427
OS 5.0266515 1.726926
OS 5.0264849 1.7270926
OS 5.0260684 1.7273425
OS 5.0256519 1.7276757
OS 5.0250688 1.7280922
OS 5.0244857 1.7285087
OS 5.0229863 1.7295083
OS 5.022903 1.7295916
OS 5.0226531 1.7297582
OS 5.0221533 1.7299248
OS 5.0216535 1.730258
OS 5.0209038 1.7305912
OS 5.0201541 1.7309244
OS 5.0192378 1.7313409
OS 5.0183215 1.7316741
OS 5.0182382 1.7317574
OS 5.017905 1.7318407
OS 5.0174052 1.7320073
OS 5.0167388 1.7321739
OS 5.0159058 1.7323405
OS 5.0150728 1.7324238
OS 5.0140732 1.7325904
OS 5.0124905 1.7325904
OS 5.0119074 1.7325071
OS 5.0110744 1.7324238
OS 5.0101581 1.7323405
OS 5.0091585 1.7321739
OS 5.0081589 1.7318407
OS 5.007076 1.7315075
OS 5.0069927 1.7314242
OS 5.0066595 1.7313409
OS 5.0060764 1.731091
OS 5.00541 1.7306745
OS 5.0046603 1.7301747
OS 5.003744 1.7295916
OS 5.0028277 1.7288419
OS 5.0019114 1.7279256
OS 5.0018281 1.7278423
OS 5.0015782 1.7275091
OS 5.0011617 1.7270093
OS 5.0005786 1.7263429
OS 4.9999955 1.7254266
OS 4.9994124 1.7243437
OS 4.9988293 1.7230942
OS 4.9982462 1.7216781
OS 4.9982462 1.7215948
OS 4.9981629 1.7215115
OS 4.9980796 1.7212616
OS 4.9979963 1.7210117
OS 4.9978297 1.7201787
OS 4.9975798 1.7190958
OS 4.9972466 1.7176797
OS 4.99708 1.716097
OS 4.9969134 1.7143477
OS 4.9968301 1.7124318
OS 4.9968301 1.7123485
OS 4.9968301 1.7121819
OS 4.9968301 1.711932
OS 4.9968301 1.7115155
OS 4.9969134 1.7110157
OS 4.9969134 1.7104326
OS 4.9969967 1.7091831
OS 4.9971633 1.7076837
OS 4.9974132 1.706101
OS 4.9977464 1.7045183
OS 4.9982462 1.7030189
OS 4.9983295 1.7028523
OS 4.9984961 1.7023525
OS 4.9988293 1.7016861
OS 4.9993291 1.7008531
OS 4.9998289 1.6998535
OS 5.0004953 1.6987706
OS 5.0013283 1.697771
OS 5.0021613 1.6968547
OS 5.0022446 1.6967714
OS 5.0025778 1.6965215
OS 5.0030776 1.696105
OS 5.003744 1.6956052
OS 5.0044937 1.6951054
OS 5.00541 1.6945223
OS 5.0064096 1.6940225
OS 5.0074092 1.693606
OS 5.0075758 1.693606
OS 5.007909 1.6934394
OS 5.0084921 1.6932728
OS 5.0092418 1.6931062
OS 5.0100748 1.6929396
OS 5.0110744 1.692773
OS 5.012074 1.6926897
OS 5.0131569 1.6926064
OS 5.0136567 1.6926064
OS 5.0142398 1.6926897
OS 5.0149895 1.6926897
OS 5.0158225 1.6928563
OS 5.0168221 1.6930229
OS 5.0178217 1.6931895
OS 5.0188213 1.6935227
OS 5.0189046 1.693606
OS 5.0193211 1.6936893
OS 5.0198209 1.6939392
OS 5.020404 1.6941891
OS 5.0211537 1.6945223
OS 5.0219034 1.6948555
OS 5.0226531 1.6953553
OS 5.0234028 1.6957718
OS 5.0234861 1.6958551
OS 5.023736 1.6960217
OS 5.0241525 1.6962716
OS 5.0246523 1.6965215
OS 5.0258185 1.6973545
OS 5.0269847 1.6982708
OS 5.027068 1.6983541
OS 5.0272346 1.6985207
OS 5.0274845 1.6986873
OS 5.027901 1.6990205
OS 5.028734 1.6997702
OS 5.0296503 1.7006032
OS 5.0310664 1.7006032
OS 5.0310664 1.6864422
OS 5.0309831 1.6864422
OS 5.0307332 1.6862756
OS 5.0304 1.686109
OS 5.0299835 1.6859424
OS 5.0294004 1.6856092
OS 5.028734 1.6853593
OS 5.0271513 1.6846096
OS 5.027068 1.6846096
OS 5.0268181 1.684443
OS 5.0263183 1.6842764
OS 5.0258185 1.6840265
OS 5.0251521 1.6837766
OS 5.0244024 1.6835267
OS 5.0227364 1.6829436
OS 5.0226531 1.6829436
OS 5.0222366 1.6828603
OS 5.0217368 1.6826937
OS 5.0209871 1.6825271
OS 5.0201541 1.6823605
OS 5.0193211 1.6821106
OS 5.0174052 1.6817774
OS 5.0173219 1.6817774
OS 5.0169887 1.6816941
OS 5.0164056 1.6816108
OS 5.0156559 1.6815275
OS 5.0147396 1.6814442
OS 5.0135734 1.6813609
OS 5.0121573 1.6812776
OS 5.0100748 1.6812776
OS 5.0093251 1.6813609
OS 5.0084088 1.6814442
OS 5.0072426 1.6815275
OS 5.0059098 1.6816941
OS 5.0044937 1.681944
OS 5.002911 1.6822772
OS 5.0011617 1.6826937
OS 4.9994124 1.6832768
OS 4.9976631 1.6839432
OS 4.9958305 1.6846929
OS 4.9940812 1.6856925
OS 4.9923319 1.6867754
OS 4.9907492 1.6880249
OS 4.9891665 1.689441
OS 4.9890832 1.6895243
OS 4.9888333 1.6898575
OS 4.9884168 1.690274
OS 4.987917 1.6909404
OS 4.9873339 1.6917734
OS 4.9866675 1.692773
OS 4.9859178 1.6940225
OS 4.9852514 1.6953553
OS 4.9845017 1.696938
OS 4.983752 1.6986873
OS 4.9830856 1.7005199
OS 4.9825025 1.7026024
OS 4.9820027 1.7048515
OS 4.9815862 1.7072672
OS 4.9813363 1.7097662
OS 4.981253 1.7125151
OS 4.981253 1.7125984
OS 4.981253 1.7126817
OS 4.981253 1.7131815
OS 4.9813363 1.7139312
OS 4.9814196 1.7149308
OS 4.9815029 1.716097
OS 4.9816695 1.7175131
OS 4.9819194 1.7190958
OS 4.9822526 1.7207618
OS 4.9826691 1.7225111
OS 4.9831689 1.724427
OS 4.9838353 1.7262596
OS 4.984585 1.7281755
OS 4.9855013 1.7300914
OS 4.9865842 1.731924
OS 4.9877504 1.7336733
OS 4.9891665 1.7353393
OS 4.9892498 1.7354226
OS 4.9894997 1.7356725
OS 4.9899995 1.7361723
OS 4.9906659 1.7366721
OS 4.9914156 1.7373385
OS 4.9924152 1.7380882
OS 4.9935814 1.7388379
OS 4.9948309 1.7396709
OS 4.9963303 1.7404206
OS 4.997913 1.7411703
OS 4.9996623 1.74192
OS 5.0015782 1.7425864
OS 5.0036607 1.7431695
OS 5.0058265 1.743586
OS 5.0081589 1.7438359
OS 5.0106579 1.7439192
OS 5.0119074 1.7439192
OS 5.0128237 1.7438359
OE
SE
S P 0
OB 5.1349832 2.134108 I
OS 5.1093268 2.134108
OS 5.1093268 2.1240287
OS 5.1098266 2.1240287
OS 5.1101598 2.124112
OS 5.1109928 2.124112
OS 5.112159 2.1241953
OS 5.1127421 2.1241953
OS 5.1131586 2.1242786
OS 5.1155743 2.1242786
OS 5.1164073 2.1241953
OS 5.1174902 2.1241953
OS 5.1186564 2.1240287
OS 5.1199892 2.1238621
OS 5.1214053 2.1236955
OS 5.1228214 2.1233623
OS 5.122988 2.1233623
OS 5.1234045 2.1231957
OS 5.1241542 2.1230291
OS 5.1249872 2.1226959
OS 5.1259868 2.1223627
OS 5.127153 2.1218629
OS 5.1282359 2.1213631
OS 5.1293188 2.1206967
OS 5.1294854 2.1206134
OS 5.1299019 2.1202802
OS 5.1305683 2.1197804
OS 5.131318 2.119114
OS 5.132151 2.118281
OS 5.1330673 2.1171981
OS 5.1339836 2.1160319
OS 5.1347333 2.1146991
OS 5.1348166 2.1145325
OS 5.1350665 2.1140327
OS 5.1353164 2.1131997
OS 5.1357329 2.1121168
OS 5.1360661 2.110784
OS 5.136316 2.1092846
OS 5.1365659 2.107452
OS 5.1366492 2.1055361
OS 5.1366492 2.1054528
OS 5.1366492 2.1053695
OS 5.1366492 2.1051196
OS 5.1366492 2.1047864
OS 5.1365659 2.1038701
OS 5.1364826 2.1027039
OS 5.1362327 2.1013711
OS 5.1359828 2.099955
OS 5.1355663 2.0983723
OS 5.1349832 2.0968729
OS 5.1349832 2.0967896
OS 5.1348999 2.0967063
OS 5.13465 2.0962065
OS 5.1343168 2.0954568
OS 5.133817 2.0945405
OS 5.1331506 2.0934576
OS 5.1323176 2.0922914
OS 5.131318 2.0911252
OS 5.1302351 2.089959
OS 5.1300685 2.0897924
OS 5.129652 2.0894592
OS 5.1289856 2.0889594
OS 5.1280693 2.088293
OS 5.1269864 2.0875433
OS 5.1257369 2.0867936
OS 5.1242375 2.0861272
OS 5.1226548 2.0854608
OS 5.1225715 2.0854608
OS 5.1224882 2.0853775
OS 5.1222383 2.0852942
OS 5.1219051 2.0852109
OS 5.1214886 2.0851276
OS 5.1209888 2.084961
OS 5.1197393 2.0847111
OS 5.1181566 2.0844612
OS 5.116324 2.0842113
OS 5.1142415 2.0840447
OS 5.1119924 2.0839614
OS 5.1109095 2.0839614
OS 5.1103264 2.0840447
OS 5.10966 2.0840447
OS 5.1080773 2.084128
OS 5.1062447 2.0842946
OS 5.1043288 2.0844612
OS 5.1023296 2.0847944
OS 5.1004137 2.0851276
OS 5.1003304 2.0851276
OS 5.1001638 2.0852109
OS 5.0999139 2.0852109
OS 5.0995807 2.0852942
OS 5.0987477 2.0855441
OS 5.0975815 2.0858773
OS 5.096332 2.0862105
OS 5.0949992 2.086627
OS 5.0937497 2.0870435
OS 5.0925002 2.0875433
OS 5.0925002 2.1007047
OS 5.0939163 2.1007047
OS 5.0939996 2.1006214
OS 5.0942495 2.1004548
OS 5.0945827 2.1002882
OS 5.0954157 2.0997884
OS 5.0964153 2.0992053
OS 5.0964986 2.0992053
OS 5.0966652 2.0990387
OS 5.0969984 2.0988721
OS 5.0974149 2.0987055
OS 5.0979147 2.0984556
OS 5.0985811 2.0981224
OS 5.0992475 2.0977892
OS 5.1000805 2.097456
OS 5.1001638 2.097456
OS 5.100497 2.0972894
OS 5.1009135 2.0971228
OS 5.1014133 2.0969562
OS 5.1020797 2.0967063
OS 5.1028294 2.0965397
OS 5.1044121 2.0960399
OS 5.1044954 2.0960399
OS 5.1048286 2.0959566
OS 5.1052451 2.0958733
OS 5.1059115 2.09579
OS 5.1066612 2.0957067
OS 5.1074942 2.0956234
OS 5.1084105 2.0955401
OS 5.1103264 2.0955401
OS 5.1109095 2.0956234
OS 5.1116592 2.0957067
OS 5.1124922 2.09579
OS 5.1144081 2.0961232
OS 5.1144914 2.0961232
OS 5.1149079 2.0962065
OS 5.1154077 2.0963731
OS 5.1159908 2.096623
OS 5.1174069 2.0972894
OS 5.1181566 2.0977059
OS 5.118823 2.0982057
OS 5.1189063 2.098289
OS 5.1190729 2.0984556
OS 5.1192395 2.0987055
OS 5.1195727 2.0990387
OS 5.1201558 2.0998717
OS 5.1207389 2.1009546
OS 5.1207389 2.1010379
OS 5.1208222 2.1012045
OS 5.1209888 2.1015377
OS 5.1211554 2.1020375
OS 5.1212387 2.1026206
OS 5.1214053 2.103287
OS 5.1214886 2.1040367
OS 5.1214886 2.104953
OS 5.1214886 2.1050363
OS 5.1214886 2.1052862
OS 5.1214053 2.1057027
OS 5.1214053 2.1062025
OS 5.1210721 2.107452
OS 5.1209055 2.1080351
OS 5.1205723 2.1086182
OS 5.1205723 2.1087015
OS 5.1204057 2.1088681
OS 5.1202391 2.109118
OS 5.1199892 2.1095345
OS 5.1192395 2.1102842
OS 5.1183232 2.1111172
OS 5.1182399 2.1112005
OS 5.11799 2.1113671
OS 5.1174902 2.1115337
OS 5.1169071 2.1118669
OS 5.1161574 2.1121168
OS 5.1153244 2.11245
OS 5.1144081 2.1126999
OS 5.1133252 2.1128665
OS 5.1131586 2.1128665
OS 5.1128254 2.1129498
OS 5.1123256 2.1130331
OS 5.1115759 2.1131164
OS 5.1108262 2.1131164
OS 5.1099932 2.1131997
OS 5.1082439 2.113283
OS 5.1069944 2.113283
OS 5.1061614 2.1131997
OS 5.1051618 2.1131164
OS 5.1040789 2.1130331
OS 5.1017465 2.1126999
OS 5.1015799 2.1126999
OS 5.1012467 2.1126166
OS 5.1006636 2.1125333
OS 5.0999139 2.1123667
OS 5.0990809 2.1122001
OS 5.0981646 2.1120335
OS 5.096332 2.111617
OS 5.0950825 2.111617
OS 5.0950825 2.1454368
OS 5.1349832 2.1454368
OS 5.1349832 2.134108
OE
OB 5.0701758 2.0957067 I
OS 5.0825875 2.0957067
OS 5.0825875 2.0852109
OS 5.0428534 2.0852109
OS 5.0428534 2.0957067
OS 5.055515 2.0957067
OS 5.055515 2.1275273
OS 5.0428534 2.1275273
OS 5.0428534 2.1373567
OS 5.043853 2.1373567
OS 5.0446027 2.13744
OS 5.0454357 2.13744
OS 5.046352 2.1375233
OS 5.0483512 2.1376899
OS 5.0484345 2.1376899
OS 5.048851 2.1377732
OS 5.0493508 2.1378565
OS 5.0499339 2.1379398
OS 5.05135 2.1383563
OS 5.0520997 2.1386062
OS 5.0527661 2.1388561
OS 5.0528494 2.1389394
OS 5.0530993 2.1390227
OS 5.0534325 2.1392726
OS 5.053849 2.1395225
OS 5.0548486 2.1403555
OS 5.0557649 2.1414384
OS 5.0558482 2.1415217
OS 5.0559315 2.1417716
OS 5.0560981 2.1421048
OS 5.056348 2.1426046
OS 5.0565146 2.1431877
OS 5.0566812 2.1439374
OS 5.0568478 2.1446871
OS 5.0569311 2.1456034
OS 5.0701758 2.1456034
OS 5.0701758 2.0957067
OE
OB 5.0140316 2.146603 I
OS 5.0150312 2.146603
OS 5.0161141 2.1465197
OS 5.0182799 2.1462698
OS 5.0184465 2.1462698
OS 5.0187797 2.1461865
OS 5.0193628 2.1461032
OS 5.0201125 2.1459366
OS 5.0209455 2.14577
OS 5.0218618 2.1456034
OS 5.023861 2.1451036
OS 5.0239443 2.1451036
OS 5.0241942 2.1450203
OS 5.0246107 2.1448537
OS 5.0251938 2.1446871
OS 5.0258602 2.1444372
OS 5.0266099 2.1441873
OS 5.0282759 2.1434376
OS 5.0283592 2.1433543
OS 5.0286924 2.143271
OS 5.0291089 2.1431044
OS 5.029692 2.1428545
OS 5.0310248 2.1422714
OS 5.0316912 2.1419382
OS 5.0322743 2.141605
OS 5.0322743 2.1273607
OS 5.0306916 2.1273607
OS 5.0306083 2.127444
OS 5.030525 2.1275273
OS 5.0302751 2.1276939
OS 5.0299419 2.1280271
OS 5.0291089 2.1286935
OS 5.0279427 2.1296098
OS 5.0278594 2.1296931
OS 5.0276928 2.1298597
OS 5.0272763 2.1301096
OS 5.0268598 2.1304428
OS 5.0262767 2.1308593
OS 5.0256936 2.1312758
OS 5.0241942 2.1322754
OS 5.0241109 2.1323587
OS 5.023861 2.1325253
OS 5.0233612 2.1326919
OS 5.0228614 2.1330251
OS 5.0221117 2.1333583
OS 5.021362 2.1336915
OS 5.0204457 2.134108
OS 5.0195294 2.1344412
OS 5.0194461 2.1345245
OS 5.0191129 2.1346078
OS 5.0186131 2.1347744
OS 5.0179467 2.134941
OS 5.0171137 2.1351076
OS 5.0162807 2.1351909
OS 5.0152811 2.1353575
OS 5.0136984 2.1353575
OS 5.0131153 2.1352742
OS 5.0122823 2.1351909
OS 5.011366 2.1351076
OS 5.0103664 2.134941
OS 5.0093668 2.1346078
OS 5.0082839 2.1342746
OS 5.0082006 2.1341913
OS 5.0078674 2.134108
OS 5.0072843 2.1338581
OS 5.0066179 2.1334416
OS 5.0058682 2.1329418
OS 5.0049519 2.1323587
OS 5.0040356 2.131609
OS 5.0031193 2.1306927
OS 5.003036 2.1306094
OS 5.0027861 2.1302762
OS 5.0023696 2.1297764
OS 5.0017865 2.12911
OS 5.0012034 2.1281937
OS 5.0006203 2.1271108
OS 5.0000372 2.1258613
OS 4.9994541 2.1244452
OS 4.9994541 2.1243619
OS 4.9993708 2.1242786
OS 4.9992875 2.1240287
OS 4.9992042 2.1237788
OS 4.9990376 2.1229458
OS 4.9987877 2.1218629
OS 4.9984545 2.1204468
OS 4.9982879 2.1188641
OS 4.9981213 2.1171148
OS 4.998038 2.1151989
OS 4.998038 2.1151156
OS 4.998038 2.114949
OS 4.998038 2.1146991
OS 4.998038 2.1142826
OS 4.9981213 2.1137828
OS 4.9981213 2.1131997
OS 4.9982046 2.1119502
OS 4.9983712 2.1104508
OS 4.9986211 2.1088681
OS 4.9989543 2.1072854
OS 4.9994541 2.105786
OS 4.9995374 2.1056194
OS 4.999704 2.1051196
OS 5.0000372 2.1044532
OS 5.000537 2.1036202
OS 5.0010368 2.1026206
OS 5.0017032 2.1015377
OS 5.0025362 2.1005381
OS 5.0033692 2.0996218
OS 5.0034525 2.0995385
OS 5.0037857 2.0992886
OS 5.0042855 2.0988721
OS 5.0049519 2.0983723
OS 5.0057016 2.0978725
OS 5.0066179 2.0972894
OS 5.0076175 2.0967896
OS 5.0086171 2.0963731
OS 5.0087837 2.0963731
OS 5.0091169 2.0962065
OS 5.0097 2.0960399
OS 5.0104497 2.0958733
OS 5.0112827 2.0957067
OS 5.0122823 2.0955401
OS 5.0132819 2.0954568
OS 5.0143648 2.0953735
OS 5.0148646 2.0953735
OS 5.0154477 2.0954568
OS 5.0161974 2.0954568
OS 5.0170304 2.0956234
OS 5.01803 2.09579
OS 5.0190296 2.0959566
OS 5.0200292 2.0962898
OS 5.0201125 2.0963731
OS 5.020529 2.0964564
OS 5.0210288 2.0967063
OS 5.0216119 2.0969562
OS 5.0223616 2.0972894
OS 5.0231113 2.0976226
OS 5.023861 2.0981224
OS 5.0246107 2.0985389
OS 5.024694 2.0986222
OS 5.0249439 2.0987888
OS 5.0253604 2.0990387
OS 5.0258602 2.0992886
OS 5.0270264 2.1001216
OS 5.0281926 2.1010379
OS 5.0282759 2.1011212
OS 5.0284425 2.1012878
OS 5.0286924 2.1014544
OS 5.0291089 2.1017876
OS 5.0299419 2.1025373
OS 5.0308582 2.1033703
OS 5.0322743 2.1033703
OS 5.0322743 2.0892093
OS 5.032191 2.0892093
OS 5.0319411 2.0890427
OS 5.0316079 2.0888761
OS 5.0311914 2.0887095
OS 5.0306083 2.0883763
OS 5.0299419 2.0881264
OS 5.0283592 2.0873767
OS 5.0282759 2.0873767
OS 5.028026 2.0872101
OS 5.0275262 2.0870435
OS 5.0270264 2.0867936
OS 5.02636 2.0865437
OS 5.0256103 2.0862938
OS 5.0239443 2.0857107
OS 5.023861 2.0857107
OS 5.0234445 2.0856274
OS 5.0229447 2.0854608
OS 5.022195 2.0852942
OS 5.021362 2.0851276
OS 5.020529 2.0848777
OS 5.0186131 2.0845445
OS 5.0185298 2.0845445
OS 5.0181966 2.0844612
OS 5.0176135 2.0843779
OS 5.0168638 2.0842946
OS 5.0159475 2.0842113
OS 5.0147813 2.084128
OS 5.0133652 2.0840447
OS 5.0112827 2.0840447
OS 5.010533 2.084128
OS 5.0096167 2.0842113
OS 5.0084505 2.0842946
OS 5.0071177 2.0844612
OS 5.0057016 2.0847111
OS 5.0041189 2.0850443
OS 5.0023696 2.0854608
OS 5.0006203 2.0860439
OS 4.998871 2.0867103
OS 4.9970384 2.08746
OS 4.9952891 2.0884596
OS 4.9935398 2.0895425
OS 4.9919571 2.090792
OS 4.9903744 2.0922081
OS 4.9902911 2.0922914
OS 4.9900412 2.0926246
OS 4.9896247 2.0930411
OS 4.9891249 2.0937075
OS 4.9885418 2.0945405
OS 4.9878754 2.0955401
OS 4.9871257 2.0967896
OS 4.9864593 2.0981224
OS 4.9857096 2.0997051
OS 4.9849599 2.1014544
OS 4.9842935 2.103287
OS 4.9837104 2.1053695
OS 4.9832106 2.1076186
OS 4.9827941 2.1100343
OS 4.9825442 2.1125333
OS 4.9824609 2.1152822
OS 4.9824609 2.1153655
OS 4.9824609 2.1154488
OS 4.9824609 2.1159486
OS 4.9825442 2.1166983
OS 4.9826275 2.1176979
OS 4.9827108 2.1188641
OS 4.9828774 2.1202802
OS 4.9831273 2.1218629
OS 4.9834605 2.1235289
OS 4.983877 2.1252782
OS 4.9843768 2.1271941
OS 4.9850432 2.1290267
OS 4.9857929 2.1309426
OS 4.9867092 2.1328585
OS 4.9877921 2.1346911
OS 4.9889583 2.1364404
OS 4.9903744 2.1381064
OS 4.9904577 2.1381897
OS 4.9907076 2.1384396
OS 4.9912074 2.1389394
OS 4.9918738 2.1394392
OS 4.9926235 2.1401056
OS 4.9936231 2.1408553
OS 4.9947893 2.141605
OS 4.9960388 2.142438
OS 4.9975382 2.1431877
OS 4.9991209 2.1439374
OS 5.0008702 2.1446871
OS 5.0027861 2.1453535
OS 5.0048686 2.1459366
OS 5.0070344 2.1463531
OS 5.0093668 2.146603
OS 5.0118658 2.1466863
OS 5.0131153 2.1466863
OS 5.0140316 2.146603
OE
SE
S P 0
OB 5.1405796 1.0951555 I
OS 5.1149232 1.0951555
OS 5.1149232 1.0850762
OS 5.115423 1.0850762
OS 5.1157562 1.0851595
OS 5.1165892 1.0851595
OS 5.1177554 1.0852428
OS 5.1183385 1.0852428
OS 5.118755 1.0853261
OS 5.1211707 1.0853261
OS 5.1220037 1.0852428
OS 5.1230866 1.0852428
OS 5.1242528 1.0850762
OS 5.1255856 1.0849096
OS 5.1270017 1.084743
OS 5.1284178 1.0844098
OS 5.1285844 1.0844098
OS 5.1290009 1.0842432
OS 5.1297506 1.0840766
OS 5.1305836 1.0837434
OS 5.1315832 1.0834102
OS 5.1327494 1.0829104
OS 5.1338323 1.0824106
OS 5.1349152 1.0817442
OS 5.1350818 1.0816609
OS 5.1354983 1.0813277
OS 5.1361647 1.0808279
OS 5.1369144 1.0801615
OS 5.1377474 1.0793285
OS 5.1386637 1.0782456
OS 5.13958 1.0770794
OS 5.1403297 1.0757466
OS 5.140413 1.07558
OS 5.1406629 1.0750802
OS 5.1409128 1.0742472
OS 5.1413293 1.0731643
OS 5.1416625 1.0718315
OS 5.1419124 1.0703321
OS 5.1421623 1.0684995
OS 5.1422456 1.0665836
OS 5.1422456 1.0665003
OS 5.1422456 1.066417
OS 5.1422456 1.0661671
OS 5.1422456 1.0658339
OS 5.1421623 1.0649176
OS 5.142079 1.0637514
OS 5.1418291 1.0624186
OS 5.1415792 1.0610025
OS 5.1411627 1.0594198
OS 5.1405796 1.0579204
OS 5.1405796 1.0578371
OS 5.1404963 1.0577538
OS 5.1402464 1.057254
OS 5.1399132 1.0565043
OS 5.1394134 1.055588
OS 5.138747 1.0545051
OS 5.137914 1.0533389
OS 5.1369144 1.0521727
OS 5.1358315 1.0510065
OS 5.1356649 1.0508399
OS 5.1352484 1.0505067
OS 5.134582 1.0500069
OS 5.1336657 1.0493405
OS 5.1325828 1.0485908
OS 5.1313333 1.0478411
OS 5.1298339 1.0471747
OS 5.1282512 1.0465083
OS 5.1281679 1.0465083
OS 5.1280846 1.046425
OS 5.1278347 1.0463417
OS 5.1275015 1.0462584
OS 5.127085 1.0461751
OS 5.1265852 1.0460085
OS 5.1253357 1.0457586
OS 5.123753 1.0455087
OS 5.1219204 1.0452588
OS 5.1198379 1.0450922
OS 5.1175888 1.0450089
OS 5.1165059 1.0450089
OS 5.1159228 1.0450922
OS 5.1152564 1.0450922
OS 5.1136737 1.0451755
OS 5.1118411 1.0453421
OS 5.1099252 1.0455087
OS 5.107926 1.0458419
OS 5.1060101 1.0461751
OS 5.1059268 1.0461751
OS 5.1057602 1.0462584
OS 5.1055103 1.0462584
OS 5.1051771 1.0463417
OS 5.1043441 1.0465916
OS 5.1031779 1.0469248
OS 5.1019284 1.047258
OS 5.1005956 1.0476745
OS 5.0993461 1.048091
OS 5.0980966 1.0485908
OS 5.0980966 1.0617522
OS 5.0995127 1.0617522
OS 5.099596 1.0616689
OS 5.0998459 1.0615023
OS 5.1001791 1.0613357
OS 5.1010121 1.0608359
OS 5.1020117 1.0602528
OS 5.102095 1.0602528
OS 5.1022616 1.0600862
OS 5.1025948 1.0599196
OS 5.1030113 1.059753
OS 5.1035111 1.0595031
OS 5.1041775 1.0591699
OS 5.1048439 1.0588367
OS 5.1056769 1.0585035
OS 5.1057602 1.0585035
OS 5.1060934 1.0583369
OS 5.1065099 1.0581703
OS 5.1070097 1.0580037
OS 5.1076761 1.0577538
OS 5.1084258 1.0575872
OS 5.1100085 1.0570874
OS 5.1100918 1.0570874
OS 5.110425 1.0570041
OS 5.1108415 1.0569208
OS 5.1115079 1.0568375
OS 5.1122576 1.0567542
OS 5.1130906 1.0566709
OS 5.1140069 1.0565876
OS 5.1159228 1.0565876
OS 5.1165059 1.0566709
OS 5.1172556 1.0567542
OS 5.1180886 1.0568375
OS 5.1200045 1.0571707
OS 5.1200878 1.0571707
OS 5.1205043 1.057254
OS 5.1210041 1.0574206
OS 5.1215872 1.0576705
OS 5.1230033 1.0583369
OS 5.123753 1.0587534
OS 5.1244194 1.0592532
OS 5.1245027 1.0593365
OS 5.1246693 1.0595031
OS 5.1248359 1.059753
OS 5.1251691 1.0600862
OS 5.1257522 1.0609192
OS 5.1263353 1.0620021
OS 5.1263353 1.0620854
OS 5.1264186 1.062252
OS 5.1265852 1.0625852
OS 5.1267518 1.063085
OS 5.1268351 1.0636681
OS 5.1270017 1.0643345
OS 5.127085 1.0650842
OS 5.127085 1.0660005
OS 5.127085 1.0660838
OS 5.127085 1.0663337
OS 5.1270017 1.0667502
OS 5.1270017 1.06725
OS 5.1266685 1.0684995
OS 5.1265019 1.0690826
OS 5.1261687 1.0696657
OS 5.1261687 1.069749
OS 5.1260021 1.0699156
OS 5.1258355 1.0701655
OS 5.1255856 1.070582
OS 5.1248359 1.0713317
OS 5.1239196 1.0721647
OS 5.1238363 1.072248
OS 5.1235864 1.0724146
OS 5.1230866 1.0725812
OS 5.1225035 1.0729144
OS 5.1217538 1.0731643
OS 5.1209208 1.0734975
OS 5.1200045 1.0737474
OS 5.1189216 1.073914
OS 5.118755 1.073914
OS 5.1184218 1.0739973
OS 5.117922 1.0740806
OS 5.1171723 1.0741639
OS 5.1164226 1.0741639
OS 5.1155896 1.0742472
OS 5.1138403 1.0743305
OS 5.1125908 1.0743305
OS 5.1117578 1.0742472
OS 5.1107582 1.0741639
OS 5.1096753 1.0740806
OS 5.1073429 1.0737474
OS 5.1071763 1.0737474
OS 5.1068431 1.0736641
OS 5.10626 1.0735808
OS 5.1055103 1.0734142
OS 5.1046773 1.0732476
OS 5.103761 1.073081
OS 5.1019284 1.0726645
OS 5.1006789 1.0726645
OS 5.1006789 1.1064843
OS 5.1405796 1.1064843
OS 5.1405796 1.0951555
OE
OB 5.0665259 1.106401 I
OS 5.0678587 1.1063177
OS 5.0692748 1.1062344
OS 5.0707742 1.1060678
OS 5.0721903 1.1058179
OS 5.0723569 1.1058179
OS 5.0728567 1.1056513
OS 5.0735231 1.1054847
OS 5.0744394 1.1052348
OS 5.0755223 1.1049016
OS 5.0766885 1.1044851
OS 5.077938 1.103902
OS 5.0791042 1.1032356
OS 5.0792708 1.1031523
OS 5.079604 1.1029024
OS 5.0802704 1.1024026
OS 5.0809368 1.1018195
OS 5.0817698 1.1010698
OS 5.0826861 1.1001535
OS 5.0835191 1.0991539
OS 5.0842688 1.0979877
OS 5.0843521 1.0978211
OS 5.084602 1.0974046
OS 5.0848519 1.0967382
OS 5.0852684 1.0958219
OS 5.0856016 1.0946557
OS 5.0858515 1.0932396
OS 5.0861014 1.0916569
OS 5.0861847 1.0899076
OS 5.0861847 1.0898243
OS 5.0861847 1.0895744
OS 5.0861847 1.0892412
OS 5.0861014 1.0887414
OS 5.0861014 1.0881583
OS 5.0860181 1.0874919
OS 5.0857682 1.0859092
OS 5.085435 1.0841599
OS 5.0848519 1.082244
OS 5.0841022 1.0804114
OS 5.0830193 1.0786621
OS 5.0830193 1.0785788
OS 5.0828527 1.0784955
OS 5.0826861 1.0782456
OS 5.0824362 1.0779124
OS 5.0817698 1.0771627
OS 5.0808535 1.0761631
OS 5.079604 1.0750802
OS 5.0781879 1.0739973
OS 5.0765219 1.0728311
OS 5.0746893 1.0718315
OS 5.0950145 1.0462584
OS 5.0765219 1.0462584
OS 5.0597786 1.0683329
OS 5.0544474 1.0683329
OS 5.0544474 1.0462584
OS 5.0393701 1.0462584
OS 5.0393701 1.1064843
OS 5.0652764 1.1064843
OS 5.0665259 1.106401
OE
OB 5.0611947 1.0954887 H
OS 5.0544474 1.0954887
OS 5.0544474 1.0791619
OS 5.0597786 1.0791619
OS 5.0605283 1.0792452
OS 5.0613613 1.0792452
OS 5.0622776 1.0793285
OS 5.0631939 1.0794118
OS 5.0640269 1.0794951
OS 5.0641102 1.0794951
OS 5.0643601 1.0795784
OS 5.0647766 1.0796617
OS 5.0652764 1.0798283
OS 5.0665259 1.0804114
OS 5.0676921 1.0811611
OS 5.0677754 1.0812444
OS 5.067942 1.081411
OS 5.0681919 1.0815776
OS 5.0685251 1.0819108
OS 5.0692748 1.0828271
OS 5.0698579 1.08391
OS 5.0698579 1.0839933
OS 5.0699412 1.0841599
OS 5.0701078 1.0845764
OS 5.0702744 1.0849929
OS 5.0703577 1.0856593
OS 5.0705243 1.0863257
OS 5.0706076 1.0871587
OS 5.0706076 1.088075
OS 5.0706076 1.0881583
OS 5.0706076 1.0884915
OS 5.0705243 1.088908
OS 5.0705243 1.0894078
OS 5.0701911 1.0906573
OS 5.0700245 1.0913237
OS 5.0696913 1.0919901
OS 5.0696913 1.0920734
OS 5.0695247 1.09224
OS 5.0693581 1.0925732
OS 5.0690249 1.0929064
OS 5.0686084 1.0933229
OS 5.0681086 1.0937394
OS 5.0675255 1.0941559
OS 5.0668591 1.0944891
OS 5.0667758 1.0944891
OS 5.0666092 1.0945724
OS 5.0663593 1.094739
OS 5.0659428 1.0948223
OS 5.0649432 1.0951555
OS 5.0636937 1.0953221
OS 5.0633605 1.0953221
OS 5.0630273 1.0954054
OS 5.0618611 1.0954054
OS 5.0611947 1.0954887
OE
SE
S P 0
OB 5.3119139 3.0436756 I
OS 5.3128302 3.0435923
OS 5.3138298 3.043509
OS 5.314996 3.0433424
OS 5.3162455 3.0431758
OS 5.3188278 3.0425927
OS 5.3202439 3.0421762
OS 5.3215767 3.0417597
OS 5.3229095 3.0411766
OS 5.324159 3.0405102
OS 5.3253252 3.0397605
OS 5.3264081 3.0389275
OS 5.3264914 3.0388442
OS 5.326658 3.0386776
OS 5.3269079 3.0384277
OS 5.3273244 3.0380945
OS 5.3277409 3.0375947
OS 5.3281574 3.0370116
OS 5.3286572 3.0362619
OS 5.3292403 3.0355122
OS 5.3297401 3.0345959
OS 5.3302399 3.0335963
OS 5.3306564 3.0324301
OS 5.3311562 3.0312639
OS 5.3314894 3.0300144
OS 5.3317393 3.0285983
OS 5.3319059 3.0270989
OS 5.3319892 3.0255162
OS 5.3319892 3.0254329
OS 5.3319892 3.0252663
OS 5.3319892 3.0250164
OS 5.3319892 3.0245999
OS 5.3319059 3.0241001
OS 5.3318226 3.023517
OS 5.331656 3.0221842
OS 5.3313228 3.0205182
OS 5.3309063 3.0187689
OS 5.3302399 3.016853
OS 5.3294069 3.0149371
OS 5.3294069 3.0148538
OS 5.3293236 3.0146872
OS 5.329157 3.0144373
OS 5.3289071 3.0140208
OS 5.3286572 3.0136043
OS 5.328324 3.0130212
OS 5.3274077 3.0116884
OS 5.3262415 3.0100224
OS 5.3248254 3.0081898
OS 5.3230761 3.0061906
OS 5.3210769 3.0040248
OS 5.3209103 3.0038582
OS 5.3204938 3.0034417
OS 5.3197441 3.002692
OS 5.3188278 3.001859
OS 5.3177449 3.0008594
OS 5.3165787 2.9997765
OS 5.3139964 2.9975274
OS 5.3138298 2.9974441
OS 5.3134133 2.9971109
OS 5.3128302 2.9966111
OS 5.3120805 2.996028
OS 5.3104145 2.9946952
OS 5.3096648 2.9941121
OS 5.3089984 2.9936123
OS 5.3346548 2.9936123
OS 5.3346548 2.9822835
OS 5.2903392 2.9822835
OS 5.2903392 2.9920296
OS 5.2904225 2.9921129
OS 5.2905891 2.9921962
OS 5.2909223 2.9924461
OS 5.2912555 2.9927793
OS 5.2917553 2.9931958
OS 5.2923384 2.9936956
OS 5.2936712 2.9947785
OS 5.2952539 2.996028
OS 5.2969199 2.9974441
OS 5.2986692 2.9989435
OS 5.3004185 3.0004429
OS 5.3005018 3.0005262
OS 5.3005851 3.0006095
OS 5.300835 3.0008594
OS 5.3011682 3.0011093
OS 5.3020012 3.001859
OS 5.3030841 3.0028586
OS 5.3043336 3.0040248
OS 5.3056664 3.0053576
OS 5.3069992 3.0066904
OS 5.308332 3.0080232
OS 5.3084153 3.0081065
OS 5.3084986 3.0082731
OS 5.3087485 3.0084397
OS 5.3090817 3.0087729
OS 5.3098314 3.0096892
OS 5.310831 3.0107721
OS 5.3118306 3.0121049
OS 5.3129135 3.0134377
OS 5.3139131 3.0148538
OS 5.3147461 3.0161866
OS 5.3148294 3.0163532
OS 5.3150793 3.0167697
OS 5.3154125 3.0175194
OS 5.3157457 3.0184357
OS 5.3160789 3.0195186
OS 5.3164121 3.0206848
OS 5.316662 3.0220176
OS 5.3167453 3.0234337
OS 5.3167453 3.023517
OS 5.3167453 3.0236003
OS 5.3167453 3.0241001
OS 5.3165787 3.0249331
OS 5.3164121 3.0258494
OS 5.3160789 3.026849
OS 5.3156624 3.0279319
OS 5.314996 3.0290148
OS 5.314163 3.0299311
OS 5.3140797 3.0300144
OS 5.3137465 3.0302643
OS 5.3131634 3.0306808
OS 5.3123304 3.0310973
OS 5.3113308 3.0314305
OS 5.3101646 3.031847
OS 5.3087485 3.0320969
OS 5.3071658 3.0321802
OS 5.3063328 3.0321802
OS 5.3057497 3.0320969
OS 5.3050833 3.0320136
OS 5.3044169 3.0319303
OS 5.3028342 3.0315971
OS 5.3027509 3.0315971
OS 5.302501 3.0315138
OS 5.3020845 3.0313472
OS 5.3015014 3.0311806
OS 5.3009183 3.031014
OS 5.3001686 3.0306808
OS 5.2986692 3.0300977
OS 5.2985859 3.0300977
OS 5.298336 3.0299311
OS 5.2979195 3.0297645
OS 5.2974197 3.0295146
OS 5.2962535 3.0289315
OS 5.2950873 3.0281818
OS 5.295004 3.0281818
OS 5.2948374 3.0280152
OS 5.2943376 3.027682
OS 5.2935879 3.0272655
OS 5.2930048 3.026849
OS 5.2918386 3.026849
OS 5.2918386 3.0399271
OS 5.2919219 3.0400104
OS 5.2923384 3.040177
OS 5.2929215 3.0404269
OS 5.2937545 3.0406768
OS 5.2948374 3.0410933
OS 5.2962535 3.0415098
OS 5.2978362 3.0419263
OS 5.2997521 3.0424261
OS 5.2998354 3.0424261
OS 5.300002 3.0425094
OS 5.3002519 3.0425927
OS 5.3006684 3.042676
OS 5.3011682 3.0427593
OS 5.3017513 3.0428426
OS 5.3030841 3.0430925
OS 5.3046668 3.0433424
OS 5.3064161 3.0435923
OS 5.3082487 3.0436756
OS 5.3101646 3.0437589
OS 5.3111642 3.0437589
OS 5.3119139 3.0436756
OE
OB 5.2780108 2.9822835 I
OS 5.2629335 2.9822835
OS 5.2629335 3.0221842
OS 5.2519379 2.9964445
OS 5.241692 2.9964445
OS 5.2307797 3.0221842
OS 5.2307797 2.9822835
OS 5.2165354 2.9822835
OS 5.2165354 3.0425094
OS 5.2339451 3.0425094
OS 5.2472731 3.0127713
OS 5.2605178 3.0425094
OS 5.2780108 3.0425094
OS 5.2780108 2.9822835
OE
SE
S P 0
OB 5.375704 4.0541362 I
OS 5.3500476 4.0059055
OS 5.3333043 4.0059055
OS 5.3600436 4.0548026
OS 5.3314717 4.0548026
OS 5.3314717 4.0661314
OS 5.375704 4.0661314
OS 5.375704 4.0541362
OE
OB 5.2961525 4.0672976 I
OS 5.2970688 4.0672143
OS 5.298235 4.067131
OS 5.2995678 4.0669644
OS 5.3009839 4.0667145
OS 5.3025666 4.066298
OS 5.3042326 4.0658815
OS 5.3059819 4.0652984
OS 5.3077312 4.064632
OS 5.3095638 4.063799
OS 5.3113131 4.0628827
OS 5.3129791 4.0617165
OS 5.3146451 4.060467
OS 5.3161445 4.0589676
OS 5.3162278 4.0588843
OS 5.3164777 4.0585511
OS 5.3168942 4.0581346
OS 5.317394 4.0574682
OS 5.3179771 4.0565519
OS 5.3186435 4.0555523
OS 5.3193099 4.0543028
OS 5.3200596 4.05297
OS 5.3208093 4.0513873
OS 5.3214757 4.049638
OS 5.3221421 4.0478054
OS 5.3227252 4.0457229
OS 5.323225 4.0434738
OS 5.3236415 4.0411414
OS 5.3238914 4.0386424
OS 5.3239747 4.0359768
OS 5.3239747 4.0358935
OS 5.3239747 4.035477
OS 5.3239747 4.0349772
OS 5.3238914 4.0342275
OS 5.3238081 4.0333112
OS 5.3237248 4.0322283
OS 5.3236415 4.0309788
OS 5.3233916 4.0297293
OS 5.3231417 4.0283132
OS 5.3228918 4.0268138
OS 5.3220588 4.0237317
OS 5.321559 4.022149
OS 5.3209759 4.0206496
OS 5.3203095 4.0191502
OS 5.3194765 4.0176508
OS 5.3193932 4.0175675
OS 5.3193099 4.0173176
OS 5.31906 4.0169011
OS 5.3186435 4.0164013
OS 5.318227 4.0158182
OS 5.3176439 4.0150685
OS 5.3169775 4.0143188
OS 5.3163111 4.0134858
OS 5.3154781 4.0125695
OS 5.3144785 4.0117365
OS 5.3134789 4.0108202
OS 5.312396 4.0099039
OS 5.3111465 4.0090709
OS 5.309897 4.0082379
OS 5.3085642 4.0075715
OS 5.3070648 4.0069051
OS 5.3070648 4.0068218
OS 5.3070648 4.0067385
OS 5.3070648 4.0062387
OS 5.3071481 4.005489
OS 5.3073147 4.0045727
OS 5.3075646 4.0035731
OS 5.3078978 4.0025735
OS 5.3083143 4.0016572
OS 5.3089807 4.0009075
OS 5.309064 4.0008242
OS 5.3093972 4.0006576
OS 5.3098137 4.0003244
OS 5.3105634 4.0000745
OS 5.3113964 3.9997413
OS 5.3125626 3.9994081
OS 5.3139787 3.9992415
OS 5.3155614 3.9991582
OS 5.3162278 3.9991582
OS 5.3167276 3.9992415
OS 5.3173107 3.9993248
OS 5.3179771 3.9994081
OS 5.3193932 3.9997413
OS 5.3194765 3.9997413
OS 5.3197264 3.9998246
OS 5.3201429 3.9999912
OS 5.3205594 4.0000745
OS 5.321559 4.0004077
OS 5.3219755 4.0005743
OS 5.322392 4.0007409
OS 5.3238914 4.0007409
OS 5.3238914 3.9900785
OS 5.3238081 3.9900785
OS 5.3234749 3.9899952
OS 5.3229751 3.9898286
OS 5.3223087 3.9897453
OS 5.321559 3.9895787
OS 5.320726 3.9894121
OS 5.3189767 3.9891622
OS 5.3188934 3.9891622
OS 5.3185602 3.9890789
OS 5.3179771 3.9890789
OS 5.3171441 3.9889956
OS 5.3160612 3.9889123
OS 5.3147284 3.9889123
OS 5.3131457 3.988829
OS 5.3105634 3.988829
OS 5.3096471 3.9889123
OS 5.3085642 3.9889956
OS 5.3072314 3.9891622
OS 5.3058986 3.9893288
OS 5.3045658 3.989662
OS 5.303233 3.9900785
OS 5.3030664 3.9901618
OS 5.3026499 3.9903284
OS 5.3020668 3.9905783
OS 5.3013171 3.9909115
OS 5.3004008 3.9914113
OS 5.2994845 3.9919944
OS 5.2985682 3.9926608
OS 5.2977352 3.9934105
OS 5.2976519 3.9934938
OS 5.297402 3.993827
OS 5.2969855 3.9942435
OS 5.2964857 3.9949099
OS 5.2959026 3.9956596
OS 5.2953195 3.9964926
OS 5.2948197 3.9974922
OS 5.2943199 3.9985751
OS 5.2942366 3.9987417
OS 5.2941533 3.9990749
OS 5.2939867 3.999658
OS 5.2937368 4.000491
OS 5.2935702 4.0014073
OS 5.2934036 4.0024069
OS 5.293237 4.0035731
OS 5.2931537 4.0048226
OS 5.2929871 4.0048226
OS 5.2925706 4.0049059
OS 5.2919042 4.0049059
OS 5.2910712 4.0050725
OS 5.2899883 4.0052391
OS 5.2887388 4.0054057
OS 5.2873227 4.0057389
OS 5.2858233 4.0061554
OS 5.2842406 4.0066552
OS 5.2825746 4.0072383
OS 5.2809086 4.007988
OS 5.2792426 4.008821
OS 5.2775766 4.0097373
OS 5.2759939 4.0109035
OS 5.2744112 4.0122363
OS 5.2729951 4.0136524
OS 5.2729118 4.0137357
OS 5.2726619 4.0140689
OS 5.2723287 4.0144854
OS 5.2718289 4.0151518
OS 5.2713291 4.0159848
OS 5.270746 4.0169844
OS 5.2700796 4.0181506
OS 5.2694132 4.0195667
OS 5.2686635 4.0210661
OS 5.2680804 4.0227321
OS 5.267414 4.0245647
OS 5.2669142 4.0265639
OS 5.2664144 4.0287297
OS 5.2660812 4.0309788
OS 5.2658313 4.0333945
OS 5.265748 4.0359768
OS 5.265748 4.0360601
OS 5.265748 4.0361434
OS 5.265748 4.0366432
OS 5.2658313 4.0373929
OS 5.2658313 4.0383925
OS 5.2659979 4.0395587
OS 5.2661645 4.0409748
OS 5.2664144 4.0425575
OS 5.2667476 4.0443068
OS 5.2671641 4.0460561
OS 5.2676639 4.047972
OS 5.268247 4.0498046
OS 5.2689967 4.0517205
OS 5.269913 4.0536364
OS 5.2709126 4.055469
OS 5.2721621 4.0572183
OS 5.2734949 4.0588843
OS 5.2735782 4.0589676
OS 5.2738281 4.0592175
OS 5.2743279 4.059634
OS 5.274911 4.0602171
OS 5.275744 4.0608835
OS 5.2766603 4.0615499
OS 5.2778265 4.0623829
OS 5.279076 4.0631326
OS 5.2804921 4.0639656
OS 5.2820748 4.0647153
OS 5.2838241 4.0653817
OS 5.28574 4.0660481
OS 5.2878225 4.0666312
OS 5.2899883 4.0670477
OS 5.2923207 4.0672976
OS 5.2948197 4.0673809
OS 5.2954028 4.0673809
OS 5.2961525 4.0672976
OE
OB 5.2948197 4.0560521 H
OS 5.2943199 4.0560521
OS 5.2938201 4.0559688
OS 5.2931537 4.0559688
OS 5.292404 4.0558022
OS 5.291571 4.0556356
OS 5.2906547 4.0553857
OS 5.2898217 4.0550525
OS 5.2897384 4.0549692
OS 5.2894052 4.0548859
OS 5.2889887 4.054636
OS 5.2884056 4.0542195
OS 5.2877392 4.0537197
OS 5.2869895 4.0531366
OS 5.2862398 4.0523869
OS 5.2854068 4.0514706
OS 5.2853235 4.0513873
OS 5.2850736 4.0510541
OS 5.2847404 4.0505543
OS 5.2843239 4.0498046
OS 5.2839074 4.0488883
OS 5.2834076 4.0478887
OS 5.2829078 4.0466392
OS 5.282408 4.0452231
OS 5.282408 4.0451398
OS 5.2823247 4.0450565
OS 5.2823247 4.0448066
OS 5.2822414 4.0445567
OS 5.2820748 4.0437237
OS 5.2819082 4.0426408
OS 5.2816583 4.0412247
OS 5.2814917 4.039642
OS 5.2814084 4.0378927
OS 5.2813251 4.0359768
OS 5.2813251 4.0358935
OS 5.2813251 4.0357269
OS 5.2813251 4.035477
OS 5.2813251 4.0350605
OS 5.2813251 4.0345607
OS 5.2814084 4.0340609
OS 5.2814917 4.0327281
OS 5.281575 4.0312287
OS 5.2818249 4.0297293
OS 5.2820748 4.0281466
OS 5.282408 4.0267305
OS 5.2824913 4.0265639
OS 5.2825746 4.0261474
OS 5.2828245 4.025481
OS 5.2831577 4.0245647
OS 5.2835742 4.0236484
OS 5.284074 4.0225655
OS 5.2846571 4.0215659
OS 5.2853235 4.0205663
OS 5.2854068 4.020483
OS 5.2856567 4.0201498
OS 5.2860732 4.0197333
OS 5.2866563 4.0191502
OS 5.2873227 4.0185671
OS 5.2880724 4.017984
OS 5.2888221 4.0174842
OS 5.2897384 4.0169844
OS 5.2898217 4.0169844
OS 5.2901549 4.0168178
OS 5.2906547 4.0166512
OS 5.2913211 4.0164846
OS 5.2920708 4.016318
OS 5.2929038 4.0161514
OS 5.2939034 4.0160681
OS 5.2948197 4.0159848
OS 5.2953195 4.0159848
OS 5.2958193 4.0160681
OS 5.2964857 4.0161514
OS 5.2972354 4.0162347
OS 5.2981517 4.0164846
OS 5.299068 4.0167345
OS 5.2999843 4.0170677
OS 5.3000676 4.017151
OS 5.3004008 4.0173176
OS 5.3009006 4.0175675
OS 5.3014837 4.017984
OS 5.3021501 4.0184838
OS 5.3028998 4.0190669
OS 5.3035662 4.0198166
OS 5.3043159 4.0206496
OS 5.3043992 4.0207329
OS 5.3046491 4.0211494
OS 5.3049823 4.0216492
OS 5.3053988 4.0223989
OS 5.3058986 4.0233152
OS 5.3063984 4.0243981
OS 5.3068982 4.0255643
OS 5.3073147 4.0268138
OS 5.307398 4.0269804
OS 5.3074813 4.0274802
OS 5.3076479 4.0282299
OS 5.3078978 4.0293128
OS 5.3080644 4.0305623
OS 5.308231 4.032145
OS 5.3083143 4.0339776
OS 5.3083976 4.0359768
OS 5.3083976 4.0360601
OS 5.3083976 4.0362267
OS 5.3083976 4.0364766
OS 5.3083976 4.0368931
OS 5.3083976 4.0373096
OS 5.3083143 4.0378927
OS 5.308231 4.0391422
OS 5.3081477 4.0405583
OS 5.3078978 4.042141
OS 5.3076479 4.0436404
OS 5.3072314 4.0451398
OS 5.3072314 4.0452231
OS 5.3071481 4.0453064
OS 5.3070648 4.0458062
OS 5.3068149 4.0464726
OS 5.3064817 4.0473889
OS 5.3060652 4.0483885
OS 5.3055654 4.0493881
OS 5.3049823 4.0503877
OS 5.3043159 4.0513873
OS 5.3042326 4.0514706
OS 5.3039827 4.0518038
OS 5.3035662 4.0522203
OS 5.3029831 4.0528034
OS 5.3024 4.0533865
OS 5.3016503 4.0539696
OS 5.3008173 4.0544694
OS 5.299901 4.0549692
OS 5.2998177 4.0550525
OS 5.2994845 4.0551358
OS 5.2989847 4.0553024
OS 5.2984016 4.0555523
OS 5.2975686 4.0557189
OS 5.2967356 4.0558855
OS 5.2958193 4.0559688
OS 5.2948197 4.0560521
OE
SE
S P 0
OB 5.4531422 3.3766375 I
OS 5.4655539 3.3766375
OS 5.4655539 3.3661417
OS 5.4258198 3.3661417
OS 5.4258198 3.3766375
OS 5.4384814 3.3766375
OS 5.4384814 3.4084581
OS 5.4258198 3.4084581
OS 5.4258198 3.4182875
OS 5.4268194 3.4182875
OS 5.4275691 3.4183708
OS 5.4284021 3.4183708
OS 5.4293184 3.4184541
OS 5.4313176 3.4186207
OS 5.4314009 3.4186207
OS 5.4318174 3.418704
OS 5.4323172 3.4187873
OS 5.4329003 3.4188706
OS 5.4343164 3.4192871
OS 5.4350661 3.419537
OS 5.4357325 3.4197869
OS 5.4358158 3.4198702
OS 5.4360657 3.4199535
OS 5.4363989 3.4202034
OS 5.4368154 3.4204533
OS 5.437815 3.4212863
OS 5.4387313 3.4223692
OS 5.4388146 3.4224525
OS 5.4388979 3.4227024
OS 5.4390645 3.4230356
OS 5.4393144 3.4235354
OS 5.439481 3.4241185
OS 5.4396476 3.4248682
OS 5.4398142 3.4256179
OS 5.4398975 3.4265342
OS 5.4531422 3.4265342
OS 5.4531422 3.3766375
OE
OB 5.4116588 3.3661417 I
OS 5.3964982 3.3661417
OS 5.3964982 3.3927977
OS 5.3760064 3.3927977
OS 5.3760064 3.3661417
OS 5.3608458 3.3661417
OS 5.3608458 3.4263676
OS 5.3760064 3.4263676
OS 5.3760064 3.4042931
OS 5.3964982 3.4042931
OS 5.3964982 3.4263676
OS 5.4116588 3.4263676
OS 5.4116588 3.3661417
OE
OB 5.3324405 3.4273672 I
OS 5.3337733 3.4272839
OS 5.335356 3.4272006
OS 5.3371886 3.4269507
OS 5.3391045 3.4267008
OS 5.3411037 3.4262843
OS 5.341187 3.4262843
OS 5.3413536 3.426201
OS 5.3416035 3.426201
OS 5.34202 3.4261177
OS 5.3424365 3.4259511
OS 5.3430196 3.4258678
OS 5.3442691 3.4255346
OS 5.3457685 3.4251181
OS 5.3474345 3.4246183
OS 5.3490172 3.4240352
OS 5.3506832 3.4233688
OS 5.3506832 3.4096243
OS 5.3492671 3.4096243
OS 5.3491005 3.4097909
OS 5.348684 3.4101241
OS 5.3479343 3.4106239
OS 5.347018 3.4112903
OS 5.3458518 3.41204
OS 5.3444357 3.412873
OS 5.342853 3.413706
OS 5.3411037 3.4144557
OS 5.3410204 3.4144557
OS 5.3408538 3.414539
OS 5.3406039 3.4146223
OS 5.3402707 3.4147889
OS 5.3398542 3.4149555
OS 5.3392711 3.4151221
OS 5.3380216 3.4154553
OS 5.3365222 3.4157885
OS 5.3348562 3.4161217
OS 5.3331069 3.4163716
OS 5.331191 3.4164549
OS 5.3300248 3.4164549
OS 5.3288586 3.4162883
OS 5.3276091 3.4161217
OS 5.3275258 3.4161217
OS 5.3273592 3.4160384
OS 5.327026 3.4160384
OS 5.3266095 3.4158718
OS 5.3255266 3.4155386
OS 5.3242771 3.4150388
OS 5.3241938 3.4150388
OS 5.3240272 3.4149555
OS 5.3237773 3.4147889
OS 5.3234441 3.414539
OS 5.3226944 3.4139559
OS 5.3218614 3.4131229
OS 5.3218614 3.4130396
OS 5.3216948 3.412873
OS 5.3215282 3.4126231
OS 5.3213616 3.4122899
OS 5.3210284 3.4113736
OS 5.3209451 3.4108738
OS 5.3208618 3.4102907
OS 5.3208618 3.4102074
OS 5.3208618 3.4099575
OS 5.3209451 3.409541
OS 5.3210284 3.4089579
OS 5.3212783 3.4083748
OS 5.3215282 3.4077917
OS 5.3219447 3.4072086
OS 5.3224445 3.4066255
OS 5.3225278 3.4065422
OS 5.3227777 3.4063756
OS 5.3231942 3.4061257
OS 5.3238606 3.4057925
OS 5.3246936 3.4054593
OS 5.3258598 3.4050428
OS 5.3271926 3.4046263
OS 5.3287753 3.4042098
OS 5.3289419 3.4042098
OS 5.3292751 3.4041265
OS 5.3298582 3.4039599
OS 5.3306912 3.4037933
OS 5.3315242 3.4036267
OS 5.3325238 3.4033768
OS 5.3346063 3.402877
OS 5.3347729 3.402877
OS 5.3351061 3.4027937
OS 5.3356892 3.4026271
OS 5.3364389 3.4023772
OS 5.3373552 3.4021273
OS 5.3383548 3.4018774
OS 5.339521 3.4015442
OS 5.3406872 3.4011277
OS 5.3407705 3.4011277
OS 5.3409371 3.4010444
OS 5.3412703 3.4008778
OS 5.3416868 3.4007112
OS 5.3422699 3.4004613
OS 5.342853 3.4002114
OS 5.3441858 3.3994617
OS 5.3456852 3.3986287
OS 5.3472679 3.3975458
OS 5.3487673 3.3962963
OS 5.3500168 3.3949635
OS 5.3501834 3.3947969
OS 5.3502667 3.394547
OS 5.3505166 3.3942971
OS 5.3510164 3.3934641
OS 5.3515995 3.3922979
OS 5.3520993 3.3908818
OS 5.3525991 3.3891325
OS 5.3529323 3.3871333
OS 5.3530989 3.3848842
OS 5.3530989 3.3848009
OS 5.3530989 3.3844677
OS 5.3530156 3.3840512
OS 5.3530156 3.3833848
OS 5.352849 3.3826351
OS 5.3527657 3.3818021
OS 5.3525158 3.3808025
OS 5.3521826 3.3797196
OS 5.3518494 3.3786367
OS 5.3513496 3.3774705
OS 5.3507665 3.376221
OS 5.3501001 3.3750548
OS 5.3492671 3.3738886
OS 5.3483508 3.3726391
OS 5.3472679 3.3715562
OS 5.3460184 3.3704733
OS 5.3459351 3.37039
OS 5.3456852 3.3702234
OS 5.3452687 3.3699735
OS 5.3447689 3.3696403
OS 5.3440192 3.3692238
OS 5.3431862 3.368724
OS 5.3421033 3.3683075
OS 5.3410204 3.3678077
OS 5.3396876 3.3672246
OS 5.3382715 3.3668081
OS 5.3366888 3.3663083
OS 5.3350228 3.3658918
OS 5.3331902 3.3655586
OS 5.331191 3.3653087
OS 5.3291085 3.3651421
OS 5.3269427 3.3650588
OS 5.3257765 3.3650588
OS 5.3251934 3.3651421
OS 5.323694 3.3651421
OS 5.322861 3.3652254
OS 5.3209451 3.365392
OS 5.3188626 3.3656419
OS 5.3167801 3.3659751
OS 5.3147809 3.3663916
OS 5.3146976 3.3663916
OS 5.314531 3.3664749
OS 5.3142811 3.3665582
OS 5.3138646 3.3666415
OS 5.3134481 3.3667248
OS 5.312865 3.3668914
OS 5.3116155 3.3673079
OS 5.3101161 3.3678077
OS 5.3085334 3.3683075
OS 5.3051181 3.3696403
OS 5.3051181 3.3840512
OS 5.3064509 3.3840512
OS 5.3065342 3.3839679
OS 5.3066175 3.3838846
OS 5.3068674 3.383718
OS 5.3072839 3.3833848
OS 5.3077004 3.3830516
OS 5.3082002 3.3827184
OS 5.3093664 3.3818021
OS 5.3108658 3.3808858
OS 5.3125318 3.3798862
OS 5.3144477 3.3788866
OS 5.3164469 3.3780536
OS 5.3165302 3.3780536
OS 5.3166968 3.3779703
OS 5.31703 3.377887
OS 5.3173632 3.3777204
OS 5.317863 3.3775538
OS 5.3184461 3.3773872
OS 5.3198622 3.377054
OS 5.3214449 3.3767208
OS 5.3231942 3.3763876
OS 5.3251101 3.3761377
OS 5.327026 3.3760544
OS 5.3279423 3.3760544
OS 5.3284421 3.3761377
OS 5.3290252 3.3761377
OS 5.3296916 3.376221
OS 5.3304413 3.3763043
OS 5.3305246 3.3763043
OS 5.3307745 3.3763876
OS 5.331191 3.3763876
OS 5.3316908 3.3765542
OS 5.3327737 3.3768041
OS 5.3333568 3.3769707
OS 5.3338566 3.3772206
OS 5.3339399 3.3772206
OS 5.3341065 3.3773872
OS 5.3344397 3.3774705
OS 5.3347729 3.3777204
OS 5.3356892 3.3783035
OS 5.3365222 3.3790532
OS 5.3366055 3.3791365
OS 5.3366888 3.3793031
OS 5.3368554 3.379553
OS 5.3371053 3.3799695
OS 5.3373552 3.380386
OS 5.3375218 3.3809691
OS 5.3376051 3.3816355
OS 5.3376884 3.3823852
OS 5.3376884 3.3824685
OS 5.3376884 3.3828017
OS 5.3376051 3.3831349
OS 5.3374385 3.383718
OS 5.3372719 3.3843011
OS 5.3369387 3.3848842
OS 5.3364389 3.3854673
OS 5.3358558 3.3860504
OS 5.3357725 3.3861337
OS 5.3355226 3.3863003
OS 5.3351894 3.3865502
OS 5.3346896 3.3868834
OS 5.3340232 3.3872166
OS 5.3333568 3.3875498
OS 5.3325238 3.387883
OS 5.3316075 3.3881329
OS 5.3314409 3.3881329
OS 5.3311077 3.3882995
OS 5.3304413 3.3883828
OS 5.3296083 3.3886327
OS 5.3286087 3.3887993
OS 5.3275258 3.3890492
OS 5.3262763 3.3893824
OS 5.3250268 3.3896323
OS 5.3248602 3.3896323
OS 5.3244437 3.3897989
OS 5.3237773 3.3899655
OS 5.3229443 3.3901321
OS 5.3219447 3.390382
OS 5.3207785 3.3907152
OS 5.3185294 3.3913816
OS 5.3184461 3.3913816
OS 5.3181962 3.3914649
OS 5.317863 3.3916315
OS 5.3173632 3.3918814
OS 5.3167801 3.3921313
OS 5.3161137 3.3923812
OS 5.3146143 3.3931309
OS 5.3129483 3.3941305
OS 5.3112823 3.3952134
OS 5.3097829 3.3965462
OS 5.3090332 3.3972959
OS 5.3084501 3.3980456
OS 5.3084501 3.3981289
OS 5.3082835 3.3982122
OS 5.3082002 3.3984621
OS 5.3079503 3.3987953
OS 5.3077837 3.3992118
OS 5.3075338 3.3997116
OS 5.3069507 3.4008778
OS 5.3063676 3.4024605
OS 5.3059511 3.4042098
OS 5.3056179 3.406209
OS 5.3054513 3.4084581
OS 5.3054513 3.4085414
OS 5.3054513 3.4088746
OS 5.3055346 3.4092911
OS 5.3055346 3.4098742
OS 5.3057012 3.4106239
OS 5.3058678 3.4114569
OS 5.3060344 3.4123732
OS 5.3063676 3.4133728
OS 5.3067008 3.4144557
OS 5.3072006 3.4155386
OS 5.3077837 3.4167048
OS 5.3084501 3.417871
OS 5.3092831 3.4189539
OS 5.3101994 3.4201201
OS 5.3112823 3.421203
OS 5.3125318 3.4222026
OS 5.3126151 3.4222859
OS 5.312865 3.4224525
OS 5.3132815 3.4227024
OS 5.3137813 3.4230356
OS 5.314531 3.4234521
OS 5.315364 3.4238686
OS 5.3163636 3.4243684
OS 5.3174465 3.4248682
OS 5.318696 3.4252847
OS 5.3200288 3.4257845
OS 5.3215282 3.426201
OS 5.3231109 3.4266175
OS 5.3247769 3.4269507
OS 5.3266095 3.4272006
OS 5.3284421 3.4273672
OS 5.3304413 3.4274505
OS 5.3318574 3.4274505
OS 5.3324405 3.4273672
OE
SE
S P 0
OB 5.4554044 3.1716283 I
OS 5.4563207 3.171545
OS 5.4573203 3.1714617
OS 5.4584865 3.1712951
OS 5.459736 3.1711285
OS 5.4623183 3.1705454
OS 5.4637344 3.1701289
OS 5.4650672 3.1697124
OS 5.4664 3.1691293
OS 5.4676495 3.1684629
OS 5.4688157 3.1677132
OS 5.4698986 3.1668802
OS 5.4699819 3.1667969
OS 5.4701485 3.1666303
OS 5.4703984 3.1663804
OS 5.4708149 3.1660472
OS 5.4712314 3.1655474
OS 5.4716479 3.1649643
OS 5.4721477 3.1642146
OS 5.4727308 3.1634649
OS 5.4732306 3.1625486
OS 5.4737304 3.161549
OS 5.4741469 3.1603828
OS 5.4746467 3.1592166
OS 5.4749799 3.1579671
OS 5.4752298 3.156551
OS 5.4753964 3.1550516
OS 5.4754797 3.1534689
OS 5.4754797 3.1533856
OS 5.4754797 3.153219
OS 5.4754797 3.1529691
OS 5.4754797 3.1525526
OS 5.4753964 3.1520528
OS 5.4753131 3.1514697
OS 5.4751465 3.1501369
OS 5.4748133 3.1484709
OS 5.4743968 3.1467216
OS 5.4737304 3.1448057
OS 5.4728974 3.1428898
OS 5.4728974 3.1428065
OS 5.4728141 3.1426399
OS 5.4726475 3.14239
OS 5.4723976 3.1419735
OS 5.4721477 3.141557
OS 5.4718145 3.1409739
OS 5.4708982 3.1396411
OS 5.469732 3.1379751
OS 5.4683159 3.1361425
OS 5.4665666 3.1341433
OS 5.4645674 3.1319775
OS 5.4644008 3.1318109
OS 5.4639843 3.1313944
OS 5.4632346 3.1306447
OS 5.4623183 3.1298117
OS 5.4612354 3.1288121
OS 5.4600692 3.1277292
OS 5.4574869 3.1254801
OS 5.4573203 3.1253968
OS 5.4569038 3.1250636
OS 5.4563207 3.1245638
OS 5.455571 3.1239807
OS 5.453905 3.1226479
OS 5.4531553 3.1220648
OS 5.4524889 3.121565
OS 5.4781453 3.121565
OS 5.4781453 3.1102362
OS 5.4338297 3.1102362
OS 5.4338297 3.1199823
OS 5.433913 3.1200656
OS 5.4340796 3.1201489
OS 5.4344128 3.1203988
OS 5.434746 3.120732
OS 5.4352458 3.1211485
OS 5.4358289 3.1216483
OS 5.4371617 3.1227312
OS 5.4387444 3.1239807
OS 5.4404104 3.1253968
OS 5.4421597 3.1268962
OS 5.443909 3.1283956
OS 5.4439923 3.1284789
OS 5.4440756 3.1285622
OS 5.4443255 3.1288121
OS 5.4446587 3.129062
OS 5.4454917 3.1298117
OS 5.4465746 3.1308113
OS 5.4478241 3.1319775
OS 5.4491569 3.1333103
OS 5.4504897 3.1346431
OS 5.4518225 3.1359759
OS 5.4519058 3.1360592
OS 5.4519891 3.1362258
OS 5.452239 3.1363924
OS 5.4525722 3.1367256
OS 5.4533219 3.1376419
OS 5.4543215 3.1387248
OS 5.4553211 3.1400576
OS 5.456404 3.1413904
OS 5.4574036 3.1428065
OS 5.4582366 3.1441393
OS 5.4583199 3.1443059
OS 5.4585698 3.1447224
OS 5.458903 3.1454721
OS 5.4592362 3.1463884
OS 5.4595694 3.1474713
OS 5.4599026 3.1486375
OS 5.4601525 3.1499703
OS 5.4602358 3.1513864
OS 5.4602358 3.1514697
OS 5.4602358 3.151553
OS 5.4602358 3.1520528
OS 5.4600692 3.1528858
OS 5.4599026 3.1538021
OS 5.4595694 3.1548017
OS 5.4591529 3.1558846
OS 5.4584865 3.1569675
OS 5.4576535 3.1578838
OS 5.4575702 3.1579671
OS 5.457237 3.158217
OS 5.4566539 3.1586335
OS 5.4558209 3.15905
OS 5.4548213 3.1593832
OS 5.4536551 3.1597997
OS 5.452239 3.1600496
OS 5.4506563 3.1601329
OS 5.4498233 3.1601329
OS 5.4492402 3.1600496
OS 5.4485738 3.1599663
OS 5.4479074 3.159883
OS 5.4463247 3.1595498
OS 5.4462414 3.1595498
OS 5.4459915 3.1594665
OS 5.445575 3.1592999
OS 5.4449919 3.1591333
OS 5.4444088 3.1589667
OS 5.4436591 3.1586335
OS 5.4421597 3.1580504
OS 5.4420764 3.1580504
OS 5.4418265 3.1578838
OS 5.44141 3.1577172
OS 5.4409102 3.1574673
OS 5.439744 3.1568842
OS 5.4385778 3.1561345
OS 5.4384945 3.1561345
OS 5.4383279 3.1559679
OS 5.4378281 3.1556347
OS 5.4370784 3.1552182
OS 5.4364953 3.1548017
OS 5.4353291 3.1548017
OS 5.4353291 3.1678798
OS 5.4354124 3.1679631
OS 5.4358289 3.1681297
OS 5.436412 3.1683796
OS 5.437245 3.1686295
OS 5.4383279 3.169046
OS 5.439744 3.1694625
OS 5.4413267 3.169879
OS 5.4432426 3.1703788
OS 5.4433259 3.1703788
OS 5.4434925 3.1704621
OS 5.4437424 3.1705454
OS 5.4441589 3.1706287
OS 5.4446587 3.170712
OS 5.4452418 3.1707953
OS 5.4465746 3.1710452
OS 5.4481573 3.1712951
OS 5.4499066 3.171545
OS 5.4517392 3.1716283
OS 5.4536551 3.1717116
OS 5.4546547 3.1717116
OS 5.4554044 3.1716283
OE
OB 5.4215013 3.1102362 I
OS 5.4063407 3.1102362
OS 5.4063407 3.1368922
OS 5.3858489 3.1368922
OS 5.3858489 3.1102362
OS 5.3706883 3.1102362
OS 5.3706883 3.1704621
OS 5.3858489 3.1704621
OS 5.3858489 3.1483876
OS 5.4063407 3.1483876
OS 5.4063407 3.1704621
OS 5.4215013 3.1704621
OS 5.4215013 3.1102362
OE
OB 5.342283 3.1714617 I
OS 5.3436158 3.1713784
OS 5.3451985 3.1712951
OS 5.3470311 3.1710452
OS 5.348947 3.1707953
OS 5.3509462 3.1703788
OS 5.3510295 3.1703788
OS 5.3511961 3.1702955
OS 5.351446 3.1702955
OS 5.3518625 3.1702122
OS 5.352279 3.1700456
OS 5.3528621 3.1699623
OS 5.3541116 3.1696291
OS 5.355611 3.1692126
OS 5.357277 3.1687128
OS 5.3588597 3.1681297
OS 5.3605257 3.1674633
OS 5.3605257 3.1537188
OS 5.3591096 3.1537188
OS 5.358943 3.1538854
OS 5.3585265 3.1542186
OS 5.3577768 3.1547184
OS 5.3568605 3.1553848
OS 5.3556943 3.1561345
OS 5.3542782 3.1569675
OS 5.3526955 3.1578005
OS 5.3509462 3.1585502
OS 5.3508629 3.1585502
OS 5.3506963 3.1586335
OS 5.3504464 3.1587168
OS 5.3501132 3.1588834
OS 5.3496967 3.15905
OS 5.3491136 3.1592166
OS 5.3478641 3.1595498
OS 5.3463647 3.159883
OS 5.3446987 3.1602162
OS 5.3429494 3.1604661
OS 5.3410335 3.1605494
OS 5.3398673 3.1605494
OS 5.3387011 3.1603828
OS 5.3374516 3.1602162
OS 5.3373683 3.1602162
OS 5.3372017 3.1601329
OS 5.3368685 3.1601329
OS 5.336452 3.1599663
OS 5.3353691 3.1596331
OS 5.3341196 3.1591333
OS 5.3340363 3.1591333
OS 5.3338697 3.15905
OS 5.3336198 3.1588834
OS 5.3332866 3.1586335
OS 5.3325369 3.1580504
OS 5.3317039 3.1572174
OS 5.3317039 3.1571341
OS 5.3315373 3.1569675
OS 5.3313707 3.1567176
OS 5.3312041 3.1563844
OS 5.3308709 3.1554681
OS 5.3307876 3.1549683
OS 5.3307043 3.1543852
OS 5.3307043 3.1543019
OS 5.3307043 3.154052
OS 5.3307876 3.1536355
OS 5.3308709 3.1530524
OS 5.3311208 3.1524693
OS 5.3313707 3.1518862
OS 5.3317872 3.1513031
OS 5.332287 3.15072
OS 5.3323703 3.1506367
OS 5.3326202 3.1504701
OS 5.3330367 3.1502202
OS 5.3337031 3.149887
OS 5.3345361 3.1495538
OS 5.3357023 3.1491373
OS 5.3370351 3.1487208
OS 5.3386178 3.1483043
OS 5.3387844 3.1483043
OS 5.3391176 3.148221
OS 5.3397007 3.1480544
OS 5.3405337 3.1478878
OS 5.3413667 3.1477212
OS 5.3423663 3.1474713
OS 5.3444488 3.1469715
OS 5.3446154 3.1469715
OS 5.3449486 3.1468882
OS 5.3455317 3.1467216
OS 5.3462814 3.1464717
OS 5.3471977 3.1462218
OS 5.3481973 3.1459719
OS 5.3493635 3.1456387
OS 5.3505297 3.1452222
OS 5.350613 3.1452222
OS 5.3507796 3.1451389
OS 5.3511128 3.1449723
OS 5.3515293 3.1448057
OS 5.3521124 3.1445558
OS 5.3526955 3.1443059
OS 5.3540283 3.1435562
OS 5.3555277 3.1427232
OS 5.3571104 3.1416403
OS 5.3586098 3.1403908
OS 5.3598593 3.139058
OS 5.3600259 3.1388914
OS 5.3601092 3.1386415
OS 5.3603591 3.1383916
OS 5.3608589 3.1375586
OS 5.361442 3.1363924
OS 5.3619418 3.1349763
OS 5.3624416 3.133227
OS 5.3627748 3.1312278
OS 5.3629414 3.1289787
OS 5.3629414 3.1288954
OS 5.3629414 3.1285622
OS 5.3628581 3.1281457
OS 5.3628581 3.1274793
OS 5.3626915 3.1267296
OS 5.3626082 3.1258966
OS 5.3623583 3.124897
OS 5.3620251 3.1238141
OS 5.3616919 3.1227312
OS 5.3611921 3.121565
OS 5.360609 3.1203155
OS 5.3599426 3.1191493
OS 5.3591096 3.1179831
OS 5.3581933 3.1167336
OS 5.3571104 3.1156507
OS 5.3558609 3.1145678
OS 5.3557776 3.1144845
OS 5.3555277 3.1143179
OS 5.3551112 3.114068
OS 5.3546114 3.1137348
OS 5.3538617 3.1133183
OS 5.3530287 3.1128185
OS 5.3519458 3.112402
OS 5.3508629 3.1119022
OS 5.3495301 3.1113191
OS 5.348114 3.1109026
OS 5.3465313 3.1104028
OS 5.3448653 3.1099863
OS 5.3430327 3.1096531
OS 5.3410335 3.1094032
OS 5.338951 3.1092366
OS 5.3367852 3.1091533
OS 5.335619 3.1091533
OS 5.3350359 3.1092366
OS 5.3335365 3.1092366
OS 5.3327035 3.1093199
OS 5.3307876 3.1094865
OS 5.3287051 3.1097364
OS 5.3266226 3.1100696
OS 5.3246234 3.1104861
OS 5.3245401 3.1104861
OS 5.3243735 3.1105694
OS 5.3241236 3.1106527
OS 5.3237071 3.110736
OS 5.3232906 3.1108193
OS 5.3227075 3.1109859
OS 5.321458 3.1114024
OS 5.3199586 3.1119022
OS 5.3183759 3.112402
OS 5.3149606 3.1137348
OS 5.3149606 3.1281457
OS 5.3162934 3.1281457
OS 5.3163767 3.1280624
OS 5.31646 3.1279791
OS 5.3167099 3.1278125
OS 5.3171264 3.1274793
OS 5.3175429 3.1271461
OS 5.3180427 3.1268129
OS 5.3192089 3.1258966
OS 5.3207083 3.1249803
OS 5.3223743 3.1239807
OS 5.3242902 3.1229811
OS 5.3262894 3.1221481
OS 5.3263727 3.1221481
OS 5.3265393 3.1220648
OS 5.3268725 3.1219815
OS 5.3272057 3.1218149
OS 5.3277055 3.1216483
OS 5.3282886 3.1214817
OS 5.3297047 3.1211485
OS 5.3312874 3.1208153
OS 5.3330367 3.1204821
OS 5.3349526 3.1202322
OS 5.3368685 3.1201489
OS 5.3377848 3.1201489
OS 5.3382846 3.1202322
OS 5.3388677 3.1202322
OS 5.3395341 3.1203155
OS 5.3402838 3.1203988
OS 5.3403671 3.1203988
OS 5.340617 3.1204821
OS 5.3410335 3.1204821
OS 5.3415333 3.1206487
OS 5.3426162 3.1208986
OS 5.3431993 3.1210652
OS 5.3436991 3.1213151
OS 5.3437824 3.1213151
OS 5.343949 3.1214817
OS 5.3442822 3.121565
OS 5.3446154 3.1218149
OS 5.3455317 3.122398
OS 5.3463647 3.1231477
OS 5.346448 3.123231
OS 5.3465313 3.1233976
OS 5.3466979 3.1236475
OS 5.3469478 3.124064
OS 5.3471977 3.1244805
OS 5.3473643 3.1250636
OS 5.3474476 3.12573
OS 5.3475309 3.1264797
OS 5.3475309 3.126563
OS 5.3475309 3.1268962
OS 5.3474476 3.1272294
OS 5.347281 3.1278125
OS 5.3471144 3.1283956
OS 5.3467812 3.1289787
OS 5.3462814 3.1295618
OS 5.3456983 3.1301449
OS 5.345615 3.1302282
OS 5.3453651 3.1303948
OS 5.3450319 3.1306447
OS 5.3445321 3.1309779
OS 5.3438657 3.1313111
OS 5.3431993 3.1316443
OS 5.3423663 3.1319775
OS 5.34145 3.1322274
OS 5.3412834 3.1322274
OS 5.3409502 3.132394
OS 5.3402838 3.1324773
OS 5.3394508 3.1327272
OS 5.3384512 3.1328938
OS 5.3373683 3.1331437
OS 5.3361188 3.1334769
OS 5.3348693 3.1337268
OS 5.3347027 3.1337268
OS 5.3342862 3.1338934
OS 5.3336198 3.13406
OS 5.3327868 3.1342266
OS 5.3317872 3.1344765
OS 5.330621 3.1348097
OS 5.3283719 3.1354761
OS 5.3282886 3.1354761
OS 5.3280387 3.1355594
OS 5.3277055 3.135726
OS 5.3272057 3.1359759
OS 5.3266226 3.1362258
OS 5.3259562 3.1364757
OS 5.3244568 3.1372254
OS 5.3227908 3.138225
OS 5.3211248 3.1393079
OS 5.3196254 3.1406407
OS 5.3188757 3.1413904
OS 5.3182926 3.1421401
OS 5.3182926 3.1422234
OS 5.318126 3.1423067
OS 5.3180427 3.1425566
OS 5.3177928 3.1428898
OS 5.3176262 3.1433063
OS 5.3173763 3.1438061
OS 5.3167932 3.1449723
OS 5.3162101 3.146555
OS 5.3157936 3.1483043
OS 5.3154604 3.1503035
OS 5.3152938 3.1525526
OS 5.3152938 3.1526359
OS 5.3152938 3.1529691
OS 5.3153771 3.1533856
OS 5.3153771 3.1539687
OS 5.3155437 3.1547184
OS 5.3157103 3.1555514
OS 5.3158769 3.1564677
OS 5.3162101 3.1574673
OS 5.3165433 3.1585502
OS 5.3170431 3.1596331
OS 5.3176262 3.1607993
OS 5.3182926 3.1619655
OS 5.3191256 3.1630484
OS 5.3200419 3.1642146
OS 5.3211248 3.1652975
OS 5.3223743 3.1662971
OS 5.3224576 3.1663804
OS 5.3227075 3.166547
OS 5.323124 3.1667969
OS 5.3236238 3.1671301
OS 5.3243735 3.1675466
OS 5.3252065 3.1679631
OS 5.3262061 3.1684629
OS 5.327289 3.1689627
OS 5.3285385 3.1693792
OS 5.3298713 3.169879
OS 5.3313707 3.1702955
OS 5.3329534 3.170712
OS 5.3346194 3.1710452
OS 5.336452 3.1712951
OS 5.3382846 3.1714617
OS 5.3402838 3.171545
OS 5.3416999 3.171545
OS 5.342283 3.1714617
OE
SE
S P 0
OB 5.5641542 3.593173 I
OS 5.5765659 3.593173
OS 5.5765659 3.5826772
OS 5.5368318 3.5826772
OS 5.5368318 3.593173
OS 5.5494934 3.593173
OS 5.5494934 3.6249936
OS 5.5368318 3.6249936
OS 5.5368318 3.634823
OS 5.5378314 3.634823
OS 5.5385811 3.6349063
OS 5.5394141 3.6349063
OS 5.5403304 3.6349896
OS 5.5423296 3.6351562
OS 5.5424129 3.6351562
OS 5.5428294 3.6352395
OS 5.5433292 3.6353228
OS 5.5439123 3.6354061
OS 5.5453284 3.6358226
OS 5.5460781 3.6360725
OS 5.5467445 3.6363224
OS 5.5468278 3.6364057
OS 5.5470777 3.636489
OS 5.5474109 3.6367389
OS 5.5478274 3.6369888
OS 5.548827 3.6378218
OS 5.5497433 3.6389047
OS 5.5498266 3.638988
OS 5.5499099 3.6392379
OS 5.5500765 3.6395711
OS 5.5503264 3.6400709
OS 5.550493 3.640654
OS 5.5506596 3.6414037
OS 5.5508262 3.6421534
OS 5.5509095 3.6430697
OS 5.5641542 3.6430697
OS 5.5641542 3.593173
OE
OB 5.6093028 3.6440693 I
OS 5.6102191 3.643986
OS 5.6112187 3.6439027
OS 5.6123849 3.6437361
OS 5.6136344 3.6435695
OS 5.6162167 3.6429864
OS 5.6176328 3.6425699
OS 5.6189656 3.6421534
OS 5.6202984 3.6415703
OS 5.6215479 3.6409039
OS 5.6227141 3.6401542
OS 5.623797 3.6393212
OS 5.6238803 3.6392379
OS 5.6240469 3.6390713
OS 5.6242968 3.6388214
OS 5.6247133 3.6384882
OS 5.6251298 3.6379884
OS 5.6255463 3.6374053
OS 5.6260461 3.6366556
OS 5.6266292 3.6359059
OS 5.627129 3.6349896
OS 5.6276288 3.63399
OS 5.6280453 3.6328238
OS 5.6285451 3.6316576
OS 5.6288783 3.6304081
OS 5.6291282 3.628992
OS 5.6292948 3.6274926
OS 5.6293781 3.6259099
OS 5.6293781 3.6258266
OS 5.6293781 3.62566
OS 5.6293781 3.6254101
OS 5.6293781 3.6249936
OS 5.6292948 3.6244938
OS 5.6292115 3.6239107
OS 5.6290449 3.6225779
OS 5.6287117 3.6209119
OS 5.6282952 3.6191626
OS 5.6276288 3.6172467
OS 5.6267958 3.6153308
OS 5.6267958 3.6152475
OS 5.6267125 3.6150809
OS 5.6265459 3.614831
OS 5.626296 3.6144145
OS 5.6260461 3.613998
OS 5.6257129 3.6134149
OS 5.6247966 3.6120821
OS 5.6236304 3.6104161
OS 5.6222143 3.6085835
OS 5.620465 3.6065843
OS 5.6184658 3.6044185
OS 5.6182992 3.6042519
OS 5.6178827 3.6038354
OS 5.617133 3.6030857
OS 5.6162167 3.6022527
OS 5.6151338 3.6012531
OS 5.6139676 3.6001702
OS 5.6113853 3.5979211
OS 5.6112187 3.5978378
OS 5.6108022 3.5975046
OS 5.6102191 3.5970048
OS 5.6094694 3.5964217
OS 5.6078034 3.5950889
OS 5.6070537 3.5945058
OS 5.6063873 3.594006
OS 5.6320437 3.594006
OS 5.6320437 3.5826772
OS 5.5877281 3.5826772
OS 5.5877281 3.5924233
OS 5.5878114 3.5925066
OS 5.587978 3.5925899
OS 5.5883112 3.5928398
OS 5.5886444 3.593173
OS 5.5891442 3.5935895
OS 5.5897273 3.5940893
OS 5.5910601 3.5951722
OS 5.5926428 3.5964217
OS 5.5943088 3.5978378
OS 5.5960581 3.5993372
OS 5.5978074 3.6008366
OS 5.5978907 3.6009199
OS 5.597974 3.6010032
OS 5.5982239 3.6012531
OS 5.5985571 3.601503
OS 5.5993901 3.6022527
OS 5.600473 3.6032523
OS 5.6017225 3.6044185
OS 5.6030553 3.6057513
OS 5.6043881 3.6070841
OS 5.6057209 3.6084169
OS 5.6058042 3.6085002
OS 5.6058875 3.6086668
OS 5.6061374 3.6088334
OS 5.6064706 3.6091666
OS 5.6072203 3.6100829
OS 5.6082199 3.6111658
OS 5.6092195 3.6124986
OS 5.6103024 3.6138314
OS 5.611302 3.6152475
OS 5.612135 3.6165803
OS 5.6122183 3.6167469
OS 5.6124682 3.6171634
OS 5.6128014 3.6179131
OS 5.6131346 3.6188294
OS 5.6134678 3.6199123
OS 5.613801 3.6210785
OS 5.6140509 3.6224113
OS 5.6141342 3.6238274
OS 5.6141342 3.6239107
OS 5.6141342 3.623994
OS 5.6141342 3.6244938
OS 5.6139676 3.6253268
OS 5.613801 3.6262431
OS 5.6134678 3.6272427
OS 5.6130513 3.6283256
OS 5.6123849 3.6294085
OS 5.6115519 3.6303248
OS 5.6114686 3.6304081
OS 5.6111354 3.630658
OS 5.6105523 3.6310745
OS 5.6097193 3.631491
OS 5.6087197 3.6318242
OS 5.6075535 3.6322407
OS 5.6061374 3.6324906
OS 5.6045547 3.6325739
OS 5.6037217 3.6325739
OS 5.6031386 3.6324906
OS 5.6024722 3.6324073
OS 5.6018058 3.632324
OS 5.6002231 3.6319908
OS 5.6001398 3.6319908
OS 5.5998899 3.6319075
OS 5.5994734 3.6317409
OS 5.5988903 3.6315743
OS 5.5983072 3.6314077
OS 5.5975575 3.6310745
OS 5.5960581 3.6304914
OS 5.5959748 3.6304914
OS 5.5957249 3.6303248
OS 5.5953084 3.6301582
OS 5.5948086 3.6299083
OS 5.5936424 3.6293252
OS 5.5924762 3.6285755
OS 5.5923929 3.6285755
OS 5.5922263 3.6284089
OS 5.5917265 3.6280757
OS 5.5909768 3.6276592
OS 5.5903937 3.6272427
OS 5.5892275 3.6272427
OS 5.5892275 3.6403208
OS 5.5893108 3.6404041
OS 5.5897273 3.6405707
OS 5.5903104 3.6408206
OS 5.5911434 3.6410705
OS 5.5922263 3.641487
OS 5.5936424 3.6419035
OS 5.5952251 3.64232
OS 5.597141 3.6428198
OS 5.5972243 3.6428198
OS 5.5973909 3.6429031
OS 5.5976408 3.6429864
OS 5.5980573 3.6430697
OS 5.5985571 3.643153
OS 5.5991402 3.6432363
OS 5.600473 3.6434862
OS 5.6020557 3.6437361
OS 5.603805 3.643986
OS 5.6056376 3.6440693
OS 5.6075535 3.6441526
OS 5.6085531 3.6441526
OS 5.6093028 3.6440693
OE
OB 5.4940989 3.6428198 I
OS 5.4949319 3.6428198
OS 5.4967645 3.6427365
OS 5.4987637 3.6425699
OS 5.5008462 3.64232
OS 5.5029287 3.6420701
OS 5.5031786 3.6420701
OS 5.5035118 3.6419868
OS 5.503845 3.6419035
OS 5.5043448 3.6418202
OS 5.5049279 3.6416536
OS 5.506344 3.6412371
OS 5.5079267 3.6407373
OS 5.509676 3.6400709
OS 5.5115086 3.6392379
OS 5.5133412 3.638155
OS 5.5134245 3.6380717
OS 5.5135911 3.6379884
OS 5.5139243 3.6377385
OS 5.5143408 3.6374886
OS 5.5148406 3.6370721
OS 5.5154237 3.6365723
OS 5.5167565 3.6354061
OS 5.5182559 3.63399
OS 5.5197553 3.6321574
OS 5.5212547 3.6301582
OS 5.5226708 3.6278258
OS 5.5227541 3.6277425
OS 5.5228374 3.6275759
OS 5.523004 3.6271594
OS 5.5232539 3.6266596
OS 5.5235038 3.6260765
OS 5.5237537 3.6253268
OS 5.5240869 3.6244938
OS 5.5244201 3.6234942
OS 5.5247533 3.6224946
OS 5.5250865 3.6213284
OS 5.5253364 3.6200789
OS 5.5255863 3.6187461
OS 5.5260028 3.6158306
OS 5.5261694 3.6126652
OS 5.5261694 3.6125819
OS 5.5261694 3.612332
OS 5.5261694 3.6118322
OS 5.5260861 3.6112491
OS 5.5260861 3.6104994
OS 5.5260028 3.6096664
OS 5.5258362 3.6086668
OS 5.5256696 3.6076672
OS 5.5252531 3.6052515
OS 5.5245867 3.6027525
OS 5.5236704 3.6001702
OS 5.5230873 3.5988374
OS 5.5224209 3.5975879
OS 5.5224209 3.5975046
OS 5.5222543 3.597338
OS 5.5220877 3.5969215
OS 5.5217545 3.596505
OS 5.5214213 3.5959219
OS 5.5210048 3.5953388
OS 5.5199219 3.5938394
OS 5.5185891 3.5922567
OS 5.5170064 3.5905074
OS 5.5151738 3.5889247
OS 5.5131746 3.5874253
OS 5.5130913 3.5874253
OS 5.5129247 3.5872587
OS 5.5126748 3.5871754
OS 5.5123416 3.5869255
OS 5.5119251 3.5866756
OS 5.5114253 3.5864257
OS 5.5101758 3.5857593
OS 5.5085931 3.5850929
OS 5.5069271 3.5845098
OS 5.5050112 3.5839267
OS 5.5029287 3.5835102
OS 5.5026788 3.5835102
OS 5.5023456 3.5834269
OS 5.5020124 3.5833436
OS 5.5014293 3.5833436
OS 5.5008462 3.5832603
OS 5.5001798 3.583177
OS 5.4994301 3.5830937
OS 5.4976808 3.5829271
OS 5.4956816 3.5828438
OS 5.4935158 3.5826772
OS 5.4724409 3.5826772
OS 5.4724409 3.6429031
OS 5.4934325 3.6429031
OS 5.4940989 3.6428198
OE
OB 5.4911001 3.6316576 H
OS 5.4876015 3.6316576
OS 5.4876015 3.594006
OS 5.4908502 3.594006
OS 5.492183 3.5940893
OS 5.4950152 3.5940893
OS 5.496348 3.5941726
OS 5.4965146 3.5941726
OS 5.4969311 3.5942559
OS 5.4975975 3.5943392
OS 5.4985138 3.5945058
OS 5.4995134 3.5947557
OS 5.5006796 3.5951722
OS 5.5018458 3.595672
OS 5.503012 3.5963384
OS 5.5030953 3.5963384
OS 5.5031786 3.5964217
OS 5.5035951 3.5967549
OS 5.5042615 3.5972547
OS 5.5050945 3.5980044
OS 5.5060108 3.5989207
OS 5.5069271 3.6000036
OS 5.5078434 3.6013364
OS 5.5085931 3.6027525
OS 5.5085931 3.6028358
OS 5.5086764 3.6029191
OS 5.5087597 3.603169
OS 5.5089263 3.6035022
OS 5.5090929 3.6039187
OS 5.5092595 3.6044185
OS 5.5095927 3.6055847
OS 5.5099259 3.6070841
OS 5.5102591 3.6087501
OS 5.510509 3.610666
OS 5.5105923 3.6128318
OS 5.5105923 3.6129151
OS 5.5105923 3.6130817
OS 5.5105923 3.6134149
OS 5.5105923 3.6138314
OS 5.510509 3.6143312
OS 5.510509 3.6149143
OS 5.5103424 3.6163304
OS 5.5100925 3.6179131
OS 5.509676 3.6195791
OS 5.5091762 3.6213284
OS 5.5085098 3.6229944
OS 5.5085098 3.6230777
OS 5.5084265 3.623161
OS 5.5080933 3.6236608
OS 5.5076768 3.6244938
OS 5.5070104 3.6254101
OS 5.5060941 3.626493
OS 5.5050112 3.6275759
OS 5.5037617 3.6286588
OS 5.5022623 3.6295751
OS 5.5020957 3.6296584
OS 5.5017625 3.629825
OS 5.5010961 3.6301582
OS 5.5003464 3.6304914
OS 5.4993468 3.6308246
OS 5.4982639 3.6311578
OS 5.4970977 3.6313244
OS 5.4958482 3.631491
OS 5.4952651 3.631491
OS 5.4945154 3.6315743
OS 5.4924329 3.6315743
OS 5.4911001 3.6316576
OE
SE
S P 0
OB 5.573383 3.8116769 I
OS 5.5857947 3.8116769
OS 5.5857947 3.8011811
OS 5.5460606 3.8011811
OS 5.5460606 3.8116769
OS 5.5587222 3.8116769
OS 5.5587222 3.8434975
OS 5.5460606 3.8434975
OS 5.5460606 3.8533269
OS 5.5470602 3.8533269
OS 5.5478099 3.8534102
OS 5.5486429 3.8534102
OS 5.5495592 3.8534935
OS 5.5515584 3.8536601
OS 5.5516417 3.8536601
OS 5.5520582 3.8537434
OS 5.552558 3.8538267
OS 5.5531411 3.85391
OS 5.5545572 3.8543265
OS 5.5553069 3.8545764
OS 5.5559733 3.8548263
OS 5.5560566 3.8549096
OS 5.5563065 3.8549929
OS 5.5566397 3.8552428
OS 5.5570562 3.8554927
OS 5.5580558 3.8563257
OS 5.5589721 3.8574086
OS 5.5590554 3.8574919
OS 5.5591387 3.8577418
OS 5.5593053 3.858075
OS 5.5595552 3.8585748
OS 5.5597218 3.8591579
OS 5.5598884 3.8599076
OS 5.560055 3.8606573
OS 5.5601383 3.8615736
OS 5.573383 3.8615736
OS 5.573383 3.8116769
OE
OB 5.6337755 3.8260045 I
OS 5.6419389 3.8260045
OS 5.6419389 3.8151755
OS 5.6337755 3.8151755
OS 5.6337755 3.8010145
OS 5.6191147 3.8010145
OS 5.6191147 3.8151755
OS 5.5927086 3.8151755
OS 5.5927086 3.8263377
OS 5.6186149 3.861407
OS 5.6337755 3.861407
OS 5.6337755 3.8260045
OE
OB 5.5114078 3.8613237 I
OS 5.5127406 3.8612404
OS 5.5141567 3.8611571
OS 5.5156561 3.8609905
OS 5.5170722 3.8607406
OS 5.5172388 3.8607406
OS 5.5177386 3.860574
OS 5.518405 3.8604074
OS 5.5193213 3.8601575
OS 5.5204042 3.8598243
OS 5.5215704 3.8594078
OS 5.5228199 3.8588247
OS 5.5239861 3.8581583
OS 5.5241527 3.858075
OS 5.5244859 3.8578251
OS 5.5251523 3.8573253
OS 5.5258187 3.8567422
OS 5.5266517 3.8559925
OS 5.527568 3.8550762
OS 5.528401 3.8540766
OS 5.5291507 3.8529104
OS 5.529234 3.8527438
OS 5.5294839 3.8523273
OS 5.5297338 3.8516609
OS 5.5301503 3.8507446
OS 5.5304835 3.8495784
OS 5.5307334 3.8481623
OS 5.5309833 3.8465796
OS 5.5310666 3.8448303
OS 5.5310666 3.844747
OS 5.5310666 3.8444971
OS 5.5310666 3.8441639
OS 5.5309833 3.8436641
OS 5.5309833 3.843081
OS 5.5309 3.8424146
OS 5.5306501 3.8408319
OS 5.5303169 3.8390826
OS 5.5297338 3.8371667
OS 5.5289841 3.8353341
OS 5.5279012 3.8335848
OS 5.5279012 3.8335015
OS 5.5277346 3.8334182
OS 5.527568 3.8331683
OS 5.5273181 3.8328351
OS 5.5266517 3.8320854
OS 5.5257354 3.8310858
OS 5.5244859 3.8300029
OS 5.5230698 3.82892
OS 5.5214038 3.8277538
OS 5.5195712 3.8267542
OS 5.5398964 3.8011811
OS 5.5214038 3.8011811
OS 5.5046605 3.8232556
OS 5.4993293 3.8232556
OS 5.4993293 3.8011811
OS 5.484252 3.8011811
OS 5.484252 3.861407
OS 5.5101583 3.861407
OS 5.5114078 3.8613237
OE
OB 5.5060766 3.8504114 H
OS 5.4993293 3.8504114
OS 5.4993293 3.8340846
OS 5.5046605 3.8340846
OS 5.5054102 3.8341679
OS 5.5062432 3.8341679
OS 5.5071595 3.8342512
OS 5.5080758 3.8343345
OS 5.5089088 3.8344178
OS 5.5089921 3.8344178
OS 5.509242 3.8345011
OS 5.5096585 3.8345844
OS 5.5101583 3.834751
OS 5.5114078 3.8353341
OS 5.512574 3.8360838
OS 5.5126573 3.8361671
OS 5.5128239 3.8363337
OS 5.5130738 3.8365003
OS 5.513407 3.8368335
OS 5.5141567 3.8377498
OS 5.5147398 3.8388327
OS 5.5147398 3.838916
OS 5.5148231 3.8390826
OS 5.5149897 3.8394991
OS 5.5151563 3.8399156
OS 5.5152396 3.840582
OS 5.5154062 3.8412484
OS 5.5154895 3.8420814
OS 5.5154895 3.8429977
OS 5.5154895 3.843081
OS 5.5154895 3.8434142
OS 5.5154062 3.8438307
OS 5.5154062 3.8443305
OS 5.515073 3.84558
OS 5.5149064 3.8462464
OS 5.5145732 3.8469128
OS 5.5145732 3.8469961
OS 5.5144066 3.8471627
OS 5.51424 3.8474959
OS 5.5139068 3.8478291
OS 5.5134903 3.8482456
OS 5.5129905 3.8486621
OS 5.5124074 3.8490786
OS 5.511741 3.8494118
OS 5.5116577 3.8494118
OS 5.5114911 3.8494951
OS 5.5112412 3.8496617
OS 5.5108247 3.849745
OS 5.5098251 3.8500782
OS 5.5085756 3.8502448
OS 5.5082424 3.8502448
OS 5.5079092 3.8503281
OS 5.506743 3.8503281
OS 5.5060766 3.8504114
OE
OB 5.6191147 3.8464963 H
OS 5.6038708 3.8260045
OS 5.6191147 3.8260045
OS 5.6191147 3.8464963
OE
SE
S P 0
OB 5.573383 3.9199445 I
OS 5.5857947 3.9199445
OS 5.5857947 3.9094487
OS 5.5460606 3.9094487
OS 5.5460606 3.9199445
OS 5.5587222 3.9199445
OS 5.5587222 3.9517651
OS 5.5460606 3.9517651
OS 5.5460606 3.9615945
OS 5.5470602 3.9615945
OS 5.5478099 3.9616778
OS 5.5486429 3.9616778
OS 5.5495592 3.9617611
OS 5.5515584 3.9619277
OS 5.5516417 3.9619277
OS 5.5520582 3.962011
OS 5.552558 3.9620943
OS 5.5531411 3.9621776
OS 5.5545572 3.9625941
OS 5.5553069 3.962844
OS 5.5559733 3.9630939
OS 5.5560566 3.9631772
OS 5.5563065 3.9632605
OS 5.5566397 3.9635104
OS 5.5570562 3.9637603
OS 5.5580558 3.9645933
OS 5.5589721 3.9656762
OS 5.5590554 3.9657595
OS 5.5591387 3.9660094
OS 5.5593053 3.9663426
OS 5.5595552 3.9668424
OS 5.5597218 3.9674255
OS 5.5598884 3.9681752
OS 5.560055 3.9689249
OS 5.5601383 3.9698412
OS 5.573383 3.9698412
OS 5.573383 3.9199445
OE
OB 5.6185316 3.9708408 I
OS 5.6194479 3.9707575
OS 5.6204475 3.9706742
OS 5.6216137 3.9705076
OS 5.6228632 3.970341
OS 5.6254455 3.9697579
OS 5.6268616 3.9693414
OS 5.6281944 3.9689249
OS 5.6295272 3.9683418
OS 5.6307767 3.9676754
OS 5.6319429 3.9669257
OS 5.6330258 3.9660927
OS 5.6331091 3.9660094
OS 5.6332757 3.9658428
OS 5.6335256 3.9655929
OS 5.6339421 3.9652597
OS 5.6343586 3.9647599
OS 5.6347751 3.9641768
OS 5.6352749 3.9634271
OS 5.635858 3.9626774
OS 5.6363578 3.9617611
OS 5.6368576 3.9607615
OS 5.6372741 3.9595953
OS 5.6377739 3.9584291
OS 5.6381071 3.9571796
OS 5.638357 3.9557635
OS 5.6385236 3.9542641
OS 5.6386069 3.9526814
OS 5.6386069 3.9525981
OS 5.6386069 3.9524315
OS 5.6386069 3.9521816
OS 5.6386069 3.9517651
OS 5.6385236 3.9512653
OS 5.6384403 3.9506822
OS 5.6382737 3.9493494
OS 5.6379405 3.9476834
OS 5.637524 3.9459341
OS 5.6368576 3.9440182
OS 5.6360246 3.9421023
OS 5.6360246 3.942019
OS 5.6359413 3.9418524
OS 5.6357747 3.9416025
OS 5.6355248 3.941186
OS 5.6352749 3.9407695
OS 5.6349417 3.9401864
OS 5.6340254 3.9388536
OS 5.6328592 3.9371876
OS 5.6314431 3.935355
OS 5.6296938 3.9333558
OS 5.6276946 3.93119
OS 5.627528 3.9310234
OS 5.6271115 3.9306069
OS 5.6263618 3.9298572
OS 5.6254455 3.9290242
OS 5.6243626 3.9280246
OS 5.6231964 3.9269417
OS 5.6206141 3.9246926
OS 5.6204475 3.9246093
OS 5.620031 3.9242761
OS 5.6194479 3.9237763
OS 5.6186982 3.9231932
OS 5.6170322 3.9218604
OS 5.6162825 3.9212773
OS 5.6156161 3.9207775
OS 5.6412725 3.9207775
OS 5.6412725 3.9094487
OS 5.5969569 3.9094487
OS 5.5969569 3.9191948
OS 5.5970402 3.9192781
OS 5.5972068 3.9193614
OS 5.59754 3.9196113
OS 5.5978732 3.9199445
OS 5.598373 3.920361
OS 5.5989561 3.9208608
OS 5.6002889 3.9219437
OS 5.6018716 3.9231932
OS 5.6035376 3.9246093
OS 5.6052869 3.9261087
OS 5.6070362 3.9276081
OS 5.6071195 3.9276914
OS 5.6072028 3.9277747
OS 5.6074527 3.9280246
OS 5.6077859 3.9282745
OS 5.6086189 3.9290242
OS 5.6097018 3.9300238
OS 5.6109513 3.93119
OS 5.6122841 3.9325228
OS 5.6136169 3.9338556
OS 5.6149497 3.9351884
OS 5.615033 3.9352717
OS 5.6151163 3.9354383
OS 5.6153662 3.9356049
OS 5.6156994 3.9359381
OS 5.6164491 3.9368544
OS 5.6174487 3.9379373
OS 5.6184483 3.9392701
OS 5.6195312 3.9406029
OS 5.6205308 3.942019
OS 5.6213638 3.9433518
OS 5.6214471 3.9435184
OS 5.621697 3.9439349
OS 5.6220302 3.9446846
OS 5.6223634 3.9456009
OS 5.6226966 3.9466838
OS 5.6230298 3.94785
OS 5.6232797 3.9491828
OS 5.623363 3.9505989
OS 5.623363 3.9506822
OS 5.623363 3.9507655
OS 5.623363 3.9512653
OS 5.6231964 3.9520983
OS 5.6230298 3.9530146
OS 5.6226966 3.9540142
OS 5.6222801 3.9550971
OS 5.6216137 3.95618
OS 5.6207807 3.9570963
OS 5.6206974 3.9571796
OS 5.6203642 3.9574295
OS 5.6197811 3.957846
OS 5.6189481 3.9582625
OS 5.6179485 3.9585957
OS 5.6167823 3.9590122
OS 5.6153662 3.9592621
OS 5.6137835 3.9593454
OS 5.6129505 3.9593454
OS 5.6123674 3.9592621
OS 5.611701 3.9591788
OS 5.6110346 3.9590955
OS 5.6094519 3.9587623
OS 5.6093686 3.9587623
OS 5.6091187 3.958679
OS 5.6087022 3.9585124
OS 5.6081191 3.9583458
OS 5.607536 3.9581792
OS 5.6067863 3.957846
OS 5.6052869 3.9572629
OS 5.6052036 3.9572629
OS 5.6049537 3.9570963
OS 5.6045372 3.9569297
OS 5.6040374 3.9566798
OS 5.6028712 3.9560967
OS 5.601705 3.955347
OS 5.6016217 3.955347
OS 5.6014551 3.9551804
OS 5.6009553 3.9548472
OS 5.6002056 3.9544307
OS 5.5996225 3.9540142
OS 5.5984563 3.9540142
OS 5.5984563 3.9670923
OS 5.5985396 3.9671756
OS 5.5989561 3.9673422
OS 5.5995392 3.9675921
OS 5.6003722 3.967842
OS 5.6014551 3.9682585
OS 5.6028712 3.968675
OS 5.6044539 3.9690915
OS 5.6063698 3.9695913
OS 5.6064531 3.9695913
OS 5.6066197 3.9696746
OS 5.6068696 3.9697579
OS 5.6072861 3.9698412
OS 5.6077859 3.9699245
OS 5.608369 3.9700078
OS 5.6097018 3.9702577
OS 5.6112845 3.9705076
OS 5.6130338 3.9707575
OS 5.6148664 3.9708408
OS 5.6167823 3.9709241
OS 5.6177819 3.9709241
OS 5.6185316 3.9708408
OE
OB 5.5114078 3.9695913 I
OS 5.5127406 3.969508
OS 5.5141567 3.9694247
OS 5.5156561 3.9692581
OS 5.5170722 3.9690082
OS 5.5172388 3.9690082
OS 5.5177386 3.9688416
OS 5.518405 3.968675
OS 5.5193213 3.9684251
OS 5.5204042 3.9680919
OS 5.5215704 3.9676754
OS 5.5228199 3.9670923
OS 5.5239861 3.9664259
OS 5.5241527 3.9663426
OS 5.5244859 3.9660927
OS 5.5251523 3.9655929
OS 5.5258187 3.9650098
OS 5.5266517 3.9642601
OS 5.527568 3.9633438
OS 5.528401 3.9623442
OS 5.5291507 3.961178
OS 5.529234 3.9610114
OS 5.5294839 3.9605949
OS 5.5297338 3.9599285
OS 5.5301503 3.9590122
OS 5.5304835 3.957846
OS 5.5307334 3.9564299
OS 5.5309833 3.9548472
OS 5.5310666 3.9530979
OS 5.5310666 3.9530146
OS 5.5310666 3.9527647
OS 5.5310666 3.9524315
OS 5.5309833 3.9519317
OS 5.5309833 3.9513486
OS 5.5309 3.9506822
OS 5.5306501 3.9490995
OS 5.5303169 3.9473502
OS 5.5297338 3.9454343
OS 5.5289841 3.9436017
OS 5.5279012 3.9418524
OS 5.5279012 3.9417691
OS 5.5277346 3.9416858
OS 5.527568 3.9414359
OS 5.5273181 3.9411027
OS 5.5266517 3.940353
OS 5.5257354 3.9393534
OS 5.5244859 3.9382705
OS 5.5230698 3.9371876
OS 5.5214038 3.9360214
OS 5.5195712 3.9350218
OS 5.5398964 3.9094487
OS 5.5214038 3.9094487
OS 5.5046605 3.9315232
OS 5.4993293 3.9315232
OS 5.4993293 3.9094487
OS 5.484252 3.9094487
OS 5.484252 3.9696746
OS 5.5101583 3.9696746
OS 5.5114078 3.9695913
OE
OB 5.5060766 3.958679 H
OS 5.4993293 3.958679
OS 5.4993293 3.9423522
OS 5.5046605 3.9423522
OS 5.5054102 3.9424355
OS 5.5062432 3.9424355
OS 5.5071595 3.9425188
OS 5.5080758 3.9426021
OS 5.5089088 3.9426854
OS 5.5089921 3.9426854
OS 5.509242 3.9427687
OS 5.5096585 3.942852
OS 5.5101583 3.9430186
OS 5.5114078 3.9436017
OS 5.512574 3.9443514
OS 5.5126573 3.9444347
OS 5.5128239 3.9446013
OS 5.5130738 3.9447679
OS 5.513407 3.9451011
OS 5.5141567 3.9460174
OS 5.5147398 3.9471003
OS 5.5147398 3.9471836
OS 5.5148231 3.9473502
OS 5.5149897 3.9477667
OS 5.5151563 3.9481832
OS 5.5152396 3.9488496
OS 5.5154062 3.949516
OS 5.5154895 3.950349
OS 5.5154895 3.9512653
OS 5.5154895 3.9513486
OS 5.5154895 3.9516818
OS 5.5154062 3.9520983
OS 5.5154062 3.9525981
OS 5.515073 3.9538476
OS 5.5149064 3.954514
OS 5.5145732 3.9551804
OS 5.5145732 3.9552637
OS 5.5144066 3.9554303
OS 5.51424 3.9557635
OS 5.5139068 3.9560967
OS 5.5134903 3.9565132
OS 5.5129905 3.9569297
OS 5.5124074 3.9573462
OS 5.511741 3.9576794
OS 5.5116577 3.9576794
OS 5.5114911 3.9577627
OS 5.5112412 3.9579293
OS 5.5108247 3.9580126
OS 5.5098251 3.9583458
OS 5.5085756 3.9585124
OS 5.5082424 3.9585124
OS 5.5079092 3.9585957
OS 5.506743 3.9585957
OS 5.5060766 3.958679
OE
SE
S P 0
OB 5.6660472 4.0667123 I
OS 5.6666303 4.0667123
OS 5.668213 4.0665457
OS 5.669879 4.0662958
OS 5.6717116 4.0658793
OS 5.6735442 4.0653795
OS 5.6752102 4.0647131
OS 5.6752935 4.0647131
OS 5.6753768 4.0646298
OS 5.6756267 4.0644632
OS 5.6759599 4.0642966
OS 5.6767096 4.0638801
OS 5.6777092 4.0632137
OS 5.6788754 4.0622974
OS 5.6800416 4.0612978
OS 5.6812911 4.0600483
OS 5.682374 4.0586322
OS 5.682374 4.0585489
OS 5.6824573 4.0584656
OS 5.6826239 4.0582157
OS 5.6827905 4.0578825
OS 5.6832903 4.0570495
OS 5.6838734 4.0558833
OS 5.6845398 4.0544672
OS 5.6852062 4.0528012
OS 5.6858726 4.0508853
OS 5.6863724 4.0488028
OS 5.6863724 4.0487195
OS 5.6864557 4.0485529
OS 5.6864557 4.0482197
OS 5.686539 4.0478032
OS 5.6867056 4.0472201
OS 5.6867889 4.0465537
OS 5.6868722 4.045804
OS 5.6870388 4.044971
OS 5.6871221 4.0439714
OS 5.6872054 4.0429718
OS 5.6874553 4.0407227
OS 5.6875386 4.0381404
OS 5.6876219 4.0353915
OS 5.6876219 4.0353082
OS 5.6876219 4.0350583
OS 5.6876219 4.0346418
OS 5.6876219 4.0340587
OS 5.6876219 4.0333923
OS 5.6875386 4.0326426
OS 5.6875386 4.0317263
OS 5.6874553 4.03081
OS 5.6872887 4.0286442
OS 5.6870388 4.0263951
OS 5.6867056 4.0239794
OS 5.6862891 4.0217303
OS 5.6862891 4.021647
OS 5.6862058 4.0214804
OS 5.6861225 4.0211472
OS 5.6860392 4.0207307
OS 5.6859559 4.0202309
OS 5.6857893 4.0196478
OS 5.6852895 4.018315
OS 5.6847897 4.0168156
OS 5.68404 4.0151496
OS 5.6832903 4.0135669
OS 5.6822907 4.0119842
OS 5.6822907 4.0119009
OS 5.6822074 4.0118176
OS 5.6817909 4.0113178
OS 5.6812078 4.0106514
OS 5.6803748 4.0098184
OS 5.6793752 4.0088188
OS 5.6781257 4.0078192
OS 5.6767096 4.0069029
OS 5.6751269 4.0060699
OS 5.6750436 4.0060699
OS 5.6749603 4.0059866
OS 5.6747104 4.0059033
OS 5.6743772 4.0057367
OS 5.6739607 4.0055701
OS 5.6734609 4.0054035
OS 5.6721281 4.0050703
OS 5.6706287 4.0047371
OS 5.6687961 4.0044039
OS 5.6667136 4.004154
OS 5.6643812 4.0040707
OS 5.6632983 4.0040707
OS 5.6627985 4.004154
OS 5.6621321 4.004154
OS 5.6606327 4.0043206
OS 5.6589667 4.0045705
OS 5.6572174 4.0049037
OS 5.6553848 4.0054035
OS 5.6536355 4.0060699
OS 5.6535522 4.0060699
OS 5.6534689 4.0061532
OS 5.653219 4.0063198
OS 5.6528858 4.0064864
OS 5.6521361 4.0069029
OS 5.6510532 4.0075693
OS 5.6499703 4.0084023
OS 5.6487208 4.0094852
OS 5.6475546 4.0106514
OS 5.6464717 4.0120675
OS 5.6464717 4.0121508
OS 5.6463884 4.0122341
OS 5.6462218 4.012484
OS 5.6460552 4.0127339
OS 5.6455554 4.0136502
OS 5.6449723 4.0147331
OS 5.6443059 4.0161492
OS 5.6436395 4.0178152
OS 5.6429731 4.0197311
OS 5.6424733 4.0218136
OS 5.6424733 4.0218969
OS 5.64239 4.0220635
OS 5.64239 4.0223967
OS 5.6423067 4.0228132
OS 5.6422234 4.0233963
OS 5.6420568 4.0240627
OS 5.6419735 4.0248124
OS 5.6418902 4.0257287
OS 5.6417236 4.026645
OS 5.6416403 4.0277279
OS 5.6413904 4.029977
OS 5.6413071 4.0325593
OS 5.6412238 4.0353915
OS 5.6412238 4.0354748
OS 5.6412238 4.0357247
OS 5.6412238 4.0361412
OS 5.6412238 4.0367243
OS 5.6412238 4.0373907
OS 5.6413071 4.0382237
OS 5.6413071 4.03914
OS 5.6413904 4.0401396
OS 5.6414737 4.0422221
OS 5.6417236 4.0445545
OS 5.6419735 4.0468036
OS 5.64239 4.0490527
OS 5.64239 4.049136
OS 5.6424733 4.0493026
OS 5.6425566 4.0496358
OS 5.6426399 4.049969
OS 5.6428065 4.0504688
OS 5.6429731 4.0510519
OS 5.6433896 4.0523847
OS 5.6439727 4.0538841
OS 5.6446391 4.0555501
OS 5.6455554 4.0572161
OS 5.646555 4.0587988
OS 5.646555 4.0588821
OS 5.6467216 4.0589654
OS 5.6470548 4.0594652
OS 5.6477212 4.0601316
OS 5.6485542 4.0610479
OS 5.6495538 4.0620475
OS 5.6508033 4.0630471
OS 5.6522194 4.0639634
OS 5.6538021 4.0647964
OS 5.6538854 4.0647964
OS 5.6539687 4.0648797
OS 5.6542186 4.064963
OS 5.6545518 4.0651296
OS 5.6550516 4.0652962
OS 5.6555514 4.0654628
OS 5.6568009 4.065796
OS 5.6583003 4.0661292
OS 5.6601329 4.0664624
OS 5.6621321 4.0667123
OS 5.6643812 4.0667956
OS 5.6654641 4.0667956
OS 5.6660472 4.0667123
OE
OB 5.6129851 4.0667123 I
OS 5.6139014 4.066629
OS 5.614901 4.0665457
OS 5.6160672 4.0663791
OS 5.6173167 4.0662125
OS 5.619899 4.0656294
OS 5.6213151 4.0652129
OS 5.6226479 4.0647964
OS 5.6239807 4.0642133
OS 5.6252302 4.0635469
OS 5.6263964 4.0627972
OS 5.6274793 4.0619642
OS 5.6275626 4.0618809
OS 5.6277292 4.0617143
OS 5.6279791 4.0614644
OS 5.6283956 4.0611312
OS 5.6288121 4.0606314
OS 5.6292286 4.0600483
OS 5.6297284 4.0592986
OS 5.6303115 4.0585489
OS 5.6308113 4.0576326
OS 5.6313111 4.056633
OS 5.6317276 4.0554668
OS 5.6322274 4.0543006
OS 5.6325606 4.0530511
OS 5.6328105 4.051635
OS 5.6329771 4.0501356
OS 5.6330604 4.0485529
OS 5.6330604 4.0484696
OS 5.6330604 4.048303
OS 5.6330604 4.0480531
OS 5.6330604 4.0476366
OS 5.6329771 4.0471368
OS 5.6328938 4.0465537
OS 5.6327272 4.0452209
OS 5.632394 4.0435549
OS 5.6319775 4.0418056
OS 5.6313111 4.0398897
OS 5.6304781 4.0379738
OS 5.6304781 4.0378905
OS 5.6303948 4.0377239
OS 5.6302282 4.037474
OS 5.6299783 4.0370575
OS 5.6297284 4.036641
OS 5.6293952 4.0360579
OS 5.6284789 4.0347251
OS 5.6273127 4.0330591
OS 5.6258966 4.0312265
OS 5.6241473 4.0292273
OS 5.6221481 4.0270615
OS 5.6219815 4.0268949
OS 5.621565 4.0264784
OS 5.6208153 4.0257287
OS 5.619899 4.0248957
OS 5.6188161 4.0238961
OS 5.6176499 4.0228132
OS 5.6150676 4.0205641
OS 5.614901 4.0204808
OS 5.6144845 4.0201476
OS 5.6139014 4.0196478
OS 5.6131517 4.0190647
OS 5.6114857 4.0177319
OS 5.610736 4.0171488
OS 5.6100696 4.016649
OS 5.635726 4.016649
OS 5.635726 4.0053202
OS 5.5914104 4.0053202
OS 5.5914104 4.0150663
OS 5.5914937 4.0151496
OS 5.5916603 4.0152329
OS 5.5919935 4.0154828
OS 5.5923267 4.015816
OS 5.5928265 4.0162325
OS 5.5934096 4.0167323
OS 5.5947424 4.0178152
OS 5.5963251 4.0190647
OS 5.5979911 4.0204808
OS 5.5997404 4.0219802
OS 5.6014897 4.0234796
OS 5.601573 4.0235629
OS 5.6016563 4.0236462
OS 5.6019062 4.0238961
OS 5.6022394 4.024146
OS 5.6030724 4.0248957
OS 5.6041553 4.0258953
OS 5.6054048 4.0270615
OS 5.6067376 4.0283943
OS 5.6080704 4.0297271
OS 5.6094032 4.0310599
OS 5.6094865 4.0311432
OS 5.6095698 4.0313098
OS 5.6098197 4.0314764
OS 5.6101529 4.0318096
OS 5.6109026 4.0327259
OS 5.6119022 4.0338088
OS 5.6129018 4.0351416
OS 5.6139847 4.0364744
OS 5.6149843 4.0378905
OS 5.6158173 4.0392233
OS 5.6159006 4.0393899
OS 5.6161505 4.0398064
OS 5.6164837 4.0405561
OS 5.6168169 4.0414724
OS 5.6171501 4.0425553
OS 5.6174833 4.0437215
OS 5.6177332 4.0450543
OS 5.6178165 4.0464704
OS 5.6178165 4.0465537
OS 5.6178165 4.046637
OS 5.6178165 4.0471368
OS 5.6176499 4.0479698
OS 5.6174833 4.0488861
OS 5.6171501 4.0498857
OS 5.6167336 4.0509686
OS 5.6160672 4.0520515
OS 5.6152342 4.0529678
OS 5.6151509 4.0530511
OS 5.6148177 4.053301
OS 5.6142346 4.0537175
OS 5.6134016 4.054134
OS 5.612402 4.0544672
OS 5.6112358 4.0548837
OS 5.6098197 4.0551336
OS 5.608237 4.0552169
OS 5.607404 4.0552169
OS 5.6068209 4.0551336
OS 5.6061545 4.0550503
OS 5.6054881 4.054967
OS 5.6039054 4.0546338
OS 5.6038221 4.0546338
OS 5.6035722 4.0545505
OS 5.6031557 4.0543839
OS 5.6025726 4.0542173
OS 5.6019895 4.0540507
OS 5.6012398 4.0537175
OS 5.5997404 4.0531344
OS 5.5996571 4.0531344
OS 5.5994072 4.0529678
OS 5.5989907 4.0528012
OS 5.5984909 4.0525513
OS 5.5973247 4.0519682
OS 5.5961585 4.0512185
OS 5.5960752 4.0512185
OS 5.5959086 4.0510519
OS 5.5954088 4.0507187
OS 5.5946591 4.0503022
OS 5.594076 4.0498857
OS 5.5929098 4.0498857
OS 5.5929098 4.0629638
OS 5.5929931 4.0630471
OS 5.5934096 4.0632137
OS 5.5939927 4.0634636
OS 5.5948257 4.0637135
OS 5.5959086 4.06413
OS 5.5973247 4.0645465
OS 5.5989074 4.064963
OS 5.6008233 4.0654628
OS 5.6009066 4.0654628
OS 5.6010732 4.0655461
OS 5.6013231 4.0656294
OS 5.6017396 4.0657127
OS 5.6022394 4.065796
OS 5.6028225 4.0658793
OS 5.6041553 4.0661292
OS 5.605738 4.0663791
OS 5.6074873 4.066629
OS 5.6093199 4.0667123
OS 5.6112358 4.0667956
OS 5.6122354 4.0667956
OS 5.6129851 4.0667123
OE
OB 5.5644212 4.0667123 I
OS 5.5654208 4.0667123
OS 5.5665037 4.066629
OS 5.5686695 4.0663791
OS 5.5688361 4.0663791
OS 5.5691693 4.0662958
OS 5.5697524 4.0662125
OS 5.5705021 4.0660459
OS 5.5713351 4.0658793
OS 5.5722514 4.0657127
OS 5.5742506 4.0652129
OS 5.5743339 4.0652129
OS 5.5745838 4.0651296
OS 5.5750003 4.064963
OS 5.5755834 4.0647964
OS 5.5762498 4.0645465
OS 5.5769995 4.0642966
OS 5.5786655 4.0635469
OS 5.5787488 4.0634636
OS 5.579082 4.0633803
OS 5.5794985 4.0632137
OS 5.5800816 4.0629638
OS 5.5814144 4.0623807
OS 5.5820808 4.0620475
OS 5.5826639 4.0617143
OS 5.5826639 4.04747
OS 5.5810812 4.04747
OS 5.5809979 4.0475533
OS 5.5809146 4.0476366
OS 5.5806647 4.0478032
OS 5.5803315 4.0481364
OS 5.5794985 4.0488028
OS 5.5783323 4.0497191
OS 5.578249 4.0498024
OS 5.5780824 4.049969
OS 5.5776659 4.0502189
OS 5.5772494 4.0505521
OS 5.5766663 4.0509686
OS 5.5760832 4.0513851
OS 5.5745838 4.0523847
OS 5.5745005 4.052468
OS 5.5742506 4.0526346
OS 5.5737508 4.0528012
OS 5.573251 4.0531344
OS 5.5725013 4.0534676
OS 5.5717516 4.0538008
OS 5.5708353 4.0542173
OS 5.569919 4.0545505
OS 5.5698357 4.0546338
OS 5.5695025 4.0547171
OS 5.5690027 4.0548837
OS 5.5683363 4.0550503
OS 5.5675033 4.0552169
OS 5.5666703 4.0553002
OS 5.5656707 4.0554668
OS 5.564088 4.0554668
OS 5.5635049 4.0553835
OS 5.5626719 4.0553002
OS 5.5617556 4.0552169
OS 5.560756 4.0550503
OS 5.5597564 4.0547171
OS 5.5586735 4.0543839
OS 5.5585902 4.0543006
OS 5.558257 4.0542173
OS 5.5576739 4.0539674
OS 5.5570075 4.0535509
OS 5.5562578 4.0530511
OS 5.5553415 4.052468
OS 5.5544252 4.0517183
OS 5.5535089 4.050802
OS 5.5534256 4.0507187
OS 5.5531757 4.0503855
OS 5.5527592 4.0498857
OS 5.5521761 4.0492193
OS 5.551593 4.048303
OS 5.5510099 4.0472201
OS 5.5504268 4.0459706
OS 5.5498437 4.0445545
OS 5.5498437 4.0444712
OS 5.5497604 4.0443879
OS 5.5496771 4.044138
OS 5.5495938 4.0438881
OS 5.5494272 4.0430551
OS 5.5491773 4.0419722
OS 5.5488441 4.0405561
OS 5.5486775 4.0389734
OS 5.5485109 4.0372241
OS 5.5484276 4.0353082
OS 5.5484276 4.0352249
OS 5.5484276 4.0350583
OS 5.5484276 4.0348084
OS 5.5484276 4.0343919
OS 5.5485109 4.0338921
OS 5.5485109 4.033309
OS 5.5485942 4.0320595
OS 5.5487608 4.0305601
OS 5.5490107 4.0289774
OS 5.5493439 4.0273947
OS 5.5498437 4.0258953
OS 5.549927 4.0257287
OS 5.5500936 4.0252289
OS 5.5504268 4.0245625
OS 5.5509266 4.0237295
OS 5.5514264 4.0227299
OS 5.5520928 4.021647
OS 5.5529258 4.0206474
OS 5.5537588 4.0197311
OS 5.5538421 4.0196478
OS 5.5541753 4.0193979
OS 5.5546751 4.0189814
OS 5.5553415 4.0184816
OS 5.5560912 4.0179818
OS 5.5570075 4.0173987
OS 5.5580071 4.0168989
OS 5.5590067 4.0164824
OS 5.5591733 4.0164824
OS 5.5595065 4.0163158
OS 5.5600896 4.0161492
OS 5.5608393 4.0159826
OS 5.5616723 4.015816
OS 5.5626719 4.0156494
OS 5.5636715 4.0155661
OS 5.5647544 4.0154828
OS 5.5652542 4.0154828
OS 5.5658373 4.0155661
OS 5.566587 4.0155661
OS 5.56742 4.0157327
OS 5.5684196 4.0158993
OS 5.5694192 4.0160659
OS 5.5704188 4.0163991
OS 5.5705021 4.0164824
OS 5.5709186 4.0165657
OS 5.5714184 4.0168156
OS 5.5720015 4.0170655
OS 5.5727512 4.0173987
OS 5.5735009 4.0177319
OS 5.5742506 4.0182317
OS 5.5750003 4.0186482
OS 5.5750836 4.0187315
OS 5.5753335 4.0188981
OS 5.57575 4.019148
OS 5.5762498 4.0193979
OS 5.577416 4.0202309
OS 5.5785822 4.0211472
OS 5.5786655 4.0212305
OS 5.5788321 4.0213971
OS 5.579082 4.0215637
OS 5.5794985 4.0218969
OS 5.5803315 4.0226466
OS 5.5812478 4.0234796
OS 5.5826639 4.0234796
OS 5.5826639 4.0093186
OS 5.5825806 4.0093186
OS 5.5823307 4.009152
OS 5.5819975 4.0089854
OS 5.581581 4.0088188
OS 5.5809979 4.0084856
OS 5.5803315 4.0082357
OS 5.5787488 4.007486
OS 5.5786655 4.007486
OS 5.5784156 4.0073194
OS 5.5779158 4.0071528
OS 5.577416 4.0069029
OS 5.5767496 4.006653
OS 5.5759999 4.0064031
OS 5.5743339 4.00582
OS 5.5742506 4.00582
OS 5.5738341 4.0057367
OS 5.5733343 4.0055701
OS 5.5725846 4.0054035
OS 5.5717516 4.0052369
OS 5.5709186 4.004987
OS 5.5690027 4.0046538
OS 5.5689194 4.0046538
OS 5.5685862 4.0045705
OS 5.5680031 4.0044872
OS 5.5672534 4.0044039
OS 5.5663371 4.0043206
OS 5.5651709 4.0042373
OS 5.5637548 4.004154
OS 5.5616723 4.004154
OS 5.5609226 4.0042373
OS 5.5600063 4.0043206
OS 5.5588401 4.0044039
OS 5.5575073 4.0045705
OS 5.5560912 4.0048204
OS 5.5545085 4.0051536
OS 5.5527592 4.0055701
OS 5.5510099 4.0061532
OS 5.5492606 4.0068196
OS 5.547428 4.0075693
OS 5.5456787 4.0085689
OS 5.5439294 4.0096518
OS 5.5423467 4.0109013
OS 5.540764 4.0123174
OS 5.5406807 4.0124007
OS 5.5404308 4.0127339
OS 5.5400143 4.0131504
OS 5.5395145 4.0138168
OS 5.5389314 4.0146498
OS 5.538265 4.0156494
OS 5.5375153 4.0168989
OS 5.5368489 4.0182317
OS 5.5360992 4.0198144
OS 5.5353495 4.0215637
OS 5.5346831 4.0233963
OS 5.5341 4.0254788
OS 5.5336002 4.0277279
OS 5.5331837 4.0301436
OS 5.5329338 4.0326426
OS 5.5328505 4.0353915
OS 5.5328505 4.0354748
OS 5.5328505 4.0355581
OS 5.5328505 4.0360579
OS 5.5329338 4.0368076
OS 5.5330171 4.0378072
OS 5.5331004 4.0389734
OS 5.533267 4.0403895
OS 5.5335169 4.0419722
OS 5.5338501 4.0436382
OS 5.5342666 4.0453875
OS 5.5347664 4.0473034
OS 5.5354328 4.049136
OS 5.5361825 4.0510519
OS 5.5370988 4.0529678
OS 5.5381817 4.0548004
OS 5.5393479 4.0565497
OS 5.540764 4.0582157
OS 5.5408473 4.058299
OS 5.5410972 4.0585489
OS 5.541597 4.0590487
OS 5.5422634 4.0595485
OS 5.5430131 4.0602149
OS 5.5440127 4.0609646
OS 5.5451789 4.0617143
OS 5.5464284 4.0625473
OS 5.5479278 4.063297
OS 5.5495105 4.0640467
OS 5.5512598 4.0647964
OS 5.5531757 4.0654628
OS 5.5552582 4.0660459
OS 5.557424 4.0664624
OS 5.5597564 4.0667123
OS 5.5622554 4.0667956
OS 5.5635049 4.0667956
OS 5.5644212 4.0667123
OE
OB 5.6643812 4.0557167 H
OS 5.6642146 4.0557167
OS 5.6637148 4.0556334
OS 5.6628818 4.0554668
OS 5.6619655 4.0551336
OS 5.6609659 4.0546338
OS 5.6599663 4.0538008
OS 5.6594665 4.053301
OS 5.65905 4.0526346
OS 5.6585502 4.0519682
OS 5.658217 4.0511352
OS 5.658217 4.0510519
OS 5.6581337 4.0508853
OS 5.6580504 4.0506354
OS 5.6579671 4.0502189
OS 5.6578005 4.0497191
OS 5.6576339 4.049136
OS 5.6574673 4.0483863
OS 5.6573007 4.04747
OS 5.6571341 4.0464704
OS 5.6569675 4.0453042
OS 5.6568009 4.0440547
OS 5.6566343 4.0426386
OS 5.656551 4.0410559
OS 5.6564677 4.0393066
OS 5.6563844 4.0373907
OS 5.6563844 4.0353915
OS 5.6563844 4.0353082
OS 5.6563844 4.0348917
OS 5.6563844 4.0343086
OS 5.6563844 4.0335589
OS 5.6564677 4.0327259
OS 5.6564677 4.031643
OS 5.656551 4.0304768
OS 5.6566343 4.0293106
OS 5.6568009 4.0267283
OS 5.6571341 4.024146
OS 5.657384 4.0228965
OS 5.6576339 4.0217303
OS 5.6578838 4.0206474
OS 5.658217 4.0197311
OS 5.658217 4.0196478
OS 5.6583003 4.0195645
OS 5.6585502 4.0189814
OS 5.65905 4.018315
OS 5.6597164 4.017482
OS 5.6605494 4.0165657
OS 5.6616323 4.0158993
OS 5.6628818 4.0153162
OS 5.6636315 4.0152329
OS 5.6643812 4.0151496
OS 5.6645478 4.0151496
OS 5.6651309 4.0152329
OS 5.6658806 4.0153995
OS 5.6667969 4.0157327
OS 5.6677965 4.0162325
OS 5.6687961 4.0170655
OS 5.6692959 4.0176486
OS 5.6697957 4.0182317
OS 5.6702122 4.0188981
OS 5.6705454 4.0197311
OS 5.6705454 4.0198144
OS 5.6706287 4.019981
OS 5.670712 4.0202309
OS 5.6708786 4.0206474
OS 5.6709619 4.0211472
OS 5.6711285 4.0217303
OS 5.6712951 4.0225633
OS 5.671545 4.0233963
OS 5.6717116 4.0243959
OS 5.6718782 4.0255621
OS 5.6720448 4.0268116
OS 5.6721281 4.028311
OS 5.6722947 4.0298104
OS 5.672378 4.0315597
OS 5.6724613 4.0333923
OS 5.6724613 4.0353915
OS 5.6724613 4.0355581
OS 5.6724613 4.0358913
OS 5.6724613 4.0364744
OS 5.6724613 4.0372241
OS 5.672378 4.0381404
OS 5.672378 4.0392233
OS 5.6722947 4.0403062
OS 5.6722114 4.0415557
OS 5.6719615 4.0442213
OS 5.6716283 4.0468036
OS 5.6714617 4.0480531
OS 5.6712118 4.049136
OS 5.6708786 4.0502189
OS 5.6705454 4.0511352
OS 5.6705454 4.0512185
OS 5.6704621 4.0513018
OS 5.6702122 4.0518849
OS 5.6697124 4.0525513
OS 5.6691293 4.0534676
OS 5.668213 4.0543006
OS 5.6672134 4.054967
OS 5.6658806 4.0555501
OS 5.6651309 4.0556334
OS 5.6643812 4.0557167
OE
SE
S P 0
OB 5.6906804 1.0170323 I
OS 5.6920132 1.016949
OS 5.6934293 1.0168657
OS 5.6949287 1.0166991
OS 5.6963448 1.0164492
OS 5.6965114 1.0164492
OS 5.6970112 1.0162826
OS 5.6976776 1.016116
OS 5.6985939 1.0158661
OS 5.6996768 1.0155329
OS 5.700843 1.0151164
OS 5.7020925 1.0145333
OS 5.7032587 1.0138669
OS 5.7034253 1.0137836
OS 5.7037585 1.0135337
OS 5.7044249 1.0130339
OS 5.7050913 1.0124508
OS 5.7059243 1.0117011
OS 5.7068406 1.0107848
OS 5.7076736 1.0097852
OS 5.7084233 1.008619
OS 5.7085066 1.0084524
OS 5.7087565 1.0080359
OS 5.7090064 1.0073695
OS 5.7094229 1.0064532
OS 5.7097561 1.005287
OS 5.710006 1.0038709
OS 5.7102559 1.0022882
OS 5.7103392 1.0005389
OS 5.7103392 1.0004556
OS 5.7103392 1.0002057
OS 5.7103392 0.9998725
OS 5.7102559 0.9993727
OS 5.7102559 0.9987896
OS 5.7101726 0.9981232
OS 5.7099227 0.9965405
OS 5.7095895 0.9947912
OS 5.7090064 0.9928753
OS 5.7082567 0.9910427
OS 5.7071738 0.9892934
OS 5.7071738 0.9892101
OS 5.7070072 0.9891268
OS 5.7068406 0.9888769
OS 5.7065907 0.9885437
OS 5.7059243 0.987794
OS 5.705008 0.9867944
OS 5.7037585 0.9857115
OS 5.7023424 0.9846286
OS 5.7006764 0.9834624
OS 5.6988438 0.9824628
OS 5.719169 0.9568897
OS 5.7006764 0.9568897
OS 5.6839331 0.9789642
OS 5.6786019 0.9789642
OS 5.6786019 0.9568897
OS 5.6635246 0.9568897
OS 5.6635246 1.0171156
OS 5.6894309 1.0171156
OS 5.6906804 1.0170323
OE
OB 5.7526556 0.9673855 I
OS 5.7650673 0.9673855
OS 5.7650673 0.9568897
OS 5.7253332 0.9568897
OS 5.7253332 0.9673855
OS 5.7379948 0.9673855
OS 5.7379948 0.9992061
OS 5.7253332 0.9992061
OS 5.7253332 1.0090355
OS 5.7263328 1.0090355
OS 5.7270825 1.0091188
OS 5.7279155 1.0091188
OS 5.7288318 1.0092021
OS 5.730831 1.0093687
OS 5.7309143 1.0093687
OS 5.7313308 1.009452
OS 5.7318306 1.0095353
OS 5.7324137 1.0096186
OS 5.7338298 1.0100351
OS 5.7345795 1.010285
OS 5.7352459 1.0105349
OS 5.7353292 1.0106182
OS 5.7355791 1.0107015
OS 5.7359123 1.0109514
OS 5.7363288 1.0112013
OS 5.7373284 1.0120343
OS 5.7382447 1.0131172
OS 5.738328 1.0132005
OS 5.7384113 1.0134504
OS 5.7385779 1.0137836
OS 5.7388278 1.0142834
OS 5.7389944 1.0148665
OS 5.739161 1.0156162
OS 5.7393276 1.0163659
OS 5.7394109 1.0172822
OS 5.7526556 1.0172822
OS 5.7526556 0.9673855
OE
OB 5.6372018 0.9568897 I
OS 5.6213748 0.9568897
OS 5.6007164 1.0171156
OS 5.6163768 1.0171156
OS 5.6295382 0.976132
OS 5.6426996 1.0171156
OS 5.6579435 1.0171156
OS 5.6372018 0.9568897
OE
OB 5.6853492 1.00612 H
OS 5.6786019 1.00612
OS 5.6786019 0.9897932
OS 5.6839331 0.9897932
OS 5.6846828 0.9898765
OS 5.6855158 0.9898765
OS 5.6864321 0.9899598
OS 5.6873484 0.9900431
OS 5.6881814 0.9901264
OS 5.6882647 0.9901264
OS 5.6885146 0.9902097
OS 5.6889311 0.990293
OS 5.6894309 0.9904596
OS 5.6906804 0.9910427
OS 5.6918466 0.9917924
OS 5.6919299 0.9918757
OS 5.6920965 0.9920423
OS 5.6923464 0.9922089
OS 5.6926796 0.9925421
OS 5.6934293 0.9934584
OS 5.6940124 0.9945413
OS 5.6940124 0.9946246
OS 5.6940957 0.9947912
OS 5.6942623 0.9952077
OS 5.6944289 0.9956242
OS 5.6945122 0.9962906
OS 5.6946788 0.996957
OS 5.6947621 0.99779
OS 5.6947621 0.9987063
OS 5.6947621 0.9987896
OS 5.6947621 0.9991228
OS 5.6946788 0.9995393
OS 5.6946788 1.0000391
OS 5.6943456 1.0012886
OS 5.694179 1.001955
OS 5.6938458 1.0026214
OS 5.6938458 1.0027047
OS 5.6936792 1.0028713
OS 5.6935126 1.0032045
OS 5.6931794 1.0035377
OS 5.6927629 1.0039542
OS 5.6922631 1.0043707
OS 5.69168 1.0047872
OS 5.6910136 1.0051204
OS 5.6909303 1.0051204
OS 5.6907637 1.0052037
OS 5.6905138 1.0053703
OS 5.6900973 1.0054536
OS 5.6890977 1.0057868
OS 5.6878482 1.0059534
OS 5.687515 1.0059534
OS 5.6871818 1.0060367
OS 5.6860156 1.0060367
OS 5.6853492 1.00612
OE
SE
S P 0
OB 5.7894493 1.2521704 I
OS 5.7903656 1.2521704
OS 5.7912819 1.2520871
OS 5.7934477 1.2518372
OS 5.7936143 1.2518372
OS 5.7939475 1.2517539
OS 5.7944473 1.2516706
OS 5.7951137 1.2515873
OS 5.7964465 1.2514207
OS 5.7971129 1.2512541
OS 5.7976127 1.2511708
OS 5.7976127 1.2394255
OS 5.7963632 1.2394255
OS 5.7962799 1.2395088
OS 5.79603 1.2395921
OS 5.7956135 1.2397587
OS 5.795197 1.2399253
OS 5.7946139 1.2400919
OS 5.7938642 1.2403418
OS 5.7930312 1.2405917
OS 5.7929479 1.2405917
OS 5.7926147 1.240675
OS 5.7921149 1.2408416
OS 5.7914485 1.2409249
OS 5.7906155 1.2410915
OS 5.7896992 1.2411748
OS 5.7886163 1.2412581
OS 5.7867837 1.2412581
OS 5.7862839 1.2411748
OS 5.7857008 1.2411748
OS 5.7850344 1.2410915
OS 5.7834517 1.2407583
OS 5.7817024 1.2403418
OS 5.7798698 1.2396754
OS 5.7781205 1.2387591
OS 5.7772875 1.238176
OS 5.7765378 1.2375096
OS 5.7763712 1.237343
OS 5.7762046 1.2370931
OS 5.7759547 1.2368432
OS 5.7756215 1.2364267
OS 5.7752883 1.2359269
OS 5.7745386 1.2347607
OS 5.7737056 1.2332613
OS 5.7729559 1.2314287
OS 5.7722895 1.2292629
OS 5.7717897 1.2268472
OS 5.7719563 1.2269305
OS 5.7722895 1.2271804
OS 5.7728726 1.2275136
OS 5.7737056 1.2279301
OS 5.7745386 1.2283466
OS 5.7756215 1.2289297
OS 5.7777873 1.229846
OS 5.7779539 1.2299293
OS 5.7783704 1.2300126
OS 5.7789535 1.2301792
OS 5.7797865 1.2304291
OS 5.7808694 1.230679
OS 5.7820356 1.2308456
OS 5.7832851 1.2309289
OS 5.7847012 1.2310122
OS 5.7852843 1.2310122
OS 5.7858674 1.2309289
OS 5.7867004 1.2309289
OS 5.7876167 1.2307623
OS 5.7886163 1.2305957
OS 5.7896992 1.2304291
OS 5.7907821 1.2300959
OS 5.7909487 1.2300959
OS 5.7912819 1.2299293
OS 5.7917817 1.2297627
OS 5.7924481 1.2295128
OS 5.7932811 1.2290963
OS 5.7941141 1.2286798
OS 5.7958634 1.2275969
OS 5.79603 1.2275136
OS 5.7963632 1.2271804
OS 5.7969463 1.2265973
OS 5.7976127 1.2259309
OS 5.7984457 1.2250146
OS 5.7992787 1.2239317
OS 5.8000284 1.2226822
OS 5.8007781 1.2212661
OS 5.8007781 1.2211828
OS 5.8008614 1.2210995
OS 5.8009447 1.2208496
OS 5.8011113 1.2205997
OS 5.8013612 1.2197667
OS 5.8017777 1.2186005
OS 5.8021109 1.2171844
OS 5.8023608 1.2154351
OS 5.8026107 1.2135192
OS 5.802694 1.2113534
OS 5.802694 1.2112701
OS 5.802694 1.2109369
OS 5.802694 1.2104371
OS 5.8026107 1.2097707
OS 5.8025274 1.2089377
OS 5.8023608 1.2080214
OS 5.8021942 1.2070218
OS 5.8019443 1.2058556
OS 5.8016111 1.2046061
OS 5.8011946 1.2033566
OS 5.8006948 1.2021071
OS 5.8001117 1.2007743
OS 5.7994453 1.1994415
OS 5.7986123 1.198192
OS 5.797696 1.1969425
OS 5.7966131 1.1957763
OS 5.7965298 1.195693
OS 5.7963632 1.1955264
OS 5.79603 1.1951932
OS 5.7955302 1.19486
OS 5.7948638 1.1943602
OS 5.7941974 1.1938604
OS 5.7932811 1.1932773
OS 5.7922815 1.1927775
OS 5.7911986 1.1921944
OS 5.7899491 1.1916113
OS 5.7886163 1.1911115
OS 5.7871169 1.1906117
OS 5.7855342 1.1902785
OS 5.7838682 1.1899453
OS 5.7820356 1.1897787
OS 5.7801197 1.1896954
OS 5.7792034 1.1896954
OS 5.7787869 1.1897787
OS 5.7782038 1.1897787
OS 5.7769543 1.189862
OS 5.7755382 1.1900286
OS 5.7739555 1.1903618
OS 5.7722895 1.190695
OS 5.7707068 1.1911948
OS 5.7706235 1.1911948
OS 5.7705402 1.1912781
OS 5.7700404 1.1914447
OS 5.7692907 1.1918612
OS 5.7682911 1.1922777
OS 5.7672082 1.1929441
OS 5.766042 1.1936938
OS 5.7648758 1.1946101
OS 5.7637096 1.1956097
OS 5.763543 1.1957763
OS 5.7631265 1.1962761
OS 5.7625434 1.1970258
OS 5.7617937 1.1980254
OS 5.7609607 1.1993582
OS 5.7600444 1.2008576
OS 5.7592114 1.2026069
OS 5.7584617 1.2046061
OS 5.7584617 1.2046894
OS 5.7583784 1.204856
OS 5.7582951 1.2051892
OS 5.7582118 1.2056057
OS 5.7580452 1.2061055
OS 5.7578786 1.2067719
OS 5.757712 1.2075216
OS 5.7576287 1.2083546
OS 5.7574621 1.2092709
OS 5.7572955 1.2102705
OS 5.7569623 1.2125196
OS 5.7567957 1.2150186
OS 5.7567124 1.2177675
OS 5.7567124 1.2178508
OS 5.7567124 1.2181007
OS 5.7567124 1.2185172
OS 5.7567124 1.2191003
OS 5.7567957 1.2197667
OS 5.7567957 1.2205997
OS 5.756879 1.221516
OS 5.7569623 1.2225156
OS 5.7571289 1.2246814
OS 5.7573788 1.2270138
OS 5.7577953 1.2294295
OS 5.7583784 1.2317619
OS 5.7583784 1.2318452
OS 5.7584617 1.2320118
OS 5.758545 1.232345
OS 5.7587116 1.2327615
OS 5.7588782 1.2333446
OS 5.7591281 1.2339277
OS 5.7597112 1.2354271
OS 5.7604609 1.2371764
OS 5.7613772 1.239009
OS 5.7625434 1.2408416
OS 5.7638762 1.2426742
OS 5.7639595 1.2427575
OS 5.7640428 1.2428408
OS 5.7642927 1.2430907
OS 5.7645426 1.2434239
OS 5.7653756 1.2442569
OS 5.7664585 1.2452565
OS 5.7678746 1.2463394
OS 5.7695406 1.2475056
OS 5.7714565 1.2486718
OS 5.773539 1.2496714
OS 5.7736223 1.2496714
OS 5.7737889 1.2497547
OS 5.7741221 1.2499213
OS 5.7746219 1.2500879
OS 5.7751217 1.2502545
OS 5.7758714 1.2505044
OS 5.7766211 1.2507543
OS 5.7775374 1.2510042
OS 5.778537 1.2511708
OS 5.7795366 1.2514207
OS 5.7807028 1.2516706
OS 5.7819523 1.2518372
OS 5.7847012 1.2521704
OS 5.7876167 1.2522537
OS 5.7886996 1.2522537
OS 5.7894493 1.2521704
OE
OB 5.7259747 1.2510875 I
OS 5.7273075 1.2510042
OS 5.7287236 1.2509209
OS 5.730223 1.2507543
OS 5.7316391 1.2505044
OS 5.7318057 1.2505044
OS 5.7323055 1.2503378
OS 5.7329719 1.2501712
OS 5.7338882 1.2499213
OS 5.7349711 1.2495881
OS 5.7361373 1.2491716
OS 5.7373868 1.2485885
OS 5.738553 1.2479221
OS 5.7387196 1.2478388
OS 5.7390528 1.2475889
OS 5.7397192 1.2470891
OS 5.7403856 1.246506
OS 5.7412186 1.2457563
OS 5.7421349 1.24484
OS 5.7429679 1.2438404
OS 5.7437176 1.2426742
OS 5.7438009 1.2425076
OS 5.7440508 1.2420911
OS 5.7443007 1.2414247
OS 5.7447172 1.2405084
OS 5.7450504 1.2393422
OS 5.7453003 1.2379261
OS 5.7455502 1.2363434
OS 5.7456335 1.2345941
OS 5.7456335 1.2345108
OS 5.7456335 1.2342609
OS 5.7456335 1.2339277
OS 5.7455502 1.2334279
OS 5.7455502 1.2328448
OS 5.7454669 1.2321784
OS 5.745217 1.2305957
OS 5.7448838 1.2288464
OS 5.7443007 1.2269305
OS 5.743551 1.2250979
OS 5.7424681 1.2233486
OS 5.7424681 1.2232653
OS 5.7423015 1.223182
OS 5.7421349 1.2229321
OS 5.741885 1.2225989
OS 5.7412186 1.2218492
OS 5.7403023 1.2208496
OS 5.7390528 1.2197667
OS 5.7376367 1.2186838
OS 5.7359707 1.2175176
OS 5.7341381 1.216518
OS 5.7544633 1.1909449
OS 5.7359707 1.1909449
OS 5.7192274 1.2130194
OS 5.7138962 1.2130194
OS 5.7138962 1.1909449
OS 5.6988189 1.1909449
OS 5.6988189 1.2511708
OS 5.7247252 1.2511708
OS 5.7259747 1.2510875
OE
OB 5.7781205 1.2205164 H
OS 5.7775374 1.2205164
OS 5.7771209 1.2204331
OS 5.7761213 1.2203498
OS 5.7748718 1.2200999
OS 5.7747885 1.2200999
OS 5.7746219 1.2200166
OS 5.7742887 1.2199333
OS 5.7738722 1.21985
OS 5.7728726 1.2195168
OS 5.7717064 1.2191003
OS 5.7717064 1.219017
OS 5.7717064 1.2187671
OS 5.7717064 1.2183506
OS 5.7717064 1.2176842
OS 5.7717064 1.2175176
OS 5.7717064 1.2170178
OS 5.7717064 1.2163514
OS 5.7717064 1.2153518
OS 5.7717064 1.2152685
OS 5.7717064 1.2151019
OS 5.7717064 1.214852
OS 5.7717064 1.2145188
OS 5.7717897 1.2135192
OS 5.7717897 1.212353
OS 5.771873 1.2110202
OS 5.7720396 1.2096874
OS 5.7722895 1.2082713
OS 5.7725394 1.2070218
OS 5.7726227 1.2068552
OS 5.772706 1.206522
OS 5.7728726 1.2059389
OS 5.7732058 1.2052725
OS 5.7738722 1.2037731
OS 5.774372 1.2030234
OS 5.7748718 1.202357
OS 5.7749551 1.2022737
OS 5.7750384 1.2021071
OS 5.7755382 1.2016073
OS 5.7762879 1.2010242
OS 5.7772042 1.2004411
OS 5.7772875 1.2004411
OS 5.7774541 1.2003578
OS 5.777704 1.2002745
OS 5.7781205 1.2001912
OS 5.7790368 1.2000246
OS 5.7801197 1.1999413
OS 5.7805362 1.1999413
OS 5.7808694 1.2000246
OS 5.7817024 1.2001912
OS 5.782702 1.2005244
OS 5.7827853 1.2005244
OS 5.7829519 1.2006077
OS 5.7832018 1.2007743
OS 5.783535 1.2009409
OS 5.7842847 1.201524
OS 5.7851177 1.202357
OS 5.785201 1.2024403
OS 5.7852843 1.2026069
OS 5.7855342 1.2028568
OS 5.7857841 1.2032733
OS 5.7863672 1.2042729
OS 5.786867 1.2054391
OS 5.786867 1.2055224
OS 5.7869503 1.2057723
OS 5.7871169 1.2061888
OS 5.7872002 1.2067719
OS 5.7873668 1.2075216
OS 5.7874501 1.2083546
OS 5.7875334 1.2094375
OS 5.7875334 1.210687
OS 5.7875334 1.2108536
OS 5.7875334 1.2111868
OS 5.7875334 1.2116866
OS 5.7874501 1.212353
OS 5.7873668 1.2131027
OS 5.7872002 1.2139357
OS 5.7870336 1.2146854
OS 5.7867837 1.2154351
OS 5.7867837 1.2155184
OS 5.7866171 1.2157683
OS 5.7864505 1.2161015
OS 5.7862839 1.216518
OS 5.7856175 1.2175176
OS 5.7847012 1.2185172
OS 5.7846179 1.2186005
OS 5.7844513 1.2186838
OS 5.7842014 1.2188504
OS 5.7838682 1.2191003
OS 5.7828686 1.2196001
OS 5.7817024 1.2200166
OS 5.7816191 1.2200166
OS 5.7814525 1.2200999
OS 5.781036 1.2201832
OS 5.7806195 1.2202665
OS 5.7801197 1.2203498
OS 5.7794533 1.2204331
OS 5.7781205 1.2205164
OE
OB 5.7206435 1.2401752 H
OS 5.7138962 1.2401752
OS 5.7138962 1.2238484
OS 5.7192274 1.2238484
OS 5.7199771 1.2239317
OS 5.7208101 1.2239317
OS 5.7217264 1.224015
OS 5.7226427 1.2240983
OS 5.7234757 1.2241816
OS 5.723559 1.2241816
OS 5.7238089 1.2242649
OS 5.7242254 1.2243482
OS 5.7247252 1.2245148
OS 5.7259747 1.2250979
OS 5.7271409 1.2258476
OS 5.7272242 1.2259309
OS 5.7273908 1.2260975
OS 5.7276407 1.2262641
OS 5.7279739 1.2265973
OS 5.7287236 1.2275136
OS 5.7293067 1.2285965
OS 5.7293067 1.2286798
OS 5.72939 1.2288464
OS 5.7295566 1.2292629
OS 5.7297232 1.2296794
OS 5.7298065 1.2303458
OS 5.7299731 1.2310122
OS 5.7300564 1.2318452
OS 5.7300564 1.2327615
OS 5.7300564 1.2328448
OS 5.7300564 1.233178
OS 5.7299731 1.2335945
OS 5.7299731 1.2340943
OS 5.7296399 1.2353438
OS 5.7294733 1.2360102
OS 5.7291401 1.2366766
OS 5.7291401 1.2367599
OS 5.7289735 1.2369265
OS 5.7288069 1.2372597
OS 5.7284737 1.2375929
OS 5.7280572 1.2380094
OS 5.7275574 1.2384259
OS 5.7269743 1.2388424
OS 5.7263079 1.2391756
OS 5.7262246 1.2391756
OS 5.726058 1.2392589
OS 5.7258081 1.2394255
OS 5.7253916 1.2395088
OS 5.724392 1.239842
OS 5.7231425 1.2400086
OS 5.7228093 1.2400086
OS 5.7224761 1.2400919
OS 5.7213099 1.2400919
OS 5.7206435 1.2401752
OE
SE
S P 0
OB 5.8266798 2.4924945 I
OS 5.8275961 2.4924112
OS 5.8285957 2.4923279
OS 5.8297619 2.4921613
OS 5.8310114 2.4919947
OS 5.8335937 2.4914116
OS 5.8350098 2.4909951
OS 5.8363426 2.4905786
OS 5.8376754 2.4899955
OS 5.8389249 2.4893291
OS 5.8400911 2.4885794
OS 5.841174 2.4877464
OS 5.8412573 2.4876631
OS 5.8414239 2.4874965
OS 5.8416738 2.4872466
OS 5.8420903 2.4869134
OS 5.8425068 2.4864136
OS 5.8429233 2.4858305
OS 5.8434231 2.4850808
OS 5.8440062 2.4843311
OS 5.844506 2.4834148
OS 5.8450058 2.4824152
OS 5.8454223 2.481249
OS 5.8459221 2.4800828
OS 5.8462553 2.4788333
OS 5.8465052 2.4774172
OS 5.8466718 2.4759178
OS 5.8467551 2.4743351
OS 5.8467551 2.4742518
OS 5.8467551 2.4740852
OS 5.8467551 2.4738353
OS 5.8467551 2.4734188
OS 5.8466718 2.472919
OS 5.8465885 2.4723359
OS 5.8464219 2.4710031
OS 5.8460887 2.4693371
OS 5.8456722 2.4675878
OS 5.8450058 2.4656719
OS 5.8441728 2.463756
OS 5.8441728 2.4636727
OS 5.8440895 2.4635061
OS 5.8439229 2.4632562
OS 5.843673 2.4628397
OS 5.8434231 2.4624232
OS 5.8430899 2.4618401
OS 5.8421736 2.4605073
OS 5.8410074 2.4588413
OS 5.8395913 2.4570087
OS 5.837842 2.4550095
OS 5.8358428 2.4528437
OS 5.8356762 2.4526771
OS 5.8352597 2.4522606
OS 5.83451 2.4515109
OS 5.8335937 2.4506779
OS 5.8325108 2.4496783
OS 5.8313446 2.4485954
OS 5.8287623 2.4463463
OS 5.8285957 2.446263
OS 5.8281792 2.4459298
OS 5.8275961 2.44543
OS 5.8268464 2.4448469
OS 5.8251804 2.4435141
OS 5.8244307 2.442931
OS 5.8237643 2.4424312
OS 5.8494207 2.4424312
OS 5.8494207 2.4311024
OS 5.8051051 2.4311024
OS 5.8051051 2.4408485
OS 5.8051884 2.4409318
OS 5.805355 2.4410151
OS 5.8056882 2.441265
OS 5.8060214 2.4415982
OS 5.8065212 2.4420147
OS 5.8071043 2.4425145
OS 5.8084371 2.4435974
OS 5.8100198 2.4448469
OS 5.8116858 2.446263
OS 5.8134351 2.4477624
OS 5.8151844 2.4492618
OS 5.8152677 2.4493451
OS 5.815351 2.4494284
OS 5.8156009 2.4496783
OS 5.8159341 2.4499282
OS 5.8167671 2.4506779
OS 5.81785 2.4516775
OS 5.8190995 2.4528437
OS 5.8204323 2.4541765
OS 5.8217651 2.4555093
OS 5.8230979 2.4568421
OS 5.8231812 2.4569254
OS 5.8232645 2.457092
OS 5.8235144 2.4572586
OS 5.8238476 2.4575918
OS 5.8245973 2.4585081
OS 5.8255969 2.459591
OS 5.8265965 2.4609238
OS 5.8276794 2.4622566
OS 5.828679 2.4636727
OS 5.829512 2.4650055
OS 5.8295953 2.4651721
OS 5.8298452 2.4655886
OS 5.8301784 2.4663383
OS 5.8305116 2.4672546
OS 5.8308448 2.4683375
OS 5.831178 2.4695037
OS 5.8314279 2.4708365
OS 5.8315112 2.4722526
OS 5.8315112 2.4723359
OS 5.8315112 2.4724192
OS 5.8315112 2.472919
OS 5.8313446 2.473752
OS 5.831178 2.4746683
OS 5.8308448 2.4756679
OS 5.8304283 2.4767508
OS 5.8297619 2.4778337
OS 5.8289289 2.47875
OS 5.8288456 2.4788333
OS 5.8285124 2.4790832
OS 5.8279293 2.4794997
OS 5.8270963 2.4799162
OS 5.8260967 2.4802494
OS 5.8249305 2.4806659
OS 5.8235144 2.4809158
OS 5.8219317 2.4809991
OS 5.8210987 2.4809991
OS 5.8205156 2.4809158
OS 5.8198492 2.4808325
OS 5.8191828 2.4807492
OS 5.8176001 2.480416
OS 5.8175168 2.480416
OS 5.8172669 2.4803327
OS 5.8168504 2.4801661
OS 5.8162673 2.4799995
OS 5.8156842 2.4798329
OS 5.8149345 2.4794997
OS 5.8134351 2.4789166
OS 5.8133518 2.4789166
OS 5.8131019 2.47875
OS 5.8126854 2.4785834
OS 5.8121856 2.4783335
OS 5.8110194 2.4777504
OS 5.8098532 2.4770007
OS 5.8097699 2.4770007
OS 5.8096033 2.4768341
OS 5.8091035 2.4765009
OS 5.8083538 2.4760844
OS 5.8077707 2.4756679
OS 5.8066045 2.4756679
OS 5.8066045 2.488746
OS 5.8066878 2.4888293
OS 5.8071043 2.4889959
OS 5.8076874 2.4892458
OS 5.8085204 2.4894957
OS 5.8096033 2.4899122
OS 5.8110194 2.4903287
OS 5.8126021 2.4907452
OS 5.814518 2.491245
OS 5.8146013 2.491245
OS 5.8147679 2.4913283
OS 5.8150178 2.4914116
OS 5.8154343 2.4914949
OS 5.8159341 2.4915782
OS 5.8165172 2.4916615
OS 5.81785 2.4919114
OS 5.8194327 2.4921613
OS 5.821182 2.4924112
OS 5.8230146 2.4924945
OS 5.8249305 2.4925778
OS 5.8259301 2.4925778
OS 5.8266798 2.4924945
OE
OB 5.7730346 2.4425978 I
OS 5.7980246 2.4425978
OS 5.7980246 2.4311024
OS 5.757874 2.4311024
OS 5.757874 2.4913283
OS 5.7730346 2.4913283
OS 5.7730346 2.4425978
OE
SE
S P 0
OB 5.9308573 1.3606047 I
OS 5.9321901 1.3605214
OS 5.9336895 1.3603548
OS 5.9353555 1.3601882
OS 5.9370215 1.359855
OS 5.9386042 1.3594385
OS 5.9386875 1.3594385
OS 5.9387708 1.3593552
OS 5.9392706 1.3591886
OS 5.9401036 1.3589387
OS 5.9410199 1.3586055
OS 5.9421028 1.358189
OS 5.943269 1.3576892
OS 5.9443519 1.3570228
OS 5.9454348 1.3563564
OS 5.9455181 1.3562731
OS 5.9458513 1.3560232
OS 5.9463511 1.3556067
OS 5.9470175 1.3550236
OS 5.9476839 1.3542739
OS 5.9483503 1.3534409
OS 5.9490167 1.3525246
OS 5.9495998 1.351525
OS 5.9496831 1.3513584
OS 5.9498497 1.3510252
OS 5.9500996 1.3504421
OS 5.9503495 1.3496924
OS 5.9505994 1.3487761
OS 5.9508493 1.3477765
OS 5.9510159 1.3466103
OS 5.9510992 1.3454441
OS 5.9510992 1.3453608
OS 5.9510992 1.3452775
OS 5.9510992 1.3450276
OS 5.9510992 1.3446944
OS 5.9509326 1.3439447
OS 5.950766 1.3428618
OS 5.9505161 1.3416956
OS 5.9500163 1.3403628
OS 5.9494332 1.33903
OS 5.9486002 1.3376972
OS 5.9485169 1.3375306
OS 5.9481004 1.3371141
OS 5.9475173 1.336531
OS 5.9466843 1.335698
OS 5.9456014 1.3347817
OS 5.9443519 1.3338654
OS 5.9427692 1.3328658
OS 5.9409366 1.3319495
OS 5.9409366 1.3316996
OS 5.9410199 1.3316996
OS 5.9411865 1.3316163
OS 5.9415197 1.3314497
OS 5.9419362 1.3312831
OS 5.942436 1.3310332
OS 5.9430191 1.3307
OS 5.9442686 1.3300336
OS 5.945768 1.329034
OS 5.9471841 1.3279511
OS 5.9486002 1.3267016
OS 5.9497664 1.3252855
OS 5.9497664 1.3252022
OS 5.9498497 1.3251189
OS 5.9500163 1.324869
OS 5.9501829 1.3246191
OS 5.9506827 1.3237861
OS 5.9511825 1.3226199
OS 5.9516823 1.3212871
OS 5.9521821 1.3197044
OS 5.9525153 1.3178718
OS 5.9525986 1.3158726
OS 5.9525986 1.315706
OS 5.9525986 1.3152062
OS 5.9525153 1.3144565
OS 5.952432 1.3135402
OS 5.9521821 1.3124573
OS 5.9519322 1.3112078
OS 5.9515157 1.3099583
OS 5.9509326 1.3087088
OS 5.9508493 1.3085422
OS 5.9505994 1.3081257
OS 5.9502662 1.3075426
OS 5.9497664 1.3067096
OS 5.9491 1.3058766
OS 5.948267 1.304877
OS 5.9473507 1.3038774
OS 5.9462678 1.3029611
OS 5.9461012 1.3028778
OS 5.945768 1.3025446
OS 5.9451016 1.3021281
OS 5.9441853 1.301545
OS 5.9431024 1.3009619
OS 5.9418529 1.3002955
OS 5.9403535 1.2997124
OS 5.9387708 1.2991293
OS 5.9386875 1.2991293
OS 5.9386042 1.299046
OS 5.9383543 1.299046
OS 5.9380211 1.2989627
OS 5.9376046 1.2987961
OS 5.9371048 1.2987128
OS 5.9358553 1.2984629
OS 5.9343559 1.298213
OS 5.9326899 1.2980464
OS 5.930774 1.2978798
OS 5.9286915 1.2977965
OS 5.9276919 1.2977965
OS 5.9271088 1.2978798
OS 5.9265257 1.2978798
OS 5.9251096 1.2979631
OS 5.9234436 1.2981297
OS 5.921611 1.2983796
OS 5.9197784 1.2987128
OS 5.9180291 1.2992126
OS 5.9179458 1.2992126
OS 5.9178625 1.2992959
OS 5.9176126 1.2993792
OS 5.9172794 1.2994625
OS 5.9164464 1.2997957
OS 5.9154468 1.3002122
OS 5.9142806 1.300712
OS 5.9130311 1.3013784
OS 5.9117816 1.3021281
OS 5.9106154 1.3029611
OS 5.9104488 1.3030444
OS 5.9101156 1.3033776
OS 5.9096158 1.3038774
OS 5.9090327 1.3045438
OS 5.908283 1.3053768
OS 5.9076166 1.3062931
OS 5.9069502 1.307376
OS 5.9063671 1.3085422
OS 5.9062838 1.3087088
OS 5.9062005 1.3091253
OS 5.9059506 1.3097917
OS 5.9057007 1.3106247
OS 5.9054508 1.3116243
OS 5.9052842 1.3127905
OS 5.9051176 1.31404
OS 5.9050343 1.3153728
OS 5.9050343 1.3154561
OS 5.9050343 1.3156227
OS 5.9050343 1.3158726
OS 5.9051176 1.3162058
OS 5.9052009 1.3172054
OS 5.9053675 1.3183716
OS 5.9057007 1.3197044
OS 5.9062005 1.3212038
OS 5.9069502 1.3226199
OS 5.9078665 1.3239527
OS 5.9080331 1.3241193
OS 5.9083663 1.3245358
OS 5.9090327 1.3251189
OS 5.909949 1.3259519
OS 5.9111152 1.3268682
OS 5.9125313 1.3277845
OS 5.9141973 1.3287841
OS 5.9161132 1.3297004
OS 5.9161132 1.3299503
OS 5.9160299 1.3299503
OS 5.9158633 1.3300336
OS 5.9156134 1.3302002
OS 5.9152802 1.3304501
OS 5.9142806 1.3309499
OS 5.9131977 1.3316996
OS 5.9119482 1.3326159
OS 5.9106987 1.3336988
OS 5.9096158 1.334865
OS 5.9086995 1.3361978
OS 5.9086995 1.3362811
OS 5.9086162 1.3363644
OS 5.9083663 1.3368642
OS 5.9080331 1.3376139
OS 5.9076999 1.3386135
OS 5.9072834 1.339863
OS 5.9069502 1.3411958
OS 5.9067003 1.3427785
OS 5.906617 1.3444445
OS 5.906617 1.3446111
OS 5.906617 1.3450276
OS 5.9067003 1.3456107
OS 5.9067836 1.3464437
OS 5.9069502 1.34736
OS 5.9072001 1.3484429
OS 5.9075333 1.3495258
OS 5.9080331 1.3506087
OS 5.9081164 1.3507753
OS 5.908283 1.3511085
OS 5.9086162 1.3516916
OS 5.909116 1.352358
OS 5.9096991 1.353191
OS 5.9104488 1.354024
OS 5.9113651 1.3549403
OS 5.9123647 1.3558566
OS 5.9125313 1.3559399
OS 5.9128645 1.3561898
OS 5.9134476 1.3566063
OS 5.9142806 1.3571061
OS 5.9152802 1.3576892
OS 5.9164464 1.3582723
OS 5.9178625 1.3588554
OS 5.9193619 1.3593552
OS 5.9194452 1.3593552
OS 5.9195285 1.3594385
OS 5.9197784 1.3595218
OS 5.9201116 1.3596051
OS 5.9209446 1.3597717
OS 5.9221108 1.3600216
OS 5.9235269 1.3602715
OS 5.9251929 1.3605214
OS 5.9269422 1.3606047
OS 5.9288581 1.360688
OS 5.9302742 1.360688
OS 5.9308573 1.3606047
OE
OB 5.884959 1.3097084 I
OS 5.8973707 1.3097084
OS 5.8973707 1.2992126
OS 5.8576366 1.2992126
OS 5.8576366 1.3097084
OS 5.8702982 1.3097084
OS 5.8702982 1.341529
OS 5.8576366 1.341529
OS 5.8576366 1.3513584
OS 5.8586362 1.3513584
OS 5.8593859 1.3514417
OS 5.8602189 1.3514417
OS 5.8611352 1.351525
OS 5.8631344 1.3516916
OS 5.8632177 1.3516916
OS 5.8636342 1.3517749
OS 5.864134 1.3518582
OS 5.8647171 1.3519415
OS 5.8661332 1.352358
OS 5.8668829 1.3526079
OS 5.8675493 1.3528578
OS 5.8676326 1.3529411
OS 5.8678825 1.3530244
OS 5.8682157 1.3532743
OS 5.8686322 1.3535242
OS 5.8696318 1.3543572
OS 5.8705481 1.3554401
OS 5.8706314 1.3555234
OS 5.8707147 1.3557733
OS 5.8708813 1.3561065
OS 5.8711312 1.3566063
OS 5.8712978 1.3571894
OS 5.8714644 1.3579391
OS 5.871631 1.3586888
OS 5.8717143 1.3596051
OS 5.884959 1.3596051
OS 5.884959 1.3097084
OE
OB 5.8288148 1.3606047 I
OS 5.8298144 1.3606047
OS 5.8308973 1.3605214
OS 5.8330631 1.3602715
OS 5.8332297 1.3602715
OS 5.8335629 1.3601882
OS 5.834146 1.3601049
OS 5.8348957 1.3599383
OS 5.8357287 1.3597717
OS 5.836645 1.3596051
OS 5.8386442 1.3591053
OS 5.8387275 1.3591053
OS 5.8389774 1.359022
OS 5.8393939 1.3588554
OS 5.839977 1.3586888
OS 5.8406434 1.3584389
OS 5.8413931 1.358189
OS 5.8430591 1.3574393
OS 5.8431424 1.357356
OS 5.8434756 1.3572727
OS 5.8438921 1.3571061
OS 5.8444752 1.3568562
OS 5.845808 1.3562731
OS 5.8464744 1.3559399
OS 5.8470575 1.3556067
OS 5.8470575 1.3413624
OS 5.8454748 1.3413624
OS 5.8453915 1.3414457
OS 5.8453082 1.341529
OS 5.8450583 1.3416956
OS 5.8447251 1.3420288
OS 5.8438921 1.3426952
OS 5.8427259 1.3436115
OS 5.8426426 1.3436948
OS 5.842476 1.3438614
OS 5.8420595 1.3441113
OS 5.841643 1.3444445
OS 5.8410599 1.344861
OS 5.8404768 1.3452775
OS 5.8389774 1.3462771
OS 5.8388941 1.3463604
OS 5.8386442 1.346527
OS 5.8381444 1.3466936
OS 5.8376446 1.3470268
OS 5.8368949 1.34736
OS 5.8361452 1.3476932
OS 5.8352289 1.3481097
OS 5.8343126 1.3484429
OS 5.8342293 1.3485262
OS 5.8338961 1.3486095
OS 5.8333963 1.3487761
OS 5.8327299 1.3489427
OS 5.8318969 1.3491093
OS 5.8310639 1.3491926
OS 5.8300643 1.3493592
OS 5.8284816 1.3493592
OS 5.8278985 1.3492759
OS 5.8270655 1.3491926
OS 5.8261492 1.3491093
OS 5.8251496 1.3489427
OS 5.82415 1.3486095
OS 5.8230671 1.3482763
OS 5.8229838 1.348193
OS 5.8226506 1.3481097
OS 5.8220675 1.3478598
OS 5.8214011 1.3474433
OS 5.8206514 1.3469435
OS 5.8197351 1.3463604
OS 5.8188188 1.3456107
OS 5.8179025 1.3446944
OS 5.8178192 1.3446111
OS 5.8175693 1.3442779
OS 5.8171528 1.3437781
OS 5.8165697 1.3431117
OS 5.8159866 1.3421954
OS 5.8154035 1.3411125
OS 5.8148204 1.339863
OS 5.8142373 1.3384469
OS 5.8142373 1.3383636
OS 5.814154 1.3382803
OS 5.8140707 1.3380304
OS 5.8139874 1.3377805
OS 5.8138208 1.3369475
OS 5.8135709 1.3358646
OS 5.8132377 1.3344485
OS 5.8130711 1.3328658
OS 5.8129045 1.3311165
OS 5.8128212 1.3292006
OS 5.8128212 1.3291173
OS 5.8128212 1.3289507
OS 5.8128212 1.3287008
OS 5.8128212 1.3282843
OS 5.8129045 1.3277845
OS 5.8129045 1.3272014
OS 5.8129878 1.3259519
OS 5.8131544 1.3244525
OS 5.8134043 1.3228698
OS 5.8137375 1.3212871
OS 5.8142373 1.3197877
OS 5.8143206 1.3196211
OS 5.8144872 1.3191213
OS 5.8148204 1.3184549
OS 5.8153202 1.3176219
OS 5.81582 1.3166223
OS 5.8164864 1.3155394
OS 5.8173194 1.3145398
OS 5.8181524 1.3136235
OS 5.8182357 1.3135402
OS 5.8185689 1.3132903
OS 5.8190687 1.3128738
OS 5.8197351 1.312374
OS 5.8204848 1.3118742
OS 5.8214011 1.3112911
OS 5.8224007 1.3107913
OS 5.8234003 1.3103748
OS 5.8235669 1.3103748
OS 5.8239001 1.3102082
OS 5.8244832 1.3100416
OS 5.8252329 1.309875
OS 5.8260659 1.3097084
OS 5.8270655 1.3095418
OS 5.8280651 1.3094585
OS 5.829148 1.3093752
OS 5.8296478 1.3093752
OS 5.8302309 1.3094585
OS 5.8309806 1.3094585
OS 5.8318136 1.3096251
OS 5.8328132 1.3097917
OS 5.8338128 1.3099583
OS 5.8348124 1.3102915
OS 5.8348957 1.3103748
OS 5.8353122 1.3104581
OS 5.835812 1.310708
OS 5.8363951 1.3109579
OS 5.8371448 1.3112911
OS 5.8378945 1.3116243
OS 5.8386442 1.3121241
OS 5.8393939 1.3125406
OS 5.8394772 1.3126239
OS 5.8397271 1.3127905
OS 5.8401436 1.3130404
OS 5.8406434 1.3132903
OS 5.8418096 1.3141233
OS 5.8429758 1.3150396
OS 5.8430591 1.3151229
OS 5.8432257 1.3152895
OS 5.8434756 1.3154561
OS 5.8438921 1.3157893
OS 5.8447251 1.316539
OS 5.8456414 1.317372
OS 5.8470575 1.317372
OS 5.8470575 1.303211
OS 5.8469742 1.303211
OS 5.8467243 1.3030444
OS 5.8463911 1.3028778
OS 5.8459746 1.3027112
OS 5.8453915 1.302378
OS 5.8447251 1.3021281
OS 5.8431424 1.3013784
OS 5.8430591 1.3013784
OS 5.8428092 1.3012118
OS 5.8423094 1.3010452
OS 5.8418096 1.3007953
OS 5.8411432 1.3005454
OS 5.8403935 1.3002955
OS 5.8387275 1.2997124
OS 5.8386442 1.2997124
OS 5.8382277 1.2996291
OS 5.8377279 1.2994625
OS 5.8369782 1.2992959
OS 5.8361452 1.2991293
OS 5.8353122 1.2988794
OS 5.8333963 1.2985462
OS 5.833313 1.2985462
OS 5.8329798 1.2984629
OS 5.8323967 1.2983796
OS 5.831647 1.2982963
OS 5.8307307 1.298213
OS 5.8295645 1.2981297
OS 5.8281484 1.2980464
OS 5.8260659 1.2980464
OS 5.8253162 1.2981297
OS 5.8243999 1.298213
OS 5.8232337 1.2982963
OS 5.8219009 1.2984629
OS 5.8204848 1.2987128
OS 5.8189021 1.299046
OS 5.8171528 1.2994625
OS 5.8154035 1.3000456
OS 5.8136542 1.300712
OS 5.8118216 1.3014617
OS 5.8100723 1.3024613
OS 5.808323 1.3035442
OS 5.8067403 1.3047937
OS 5.8051576 1.3062098
OS 5.8050743 1.3062931
OS 5.8048244 1.3066263
OS 5.8044079 1.3070428
OS 5.8039081 1.3077092
OS 5.803325 1.3085422
OS 5.8026586 1.3095418
OS 5.8019089 1.3107913
OS 5.8012425 1.3121241
OS 5.8004928 1.3137068
OS 5.7997431 1.3154561
OS 5.7990767 1.3172887
OS 5.7984936 1.3193712
OS 5.7979938 1.3216203
OS 5.7975773 1.324036
OS 5.7973274 1.326535
OS 5.7972441 1.3292839
OS 5.7972441 1.3293672
OS 5.7972441 1.3294505
OS 5.7972441 1.3299503
OS 5.7973274 1.3307
OS 5.7974107 1.3316996
OS 5.797494 1.3328658
OS 5.7976606 1.3342819
OS 5.7979105 1.3358646
OS 5.7982437 1.3375306
OS 5.7986602 1.3392799
OS 5.79916 1.3411958
OS 5.7998264 1.3430284
OS 5.8005761 1.3449443
OS 5.8014924 1.3468602
OS 5.8025753 1.3486928
OS 5.8037415 1.3504421
OS 5.8051576 1.3521081
OS 5.8052409 1.3521914
OS 5.8054908 1.3524413
OS 5.8059906 1.3529411
OS 5.806657 1.3534409
OS 5.8074067 1.3541073
OS 5.8084063 1.354857
OS 5.8095725 1.3556067
OS 5.810822 1.3564397
OS 5.8123214 1.3571894
OS 5.8139041 1.3579391
OS 5.8156534 1.3586888
OS 5.8175693 1.3593552
OS 5.8196518 1.3599383
OS 5.8218176 1.3603548
OS 5.82415 1.3606047
OS 5.826649 1.360688
OS 5.8278985 1.360688
OS 5.8288148 1.3606047
OE
OB 5.9236935 1.3262851 H
OS 5.9236102 1.3262018
OS 5.9234436 1.3260352
OS 5.9231104 1.325702
OS 5.9227772 1.3252022
OS 5.9222774 1.3246191
OS 5.9218609 1.3239527
OS 5.9213611 1.323203
OS 5.9208613 1.32237
OS 5.920778 1.3222867
OS 5.9206947 1.3219535
OS 5.9205281 1.321537
OS 5.9202782 1.3208706
OS 5.9200283 1.3201209
OS 5.9198617 1.3192879
OS 5.9197784 1.3182883
OS 5.9196951 1.3172887
OS 5.9196951 1.3172054
OS 5.9196951 1.3171221
OS 5.9197784 1.3166223
OS 5.9198617 1.3158726
OS 5.9200283 1.314873
OS 5.9203615 1.3138734
OS 5.9208613 1.3127072
OS 5.9214444 1.3116243
OS 5.9223607 1.3106247
OS 5.9225273 1.3105414
OS 5.9228605 1.3102082
OS 5.9234436 1.309875
OS 5.9242766 1.3093752
OS 5.9252762 1.3089587
OS 5.9264424 1.3085422
OS 5.9277752 1.308209
OS 5.9293579 1.3081257
OS 5.9297744 1.3081257
OS 5.9301076 1.308209
OS 5.9309406 1.3082923
OS 5.9320235 1.3084589
OS 5.9321068 1.3084589
OS 5.9322734 1.3085422
OS 5.9326066 1.3086255
OS 5.9329398 1.3087921
OS 5.9338561 1.3091253
OS 5.9347724 1.3096251
OS 5.9348557 1.3097084
OS 5.9350223 1.3097917
OS 5.9355221 1.3102915
OS 5.9361885 1.3109579
OS 5.9368549 1.3118742
OS 5.9368549 1.3119575
OS 5.9370215 1.3121241
OS 5.9371048 1.312374
OS 5.9372714 1.3127905
OS 5.937438 1.313207
OS 5.9375213 1.3137901
OS 5.9376879 1.3144565
OS 5.9376879 1.3152062
OS 5.9376879 1.3153728
OS 5.9376879 1.315706
OS 5.9376046 1.3162058
OS 5.9375213 1.3168722
OS 5.9373547 1.3176219
OS 5.9371048 1.3183716
OS 5.9367716 1.3191213
OS 5.9363551 1.3197877
OS 5.9362718 1.319871
OS 5.9361052 1.3200376
OS 5.935772 1.3203708
OS 5.9351889 1.3207873
OS 5.9345225 1.3213704
OS 5.9336062 1.3219535
OS 5.93244 1.3226199
OS 5.9310239 1.3232863
OS 5.9309406 1.3232863
OS 5.930774 1.3233696
OS 5.9305241 1.3235362
OS 5.9301909 1.3237028
OS 5.9296911 1.3238694
OS 5.929108 1.3241193
OS 5.9284416 1.3243692
OS 5.9276086 1.3247024
OS 5.9275253 1.3247857
OS 5.9272754 1.324869
OS 5.9268589 1.3250356
OS 5.9262758 1.3252855
OS 5.9250263 1.3257853
OS 5.9236935 1.3262851
OE
OB 5.9288581 1.3504421 H
OS 5.9283583 1.3504421
OS 5.9276919 1.3503588
OS 5.9269422 1.3502755
OS 5.9261092 1.3500256
OS 5.9252762 1.3497757
OS 5.9243599 1.3493592
OS 5.9235269 1.3487761
OS 5.9234436 1.3486928
OS 5.9231937 1.3484429
OS 5.9228605 1.3481097
OS 5.9225273 1.3476099
OS 5.9221941 1.3470268
OS 5.9218609 1.3463604
OS 5.921611 1.3455274
OS 5.9215277 1.3446944
OS 5.9215277 1.3446111
OS 5.9215277 1.3442779
OS 5.921611 1.3438614
OS 5.9216943 1.3432783
OS 5.9220275 1.3420288
OS 5.9222774 1.3413624
OS 5.9226939 1.3407793
OS 5.9227772 1.340696
OS 5.9229438 1.3405294
OS 5.9231937 1.3402795
OS 5.9236102 1.339863
OS 5.9241933 1.3394465
OS 5.9248597 1.33903
OS 5.9256094 1.3385302
OS 5.9265257 1.3380304
OS 5.926609 1.3380304
OS 5.9267756 1.3379471
OS 5.9269422 1.3378638
OS 5.9272754 1.3376972
OS 5.9281084 1.337364
OS 5.9291913 1.3368642
OS 5.9292746 1.3368642
OS 5.9294412 1.3367809
OS 5.9298577 1.3366143
OS 5.9302742 1.3364477
OS 5.9309406 1.3361978
OS 5.931607 1.3359479
OS 5.93244 1.3356147
OS 5.9333563 1.3352815
OS 5.9334396 1.3353648
OS 5.9336062 1.3356147
OS 5.9339394 1.3360312
OS 5.9342726 1.336531
OS 5.9346058 1.3371974
OS 5.9350223 1.3378638
OS 5.9356887 1.3392799
OS 5.9356887 1.3393632
OS 5.935772 1.3396131
OS 5.9359386 1.3400296
OS 5.9361052 1.3405294
OS 5.9361885 1.3411958
OS 5.9363551 1.3419455
OS 5.9364384 1.3427785
OS 5.9364384 1.3436948
OS 5.9364384 1.3438614
OS 5.9364384 1.3441946
OS 5.9363551 1.3447777
OS 5.9361885 1.3454441
OS 5.9359386 1.3461938
OS 5.9355221 1.3470268
OS 5.9350223 1.3477765
OS 5.9343559 1.3485262
OS 5.9342726 1.3486095
OS 5.9340227 1.3488594
OS 5.9335229 1.3491093
OS 5.9329398 1.3495258
OS 5.9321068 1.349859
OS 5.9311905 1.3501089
OS 5.9301076 1.3503588
OS 5.9288581 1.3504421
OE
SE
S P 0
OB 5.9540101 4.067131 I
OS 5.9549264 4.067131
OS 5.9558427 4.0670477
OS 5.9580085 4.0667978
OS 5.9581751 4.0667978
OS 5.9585083 4.0667145
OS 5.9590081 4.0666312
OS 5.9596745 4.0665479
OS 5.9610073 4.0663813
OS 5.9616737 4.0662147
OS 5.9621735 4.0661314
OS 5.9621735 4.0543861
OS 5.960924 4.0543861
OS 5.9608407 4.0544694
OS 5.9605908 4.0545527
OS 5.9601743 4.0547193
OS 5.9597578 4.0548859
OS 5.9591747 4.0550525
OS 5.958425 4.0553024
OS 5.957592 4.0555523
OS 5.9575087 4.0555523
OS 5.9571755 4.0556356
OS 5.9566757 4.0558022
OS 5.9560093 4.0558855
OS 5.9551763 4.0560521
OS 5.95426 4.0561354
OS 5.9531771 4.0562187
OS 5.9513445 4.0562187
OS 5.9508447 4.0561354
OS 5.9502616 4.0561354
OS 5.9495952 4.0560521
OS 5.9480125 4.0557189
OS 5.9462632 4.0553024
OS 5.9444306 4.054636
OS 5.9426813 4.0537197
OS 5.9418483 4.0531366
OS 5.9410986 4.0524702
OS 5.940932 4.0523036
OS 5.9407654 4.0520537
OS 5.9405155 4.0518038
OS 5.9401823 4.0513873
OS 5.9398491 4.0508875
OS 5.9390994 4.0497213
OS 5.9382664 4.0482219
OS 5.9375167 4.0463893
OS 5.9368503 4.0442235
OS 5.9363505 4.0418078
OS 5.9365171 4.0418911
OS 5.9368503 4.042141
OS 5.9374334 4.0424742
OS 5.9382664 4.0428907
OS 5.9390994 4.0433072
OS 5.9401823 4.0438903
OS 5.9423481 4.0448066
OS 5.9425147 4.0448899
OS 5.9429312 4.0449732
OS 5.9435143 4.0451398
OS 5.9443473 4.0453897
OS 5.9454302 4.0456396
OS 5.9465964 4.0458062
OS 5.9478459 4.0458895
OS 5.949262 4.0459728
OS 5.9498451 4.0459728
OS 5.9504282 4.0458895
OS 5.9512612 4.0458895
OS 5.9521775 4.0457229
OS 5.9531771 4.0455563
OS 5.95426 4.0453897
OS 5.9553429 4.0450565
OS 5.9555095 4.0450565
OS 5.9558427 4.0448899
OS 5.9563425 4.0447233
OS 5.9570089 4.0444734
OS 5.9578419 4.0440569
OS 5.9586749 4.0436404
OS 5.9604242 4.0425575
OS 5.9605908 4.0424742
OS 5.960924 4.042141
OS 5.9615071 4.0415579
OS 5.9621735 4.0408915
OS 5.9630065 4.0399752
OS 5.9638395 4.0388923
OS 5.9645892 4.0376428
OS 5.9653389 4.0362267
OS 5.9653389 4.0361434
OS 5.9654222 4.0360601
OS 5.9655055 4.0358102
OS 5.9656721 4.0355603
OS 5.965922 4.0347273
OS 5.9663385 4.0335611
OS 5.9666717 4.032145
OS 5.9669216 4.0303957
OS 5.9671715 4.0284798
OS 5.9672548 4.026314
OS 5.9672548 4.0262307
OS 5.9672548 4.0258975
OS 5.9672548 4.0253977
OS 5.9671715 4.0247313
OS 5.9670882 4.0238983
OS 5.9669216 4.022982
OS 5.966755 4.0219824
OS 5.9665051 4.0208162
OS 5.9661719 4.0195667
OS 5.9657554 4.0183172
OS 5.9652556 4.0170677
OS 5.9646725 4.0157349
OS 5.9640061 4.0144021
OS 5.9631731 4.0131526
OS 5.9622568 4.0119031
OS 5.9611739 4.0107369
OS 5.9610906 4.0106536
OS 5.960924 4.010487
OS 5.9605908 4.0101538
OS 5.960091 4.0098206
OS 5.9594246 4.0093208
OS 5.9587582 4.008821
OS 5.9578419 4.0082379
OS 5.9568423 4.0077381
OS 5.9557594 4.007155
OS 5.9545099 4.0065719
OS 5.9531771 4.0060721
OS 5.9516777 4.0055723
OS 5.950095 4.0052391
OS 5.948429 4.0049059
OS 5.9465964 4.0047393
OS 5.9446805 4.004656
OS 5.9437642 4.004656
OS 5.9433477 4.0047393
OS 5.9427646 4.0047393
OS 5.9415151 4.0048226
OS 5.940099 4.0049892
OS 5.9385163 4.0053224
OS 5.9368503 4.0056556
OS 5.9352676 4.0061554
OS 5.9351843 4.0061554
OS 5.935101 4.0062387
OS 5.9346012 4.0064053
OS 5.9338515 4.0068218
OS 5.9328519 4.0072383
OS 5.931769 4.0079047
OS 5.9306028 4.0086544
OS 5.9294366 4.0095707
OS 5.9282704 4.0105703
OS 5.9281038 4.0107369
OS 5.9276873 4.0112367
OS 5.9271042 4.0119864
OS 5.9263545 4.012986
OS 5.9255215 4.0143188
OS 5.9246052 4.0158182
OS 5.9237722 4.0175675
OS 5.9230225 4.0195667
OS 5.9230225 4.01965
OS 5.9229392 4.0198166
OS 5.9228559 4.0201498
OS 5.9227726 4.0205663
OS 5.922606 4.0210661
OS 5.9224394 4.0217325
OS 5.9222728 4.0224822
OS 5.9221895 4.0233152
OS 5.9220229 4.0242315
OS 5.9218563 4.0252311
OS 5.9215231 4.0274802
OS 5.9213565 4.0299792
OS 5.9212732 4.0327281
OS 5.9212732 4.0328114
OS 5.9212732 4.0330613
OS 5.9212732 4.0334778
OS 5.9212732 4.0340609
OS 5.9213565 4.0347273
OS 5.9213565 4.0355603
OS 5.9214398 4.0364766
OS 5.9215231 4.0374762
OS 5.9216897 4.039642
OS 5.9219396 4.0419744
OS 5.9223561 4.0443901
OS 5.9229392 4.0467225
OS 5.9229392 4.0468058
OS 5.9230225 4.0469724
OS 5.9231058 4.0473056
OS 5.9232724 4.0477221
OS 5.923439 4.0483052
OS 5.9236889 4.0488883
OS 5.924272 4.0503877
OS 5.9250217 4.052137
OS 5.925938 4.0539696
OS 5.9271042 4.0558022
OS 5.928437 4.0576348
OS 5.9285203 4.0577181
OS 5.9286036 4.0578014
OS 5.9288535 4.0580513
OS 5.9291034 4.0583845
OS 5.9299364 4.0592175
OS 5.9310193 4.0602171
OS 5.9324354 4.0613
OS 5.9341014 4.0624662
OS 5.9360173 4.0636324
OS 5.9380998 4.064632
OS 5.9381831 4.064632
OS 5.9383497 4.0647153
OS 5.9386829 4.0648819
OS 5.9391827 4.0650485
OS 5.9396825 4.0652151
OS 5.9404322 4.065465
OS 5.9411819 4.0657149
OS 5.9420982 4.0659648
OS 5.9430978 4.0661314
OS 5.9440974 4.0663813
OS 5.9452636 4.0666312
OS 5.9465131 4.0667978
OS 5.949262 4.067131
OS 5.9521775 4.0672143
OS 5.9532604 4.0672143
OS 5.9540101 4.067131
OE
OB 5.8867037 4.0672976 I
OS 5.88762 4.0672143
OS 5.8887862 4.067131
OS 5.890119 4.0669644
OS 5.8915351 4.0667145
OS 5.8931178 4.066298
OS 5.8947838 4.0658815
OS 5.8965331 4.0652984
OS 5.8982824 4.064632
OS 5.900115 4.063799
OS 5.9018643 4.0628827
OS 5.9035303 4.0617165
OS 5.9051963 4.060467
OS 5.9066957 4.0589676
OS 5.906779 4.0588843
OS 5.9070289 4.0585511
OS 5.9074454 4.0581346
OS 5.9079452 4.0574682
OS 5.9085283 4.0565519
OS 5.9091947 4.0555523
OS 5.9098611 4.0543028
OS 5.9106108 4.05297
OS 5.9113605 4.0513873
OS 5.9120269 4.049638
OS 5.9126933 4.0478054
OS 5.9132764 4.0457229
OS 5.9137762 4.0434738
OS 5.9141927 4.0411414
OS 5.9144426 4.0386424
OS 5.9145259 4.0359768
OS 5.9145259 4.0358935
OS 5.9145259 4.035477
OS 5.9145259 4.0349772
OS 5.9144426 4.0342275
OS 5.9143593 4.0333112
OS 5.914276 4.0322283
OS 5.9141927 4.0309788
OS 5.9139428 4.0297293
OS 5.9136929 4.0283132
OS 5.913443 4.0268138
OS 5.91261 4.0237317
OS 5.9121102 4.022149
OS 5.9115271 4.0206496
OS 5.9108607 4.0191502
OS 5.9100277 4.0176508
OS 5.9099444 4.0175675
OS 5.9098611 4.0173176
OS 5.9096112 4.0169011
OS 5.9091947 4.0164013
OS 5.9087782 4.0158182
OS 5.9081951 4.0150685
OS 5.9075287 4.0143188
OS 5.9068623 4.0134858
OS 5.9060293 4.0125695
OS 5.9050297 4.0117365
OS 5.9040301 4.0108202
OS 5.9029472 4.0099039
OS 5.9016977 4.0090709
OS 5.9004482 4.0082379
OS 5.8991154 4.0075715
OS 5.897616 4.0069051
OS 5.897616 4.0068218
OS 5.897616 4.0067385
OS 5.897616 4.0062387
OS 5.8976993 4.005489
OS 5.8978659 4.0045727
OS 5.8981158 4.0035731
OS 5.898449 4.0025735
OS 5.8988655 4.0016572
OS 5.8995319 4.0009075
OS 5.8996152 4.0008242
OS 5.8999484 4.0006576
OS 5.9003649 4.0003244
OS 5.9011146 4.0000745
OS 5.9019476 3.9997413
OS 5.9031138 3.9994081
OS 5.9045299 3.9992415
OS 5.9061126 3.9991582
OS 5.906779 3.9991582
OS 5.9072788 3.9992415
OS 5.9078619 3.9993248
OS 5.9085283 3.9994081
OS 5.9099444 3.9997413
OS 5.9100277 3.9997413
OS 5.9102776 3.9998246
OS 5.9106941 3.9999912
OS 5.9111106 4.0000745
OS 5.9121102 4.0004077
OS 5.9125267 4.0005743
OS 5.9129432 4.0007409
OS 5.9144426 4.0007409
OS 5.9144426 3.9900785
OS 5.9143593 3.9900785
OS 5.9140261 3.9899952
OS 5.9135263 3.9898286
OS 5.9128599 3.9897453
OS 5.9121102 3.9895787
OS 5.9112772 3.9894121
OS 5.9095279 3.9891622
OS 5.9094446 3.9891622
OS 5.9091114 3.9890789
OS 5.9085283 3.9890789
OS 5.9076953 3.9889956
OS 5.9066124 3.9889123
OS 5.9052796 3.9889123
OS 5.9036969 3.988829
OS 5.9011146 3.988829
OS 5.9001983 3.9889123
OS 5.8991154 3.9889956
OS 5.8977826 3.9891622
OS 5.8964498 3.9893288
OS 5.895117 3.989662
OS 5.8937842 3.9900785
OS 5.8936176 3.9901618
OS 5.8932011 3.9903284
OS 5.892618 3.9905783
OS 5.8918683 3.9909115
OS 5.890952 3.9914113
OS 5.8900357 3.9919944
OS 5.8891194 3.9926608
OS 5.8882864 3.9934105
OS 5.8882031 3.9934938
OS 5.8879532 3.993827
OS 5.8875367 3.9942435
OS 5.8870369 3.9949099
OS 5.8864538 3.9956596
OS 5.8858707 3.9964926
OS 5.8853709 3.9974922
OS 5.8848711 3.9985751
OS 5.8847878 3.9987417
OS 5.8847045 3.9990749
OS 5.8845379 3.999658
OS 5.884288 4.000491
OS 5.8841214 4.0014073
OS 5.8839548 4.0024069
OS 5.8837882 4.0035731
OS 5.8837049 4.0048226
OS 5.8835383 4.0048226
OS 5.8831218 4.0049059
OS 5.8824554 4.0049059
OS 5.8816224 4.0050725
OS 5.8805395 4.0052391
OS 5.87929 4.0054057
OS 5.8778739 4.0057389
OS 5.8763745 4.0061554
OS 5.8747918 4.0066552
OS 5.8731258 4.0072383
OS 5.8714598 4.007988
OS 5.8697938 4.008821
OS 5.8681278 4.0097373
OS 5.8665451 4.0109035
OS 5.8649624 4.0122363
OS 5.8635463 4.0136524
OS 5.863463 4.0137357
OS 5.8632131 4.0140689
OS 5.8628799 4.0144854
OS 5.8623801 4.0151518
OS 5.8618803 4.0159848
OS 5.8612972 4.0169844
OS 5.8606308 4.0181506
OS 5.8599644 4.0195667
OS 5.8592147 4.0210661
OS 5.8586316 4.0227321
OS 5.8579652 4.0245647
OS 5.8574654 4.0265639
OS 5.8569656 4.0287297
OS 5.8566324 4.0309788
OS 5.8563825 4.0333945
OS 5.8562992 4.0359768
OS 5.8562992 4.0360601
OS 5.8562992 4.0361434
OS 5.8562992 4.0366432
OS 5.8563825 4.0373929
OS 5.8563825 4.0383925
OS 5.8565491 4.0395587
OS 5.8567157 4.0409748
OS 5.8569656 4.0425575
OS 5.8572988 4.0443068
OS 5.8577153 4.0460561
OS 5.8582151 4.047972
OS 5.8587982 4.0498046
OS 5.8595479 4.0517205
OS 5.8604642 4.0536364
OS 5.8614638 4.055469
OS 5.8627133 4.0572183
OS 5.8640461 4.0588843
OS 5.8641294 4.0589676
OS 5.8643793 4.0592175
OS 5.8648791 4.059634
OS 5.8654622 4.0602171
OS 5.8662952 4.0608835
OS 5.8672115 4.0615499
OS 5.8683777 4.0623829
OS 5.8696272 4.0631326
OS 5.8710433 4.0639656
OS 5.872626 4.0647153
OS 5.8743753 4.0653817
OS 5.8762912 4.0660481
OS 5.8783737 4.0666312
OS 5.8805395 4.0670477
OS 5.8828719 4.0672976
OS 5.8853709 4.0673809
OS 5.885954 4.0673809
OS 5.8867037 4.0672976
OE
OB 5.9426813 4.035477 H
OS 5.9420982 4.035477
OS 5.9416817 4.0353937
OS 5.9406821 4.0353104
OS 5.9394326 4.0350605
OS 5.9393493 4.0350605
OS 5.9391827 4.0349772
OS 5.9388495 4.0348939
OS 5.938433 4.0348106
OS 5.9374334 4.0344774
OS 5.9362672 4.0340609
OS 5.9362672 4.0339776
OS 5.9362672 4.0337277
OS 5.9362672 4.0333112
OS 5.9362672 4.0326448
OS 5.9362672 4.0324782
OS 5.9362672 4.0319784
OS 5.9362672 4.031312
OS 5.9362672 4.0303124
OS 5.9362672 4.0302291
OS 5.9362672 4.0300625
OS 5.9362672 4.0298126
OS 5.9362672 4.0294794
OS 5.9363505 4.0284798
OS 5.9363505 4.0273136
OS 5.9364338 4.0259808
OS 5.9366004 4.024648
OS 5.9368503 4.0232319
OS 5.9371002 4.0219824
OS 5.9371835 4.0218158
OS 5.9372668 4.0214826
OS 5.9374334 4.0208995
OS 5.9377666 4.0202331
OS 5.938433 4.0187337
OS 5.9389328 4.017984
OS 5.9394326 4.0173176
OS 5.9395159 4.0172343
OS 5.9395992 4.0170677
OS 5.940099 4.0165679
OS 5.9408487 4.0159848
OS 5.941765 4.0154017
OS 5.9418483 4.0154017
OS 5.9420149 4.0153184
OS 5.9422648 4.0152351
OS 5.9426813 4.0151518
OS 5.9435976 4.0149852
OS 5.9446805 4.0149019
OS 5.945097 4.0149019
OS 5.9454302 4.0149852
OS 5.9462632 4.0151518
OS 5.9472628 4.015485
OS 5.9473461 4.015485
OS 5.9475127 4.0155683
OS 5.9477626 4.0157349
OS 5.9480958 4.0159015
OS 5.9488455 4.0164846
OS 5.9496785 4.0173176
OS 5.9497618 4.0174009
OS 5.9498451 4.0175675
OS 5.950095 4.0178174
OS 5.9503449 4.0182339
OS 5.950928 4.0192335
OS 5.9514278 4.0203997
OS 5.9514278 4.020483
OS 5.9515111 4.0207329
OS 5.9516777 4.0211494
OS 5.951761 4.0217325
OS 5.9519276 4.0224822
OS 5.9520109 4.0233152
OS 5.9520942 4.0243981
OS 5.9520942 4.0256476
OS 5.9520942 4.0258142
OS 5.9520942 4.0261474
OS 5.9520942 4.0266472
OS 5.9520109 4.0273136
OS 5.9519276 4.0280633
OS 5.951761 4.0288963
OS 5.9515944 4.029646
OS 5.9513445 4.0303957
OS 5.9513445 4.030479
OS 5.9511779 4.0307289
OS 5.9510113 4.0310621
OS 5.9508447 4.0314786
OS 5.9501783 4.0324782
OS 5.949262 4.0334778
OS 5.9491787 4.0335611
OS 5.9490121 4.0336444
OS 5.9487622 4.033811
OS 5.948429 4.0340609
OS 5.9474294 4.0345607
OS 5.9462632 4.0349772
OS 5.9461799 4.0349772
OS 5.9460133 4.0350605
OS 5.9455968 4.0351438
OS 5.9451803 4.0352271
OS 5.9446805 4.0353104
OS 5.9440141 4.0353937
OS 5.9426813 4.035477
OE
OB 5.8853709 4.0560521 H
OS 5.8848711 4.0560521
OS 5.8843713 4.0559688
OS 5.8837049 4.0559688
OS 5.8829552 4.0558022
OS 5.8821222 4.0556356
OS 5.8812059 4.0553857
OS 5.8803729 4.0550525
OS 5.8802896 4.0549692
OS 5.8799564 4.0548859
OS 5.8795399 4.054636
OS 5.8789568 4.0542195
OS 5.8782904 4.0537197
OS 5.8775407 4.0531366
OS 5.876791 4.0523869
OS 5.875958 4.0514706
OS 5.8758747 4.0513873
OS 5.8756248 4.0510541
OS 5.8752916 4.0505543
OS 5.8748751 4.0498046
OS 5.8744586 4.0488883
OS 5.8739588 4.0478887
OS 5.873459 4.0466392
OS 5.8729592 4.0452231
OS 5.8729592 4.0451398
OS 5.8728759 4.0450565
OS 5.8728759 4.0448066
OS 5.8727926 4.0445567
OS 5.872626 4.0437237
OS 5.8724594 4.0426408
OS 5.8722095 4.0412247
OS 5.8720429 4.039642
OS 5.8719596 4.0378927
OS 5.8718763 4.0359768
OS 5.8718763 4.0358935
OS 5.8718763 4.0357269
OS 5.8718763 4.035477
OS 5.8718763 4.0350605
OS 5.8718763 4.0345607
OS 5.8719596 4.0340609
OS 5.8720429 4.0327281
OS 5.8721262 4.0312287
OS 5.8723761 4.0297293
OS 5.872626 4.0281466
OS 5.8729592 4.0267305
OS 5.8730425 4.0265639
OS 5.8731258 4.0261474
OS 5.8733757 4.025481
OS 5.8737089 4.0245647
OS 5.8741254 4.0236484
OS 5.8746252 4.0225655
OS 5.8752083 4.0215659
OS 5.8758747 4.0205663
OS 5.875958 4.020483
OS 5.8762079 4.0201498
OS 5.8766244 4.0197333
OS 5.8772075 4.0191502
OS 5.8778739 4.0185671
OS 5.8786236 4.017984
OS 5.8793733 4.0174842
OS 5.8802896 4.0169844
OS 5.8803729 4.0169844
OS 5.8807061 4.0168178
OS 5.8812059 4.0166512
OS 5.8818723 4.0164846
OS 5.882622 4.016318
OS 5.883455 4.0161514
OS 5.8844546 4.0160681
OS 5.8853709 4.0159848
OS 5.8858707 4.0159848
OS 5.8863705 4.0160681
OS 5.8870369 4.0161514
OS 5.8877866 4.0162347
OS 5.8887029 4.0164846
OS 5.8896192 4.0167345
OS 5.8905355 4.0170677
OS 5.8906188 4.017151
OS 5.890952 4.0173176
OS 5.8914518 4.0175675
OS 5.8920349 4.017984
OS 5.8927013 4.0184838
OS 5.893451 4.0190669
OS 5.8941174 4.0198166
OS 5.8948671 4.0206496
OS 5.8949504 4.0207329
OS 5.8952003 4.0211494
OS 5.8955335 4.0216492
OS 5.89595 4.0223989
OS 5.8964498 4.0233152
OS 5.8969496 4.0243981
OS 5.8974494 4.0255643
OS 5.8978659 4.0268138
OS 5.8979492 4.0269804
OS 5.8980325 4.0274802
OS 5.8981991 4.0282299
OS 5.898449 4.0293128
OS 5.8986156 4.0305623
OS 5.8987822 4.032145
OS 5.8988655 4.0339776
OS 5.8989488 4.0359768
OS 5.8989488 4.0360601
OS 5.8989488 4.0362267
OS 5.8989488 4.0364766
OS 5.8989488 4.0368931
OS 5.8989488 4.0373096
OS 5.8988655 4.0378927
OS 5.8987822 4.0391422
OS 5.8986989 4.0405583
OS 5.898449 4.042141
OS 5.8981991 4.0436404
OS 5.8977826 4.0451398
OS 5.8977826 4.0452231
OS 5.8976993 4.0453064
OS 5.897616 4.0458062
OS 5.8973661 4.0464726
OS 5.8970329 4.0473889
OS 5.8966164 4.0483885
OS 5.8961166 4.0493881
OS 5.8955335 4.0503877
OS 5.8948671 4.0513873
OS 5.8947838 4.0514706
OS 5.8945339 4.0518038
OS 5.8941174 4.0522203
OS 5.8935343 4.0528034
OS 5.8929512 4.0533865
OS 5.8922015 4.0539696
OS 5.8913685 4.0544694
OS 5.8904522 4.0549692
OS 5.8903689 4.0550525
OS 5.8900357 4.0551358
OS 5.8895359 4.0553024
OS 5.8889528 4.0555523
OS 5.8881198 4.0557189
OS 5.8872868 4.0558855
OS 5.8863705 4.0559688
OS 5.8853709 4.0560521
OE
SE
S P 0
OB 6.1547054 3.593173 I
OS 6.1671171 3.593173
OS 6.1671171 3.5826772
OS 6.127383 3.5826772
OS 6.127383 3.593173
OS 6.1400446 3.593173
OS 6.1400446 3.6249936
OS 6.127383 3.6249936
OS 6.127383 3.634823
OS 6.1283826 3.634823
OS 6.1291323 3.6349063
OS 6.1299653 3.6349063
OS 6.1308816 3.6349896
OS 6.1328808 3.6351562
OS 6.1329641 3.6351562
OS 6.1333806 3.6352395
OS 6.1338804 3.6353228
OS 6.1344635 3.6354061
OS 6.1358796 3.6358226
OS 6.1366293 3.6360725
OS 6.1372957 3.6363224
OS 6.137379 3.6364057
OS 6.1376289 3.636489
OS 6.1379621 3.6367389
OS 6.1383786 3.6369888
OS 6.1393782 3.6378218
OS 6.1402945 3.6389047
OS 6.1403778 3.638988
OS 6.1404611 3.6392379
OS 6.1406277 3.6395711
OS 6.1408776 3.6400709
OS 6.1410442 3.640654
OS 6.1412108 3.6414037
OS 6.1413774 3.6421534
OS 6.1414607 3.6430697
OS 6.1547054 3.6430697
OS 6.1547054 3.593173
OE
OB 6.2074343 3.593173 I
OS 6.219846 3.593173
OS 6.219846 3.5826772
OS 6.1801119 3.5826772
OS 6.1801119 3.593173
OS 6.1927735 3.593173
OS 6.1927735 3.6249936
OS 6.1801119 3.6249936
OS 6.1801119 3.634823
OS 6.1811115 3.634823
OS 6.1818612 3.6349063
OS 6.1826942 3.6349063
OS 6.1836105 3.6349896
OS 6.1856097 3.6351562
OS 6.185693 3.6351562
OS 6.1861095 3.6352395
OS 6.1866093 3.6353228
OS 6.1871924 3.6354061
OS 6.1886085 3.6358226
OS 6.1893582 3.6360725
OS 6.1900246 3.6363224
OS 6.1901079 3.6364057
OS 6.1903578 3.636489
OS 6.190691 3.6367389
OS 6.1911075 3.6369888
OS 6.1921071 3.6378218
OS 6.1930234 3.6389047
OS 6.1931067 3.638988
OS 6.19319 3.6392379
OS 6.1933566 3.6395711
OS 6.1936065 3.6400709
OS 6.1937731 3.640654
OS 6.1939397 3.6414037
OS 6.1941063 3.6421534
OS 6.1941896 3.6430697
OS 6.2074343 3.6430697
OS 6.2074343 3.593173
OE
OB 6.0846501 3.6428198 I
OS 6.0854831 3.6428198
OS 6.0873157 3.6427365
OS 6.0893149 3.6425699
OS 6.0913974 3.64232
OS 6.0934799 3.6420701
OS 6.0937298 3.6420701
OS 6.094063 3.6419868
OS 6.0943962 3.6419035
OS 6.094896 3.6418202
OS 6.0954791 3.6416536
OS 6.0968952 3.6412371
OS 6.0984779 3.6407373
OS 6.1002272 3.6400709
OS 6.1020598 3.6392379
OS 6.1038924 3.638155
OS 6.1039757 3.6380717
OS 6.1041423 3.6379884
OS 6.1044755 3.6377385
OS 6.104892 3.6374886
OS 6.1053918 3.6370721
OS 6.1059749 3.6365723
OS 6.1073077 3.6354061
OS 6.1088071 3.63399
OS 6.1103065 3.6321574
OS 6.1118059 3.6301582
OS 6.113222 3.6278258
OS 6.1133053 3.6277425
OS 6.1133886 3.6275759
OS 6.1135552 3.6271594
OS 6.1138051 3.6266596
OS 6.114055 3.6260765
OS 6.1143049 3.6253268
OS 6.1146381 3.6244938
OS 6.1149713 3.6234942
OS 6.1153045 3.6224946
OS 6.1156377 3.6213284
OS 6.1158876 3.6200789
OS 6.1161375 3.6187461
OS 6.116554 3.6158306
OS 6.1167206 3.6126652
OS 6.1167206 3.6125819
OS 6.1167206 3.612332
OS 6.1167206 3.6118322
OS 6.1166373 3.6112491
OS 6.1166373 3.6104994
OS 6.116554 3.6096664
OS 6.1163874 3.6086668
OS 6.1162208 3.6076672
OS 6.1158043 3.6052515
OS 6.1151379 3.6027525
OS 6.1142216 3.6001702
OS 6.1136385 3.5988374
OS 6.1129721 3.5975879
OS 6.1129721 3.5975046
OS 6.1128055 3.597338
OS 6.1126389 3.5969215
OS 6.1123057 3.596505
OS 6.1119725 3.5959219
OS 6.111556 3.5953388
OS 6.1104731 3.5938394
OS 6.1091403 3.5922567
OS 6.1075576 3.5905074
OS 6.105725 3.5889247
OS 6.1037258 3.5874253
OS 6.1036425 3.5874253
OS 6.1034759 3.5872587
OS 6.103226 3.5871754
OS 6.1028928 3.5869255
OS 6.1024763 3.5866756
OS 6.1019765 3.5864257
OS 6.100727 3.5857593
OS 6.0991443 3.5850929
OS 6.0974783 3.5845098
OS 6.0955624 3.5839267
OS 6.0934799 3.5835102
OS 6.09323 3.5835102
OS 6.0928968 3.5834269
OS 6.0925636 3.5833436
OS 6.0919805 3.5833436
OS 6.0913974 3.5832603
OS 6.090731 3.583177
OS 6.0899813 3.5830937
OS 6.088232 3.5829271
OS 6.0862328 3.5828438
OS 6.084067 3.5826772
OS 6.0629921 3.5826772
OS 6.0629921 3.6429031
OS 6.0839837 3.6429031
OS 6.0846501 3.6428198
OE
OB 6.0816513 3.6316576 H
OS 6.0781527 3.6316576
OS 6.0781527 3.594006
OS 6.0814014 3.594006
OS 6.0827342 3.5940893
OS 6.0855664 3.5940893
OS 6.0868992 3.5941726
OS 6.0870658 3.5941726
OS 6.0874823 3.5942559
OS 6.0881487 3.5943392
OS 6.089065 3.5945058
OS 6.0900646 3.5947557
OS 6.0912308 3.5951722
OS 6.092397 3.595672
OS 6.0935632 3.5963384
OS 6.0936465 3.5963384
OS 6.0937298 3.5964217
OS 6.0941463 3.5967549
OS 6.0948127 3.5972547
OS 6.0956457 3.5980044
OS 6.096562 3.5989207
OS 6.0974783 3.6000036
OS 6.0983946 3.6013364
OS 6.0991443 3.6027525
OS 6.0991443 3.6028358
OS 6.0992276 3.6029191
OS 6.0993109 3.603169
OS 6.0994775 3.6035022
OS 6.0996441 3.6039187
OS 6.0998107 3.6044185
OS 6.1001439 3.6055847
OS 6.1004771 3.6070841
OS 6.1008103 3.6087501
OS 6.1010602 3.610666
OS 6.1011435 3.6128318
OS 6.1011435 3.6129151
OS 6.1011435 3.6130817
OS 6.1011435 3.6134149
OS 6.1011435 3.6138314
OS 6.1010602 3.6143312
OS 6.1010602 3.6149143
OS 6.1008936 3.6163304
OS 6.1006437 3.6179131
OS 6.1002272 3.6195791
OS 6.0997274 3.6213284
OS 6.099061 3.6229944
OS 6.099061 3.6230777
OS 6.0989777 3.623161
OS 6.0986445 3.6236608
OS 6.098228 3.6244938
OS 6.0975616 3.6254101
OS 6.0966453 3.626493
OS 6.0955624 3.6275759
OS 6.0943129 3.6286588
OS 6.0928135 3.6295751
OS 6.0926469 3.6296584
OS 6.0923137 3.629825
OS 6.0916473 3.6301582
OS 6.0908976 3.6304914
OS 6.089898 3.6308246
OS 6.0888151 3.6311578
OS 6.0876489 3.6313244
OS 6.0863994 3.631491
OS 6.0858163 3.631491
OS 6.0850666 3.6315743
OS 6.0829841 3.6315743
OS 6.0816513 3.6316576
OE
SE
S P 0
OB 6.1599971 3.8116769 I
OS 6.1724088 3.8116769
OS 6.1724088 3.8011811
OS 6.1326747 3.8011811
OS 6.1326747 3.8116769
OS 6.1453363 3.8116769
OS 6.1453363 3.8434975
OS 6.1326747 3.8434975
OS 6.1326747 3.8533269
OS 6.1336743 3.8533269
OS 6.134424 3.8534102
OS 6.135257 3.8534102
OS 6.1361733 3.8534935
OS 6.1381725 3.8536601
OS 6.1382558 3.8536601
OS 6.1386723 3.8537434
OS 6.1391721 3.8538267
OS 6.1397552 3.85391
OS 6.1411713 3.8543265
OS 6.141921 3.8545764
OS 6.1425874 3.8548263
OS 6.1426707 3.8549096
OS 6.1429206 3.8549929
OS 6.1432538 3.8552428
OS 6.1436703 3.8554927
OS 6.1446699 3.8563257
OS 6.1455862 3.8574086
OS 6.1456695 3.8574919
OS 6.1457528 3.8577418
OS 6.1459194 3.858075
OS 6.1461693 3.8585748
OS 6.1463359 3.8591579
OS 6.1465025 3.8599076
OS 6.1466691 3.8606573
OS 6.1467524 3.8615736
OS 6.1599971 3.8615736
OS 6.1599971 3.8116769
OE
OB 6.212726 3.8116769 I
OS 6.2251377 3.8116769
OS 6.2251377 3.8011811
OS 6.1854036 3.8011811
OS 6.1854036 3.8116769
OS 6.1980652 3.8116769
OS 6.1980652 3.8434975
OS 6.1854036 3.8434975
OS 6.1854036 3.8533269
OS 6.1864032 3.8533269
OS 6.1871529 3.8534102
OS 6.1879859 3.8534102
OS 6.1889022 3.8534935
OS 6.1909014 3.8536601
OS 6.1909847 3.8536601
OS 6.1914012 3.8537434
OS 6.191901 3.8538267
OS 6.1924841 3.85391
OS 6.1939002 3.8543265
OS 6.1946499 3.8545764
OS 6.1953163 3.8548263
OS 6.1953996 3.8549096
OS 6.1956495 3.8549929
OS 6.1959827 3.8552428
OS 6.1963992 3.8554927
OS 6.1973988 3.8563257
OS 6.1983151 3.8574086
OS 6.1983984 3.8574919
OS 6.1984817 3.8577418
OS 6.1986483 3.858075
OS 6.1988982 3.8585748
OS 6.1990648 3.8591579
OS 6.1992314 3.8599076
OS 6.199398 3.8606573
OS 6.1994813 3.8615736
OS 6.212726 3.8615736
OS 6.212726 3.8116769
OE
OB 6.0980219 3.8613237 I
OS 6.0993547 3.8612404
OS 6.1007708 3.8611571
OS 6.1022702 3.8609905
OS 6.1036863 3.8607406
OS 6.1038529 3.8607406
OS 6.1043527 3.860574
OS 6.1050191 3.8604074
OS 6.1059354 3.8601575
OS 6.1070183 3.8598243
OS 6.1081845 3.8594078
OS 6.109434 3.8588247
OS 6.1106002 3.8581583
OS 6.1107668 3.858075
OS 6.1111 3.8578251
OS 6.1117664 3.8573253
OS 6.1124328 3.8567422
OS 6.1132658 3.8559925
OS 6.1141821 3.8550762
OS 6.1150151 3.8540766
OS 6.1157648 3.8529104
OS 6.1158481 3.8527438
OS 6.116098 3.8523273
OS 6.1163479 3.8516609
OS 6.1167644 3.8507446
OS 6.1170976 3.8495784
OS 6.1173475 3.8481623
OS 6.1175974 3.8465796
OS 6.1176807 3.8448303
OS 6.1176807 3.844747
OS 6.1176807 3.8444971
OS 6.1176807 3.8441639
OS 6.1175974 3.8436641
OS 6.1175974 3.843081
OS 6.1175141 3.8424146
OS 6.1172642 3.8408319
OS 6.116931 3.8390826
OS 6.1163479 3.8371667
OS 6.1155982 3.8353341
OS 6.1145153 3.8335848
OS 6.1145153 3.8335015
OS 6.1143487 3.8334182
OS 6.1141821 3.8331683
OS 6.1139322 3.8328351
OS 6.1132658 3.8320854
OS 6.1123495 3.8310858
OS 6.1111 3.8300029
OS 6.1096839 3.82892
OS 6.1080179 3.8277538
OS 6.1061853 3.8267542
OS 6.1265105 3.8011811
OS 6.1080179 3.8011811
OS 6.0912746 3.8232556
OS 6.0859434 3.8232556
OS 6.0859434 3.8011811
OS 6.0708661 3.8011811
OS 6.0708661 3.861407
OS 6.0967724 3.861407
OS 6.0980219 3.8613237
OE
OB 6.0926907 3.8504114 H
OS 6.0859434 3.8504114
OS 6.0859434 3.8340846
OS 6.0912746 3.8340846
OS 6.0920243 3.8341679
OS 6.0928573 3.8341679
OS 6.0937736 3.8342512
OS 6.0946899 3.8343345
OS 6.0955229 3.8344178
OS 6.0956062 3.8344178
OS 6.0958561 3.8345011
OS 6.0962726 3.8345844
OS 6.0967724 3.834751
OS 6.0980219 3.8353341
OS 6.0991881 3.8360838
OS 6.0992714 3.8361671
OS 6.099438 3.8363337
OS 6.0996879 3.8365003
OS 6.1000211 3.8368335
OS 6.1007708 3.8377498
OS 6.1013539 3.8388327
OS 6.1013539 3.838916
OS 6.1014372 3.8390826
OS 6.1016038 3.8394991
OS 6.1017704 3.8399156
OS 6.1018537 3.840582
OS 6.1020203 3.8412484
OS 6.1021036 3.8420814
OS 6.1021036 3.8429977
OS 6.1021036 3.843081
OS 6.1021036 3.8434142
OS 6.1020203 3.8438307
OS 6.1020203 3.8443305
OS 6.1016871 3.84558
OS 6.1015205 3.8462464
OS 6.1011873 3.8469128
OS 6.1011873 3.8469961
OS 6.1010207 3.8471627
OS 6.1008541 3.8474959
OS 6.1005209 3.8478291
OS 6.1001044 3.8482456
OS 6.0996046 3.8486621
OS 6.0990215 3.8490786
OS 6.0983551 3.8494118
OS 6.0982718 3.8494118
OS 6.0981052 3.8494951
OS 6.0978553 3.8496617
OS 6.0974388 3.849745
OS 6.0964392 3.8500782
OS 6.0951897 3.8502448
OS 6.0948565 3.8502448
OS 6.0945233 3.8503281
OS 6.0933571 3.8503281
OS 6.0926907 3.8504114
OE
SE
S P 0
OB 6.1752059 3.9708408 I
OS 6.175789 3.9708408
OS 6.1770385 3.9707575
OS 6.1784546 3.9705909
OS 6.1800373 3.9702577
OS 6.18162 3.9699245
OS 6.1832027 3.9694247
OS 6.183286 3.9694247
OS 6.1833693 3.9693414
OS 6.1838691 3.9691748
OS 6.1846188 3.9687583
OS 6.1856184 3.9683418
OS 6.1867013 3.9676754
OS 6.1878675 3.9669257
OS 6.1890337 3.9660094
OS 6.1901999 3.9649265
OS 6.1903665 3.9647599
OS 6.190783 3.9642601
OS 6.1913661 3.9635104
OS 6.1921158 3.9625108
OS 6.1929488 3.961178
OS 6.1937818 3.9596786
OS 6.1945315 3.9579293
OS 6.1952812 3.9560134
OS 6.1952812 3.9559301
OS 6.1953645 3.9557635
OS 6.1954478 3.9554303
OS 6.1955311 3.9550138
OS 6.1956977 3.954514
OS 6.1958643 3.9539309
OS 6.1960309 3.9531812
OS 6.1961975 3.9523482
OS 6.1963641 3.9514319
OS 6.1965307 3.9504323
OS 6.1968639 3.9481832
OS 6.1970305 3.9456842
OS 6.1971138 3.9429353
OS 6.1971138 3.942852
OS 6.1971138 3.9426021
OS 6.1971138 3.9421856
OS 6.1971138 3.9416025
OS 6.1970305 3.9409361
OS 6.1970305 3.9401864
OS 6.1969472 3.9392701
OS 6.1968639 3.9382705
OS 6.1966973 3.9361047
OS 6.1963641 3.9337723
OS 6.1958643 3.9312733
OS 6.1952812 3.9288576
OS 6.1952812 3.9287743
OS 6.1951979 3.9286077
OS 6.1951146 3.9282745
OS 6.194948 3.9277747
OS 6.1947814 3.9271916
OS 6.1945315 3.9266085
OS 6.1939484 3.9251091
OS 6.1931987 3.9233598
OS 6.1921991 3.9215272
OS 6.1911162 3.9196113
OS 6.1897834 3.917862
OS 6.1897001 3.9177787
OS 6.1896168 3.9176954
OS 6.1893669 3.9174455
OS 6.189117 3.9171123
OS 6.188284 3.9162793
OS 6.1871178 3.9151964
OS 6.1857017 3.9140302
OS 6.1840357 3.912864
OS 6.1822031 3.9116978
OS 6.1801206 3.9106982
OS 6.1800373 3.9106982
OS 6.1798707 3.9106149
OS 6.1795375 3.9104483
OS 6.179121 3.910365
OS 6.1785379 3.9101151
OS 6.1778715 3.9099485
OS 6.1771218 3.9096986
OS 6.1762055 3.909532
OS 6.1752059 3.9092821
OS 6.174123 3.9090322
OS 6.1729568 3.9088656
OS 6.1717073 3.908699
OS 6.1689584 3.9083658
OS 6.1659596 3.9082825
OS 6.1648767 3.9082825
OS 6.164127 3.9083658
OS 6.163294 3.9083658
OS 6.1622944 3.9084491
OS 6.1612115 3.9085324
OS 6.1600453 3.908699
OS 6.1598787 3.908699
OS 6.1595455 3.9087823
OS 6.1590457 3.9088656
OS 6.1584626 3.9089489
OS 6.1571298 3.9091155
OS 6.1565467 3.9092821
OS 6.1560469 3.9093654
OS 6.1560469 3.9211107
OS 6.1572964 3.9211107
OS 6.1573797 3.9210274
OS 6.1576296 3.9208608
OS 6.1580461 3.9207775
OS 6.1584626 3.9205276
OS 6.1590457 3.920361
OS 6.1596288 3.9201111
OS 6.1603785 3.9198612
OS 6.1604618 3.9198612
OS 6.160795 3.9197779
OS 6.1612115 3.9196946
OS 6.1618779 3.9196113
OS 6.1627109 3.9194447
OS 6.1637105 3.9193614
OS 6.1647934 3.9192781
OS 6.166626 3.9192781
OS 6.1672091 3.9193614
OS 6.1679588 3.9193614
OS 6.1687918 3.9194447
OS 6.1697081 3.9196113
OS 6.1717906 3.9200278
OS 6.1718739 3.9200278
OS 6.1722904 3.9201944
OS 6.1727902 3.920361
OS 6.1734566 3.9206109
OS 6.174123 3.9209441
OS 6.174956 3.9213606
OS 6.175789 3.9219437
OS 6.1765387 3.9225268
OS 6.176622 3.9226101
OS 6.1768719 3.92286
OS 6.1772884 3.9231932
OS 6.1777882 3.9237763
OS 6.178288 3.9243594
OS 6.1788711 3.9251091
OS 6.1794542 3.9260254
OS 6.179954 3.9269417
OS 6.1800373 3.9271083
OS 6.1802039 3.9274415
OS 6.1804538 3.9280246
OS 6.1807037 3.9287743
OS 6.1810369 3.9297739
OS 6.1813701 3.9309401
OS 6.18162 3.9321896
OS 6.1818699 3.933689
OS 6.1817033 3.9336057
OS 6.1812868 3.9333558
OS 6.1807037 3.9329393
OS 6.1798707 3.9325228
OS 6.1789544 3.932023
OS 6.1779548 3.9314399
OS 6.1768719 3.9309401
OS 6.175789 3.9305236
OS 6.1757057 3.9305236
OS 6.1752892 3.930357
OS 6.1747061 3.9301904
OS 6.1738731 3.9300238
OS 6.1729568 3.9298572
OS 6.1717906 3.9296906
OS 6.1704578 3.9296073
OS 6.1689584 3.929524
OS 6.1684586 3.929524
OS 6.1677922 3.9296073
OS 6.1670425 3.9296073
OS 6.1661262 3.9296906
OS 6.1651266 3.9298572
OS 6.1629608 3.9302737
OS 6.1628775 3.930357
OS 6.162461 3.9304403
OS 6.1619612 3.9306069
OS 6.1612948 3.9309401
OS 6.1604618 3.9312733
OS 6.1596288 3.9316898
OS 6.1587125 3.9322729
OS 6.1577962 3.932856
OS 6.1576296 3.9329393
OS 6.1572964 3.9332725
OS 6.1567133 3.9338556
OS 6.1560469 3.934522
OS 6.1552139 3.9354383
OS 6.1544642 3.9365212
OS 6.1536312 3.9377707
OS 6.1528815 3.9391035
OS 6.1528815 3.9391868
OS 6.1527982 3.9392701
OS 6.1527149 3.93952
OS 6.1526316 3.9397699
OS 6.1522984 3.9406029
OS 6.1520485 3.9417691
OS 6.1517153 3.9431852
OS 6.1513821 3.9449345
OS 6.1512155 3.9468504
OS 6.1511322 3.9490162
OS 6.1511322 3.9490995
OS 6.1511322 3.9492661
OS 6.1511322 3.949516
OS 6.1511322 3.9498492
OS 6.1512155 3.9507655
OS 6.1512988 3.9518484
OS 6.1515487 3.9531812
OS 6.1517986 3.9546806
OS 6.1522151 3.95618
OS 6.1527149 3.9576794
OS 6.1527149 3.9577627
OS 6.1527982 3.957846
OS 6.1530481 3.9583458
OS 6.1533813 3.9590955
OS 6.1538811 3.9600951
OS 6.1545475 3.961178
OS 6.1552972 3.9623442
OS 6.1562135 3.9635104
OS 6.1572131 3.9646766
OS 6.1573797 3.9648432
OS 6.1577129 3.9651764
OS 6.1583793 3.9656762
OS 6.1592123 3.9663426
OS 6.1602119 3.9670923
OS 6.1614614 3.967842
OS 6.1628775 3.9685917
OS 6.1643769 3.9692581
OS 6.1644602 3.9692581
OS 6.1645435 3.9693414
OS 6.1647934 3.9694247
OS 6.1651266 3.969508
OS 6.1659596 3.9697579
OS 6.1671258 3.9700911
OS 6.1685419 3.9704243
OS 6.1702079 3.9706742
OS 6.1719572 3.9708408
OS 6.1738731 3.9709241
OS 6.1747894 3.9709241
OS 6.1752059 3.9708408
OE
OB 6.121644 3.9695913 I
OS 6.1229768 3.969508
OS 6.1243929 3.9694247
OS 6.1258923 3.9692581
OS 6.1273084 3.9690082
OS 6.127475 3.9690082
OS 6.1279748 3.9688416
OS 6.1286412 3.968675
OS 6.1295575 3.9684251
OS 6.1306404 3.9680919
OS 6.1318066 3.9676754
OS 6.1330561 3.9670923
OS 6.1342223 3.9664259
OS 6.1343889 3.9663426
OS 6.1347221 3.9660927
OS 6.1353885 3.9655929
OS 6.1360549 3.9650098
OS 6.1368879 3.9642601
OS 6.1378042 3.9633438
OS 6.1386372 3.9623442
OS 6.1393869 3.961178
OS 6.1394702 3.9610114
OS 6.1397201 3.9605949
OS 6.13997 3.9599285
OS 6.1403865 3.9590122
OS 6.1407197 3.957846
OS 6.1409696 3.9564299
OS 6.1412195 3.9548472
OS 6.1413028 3.9530979
OS 6.1413028 3.9530146
OS 6.1413028 3.9527647
OS 6.1413028 3.9524315
OS 6.1412195 3.9519317
OS 6.1412195 3.9513486
OS 6.1411362 3.9506822
OS 6.1408863 3.9490995
OS 6.1405531 3.9473502
OS 6.13997 3.9454343
OS 6.1392203 3.9436017
OS 6.1381374 3.9418524
OS 6.1381374 3.9417691
OS 6.1379708 3.9416858
OS 6.1378042 3.9414359
OS 6.1375543 3.9411027
OS 6.1368879 3.940353
OS 6.1359716 3.9393534
OS 6.1347221 3.9382705
OS 6.133306 3.9371876
OS 6.13164 3.9360214
OS 6.1298074 3.9350218
OS 6.1501326 3.9094487
OS 6.13164 3.9094487
OS 6.1148967 3.9315232
OS 6.1095655 3.9315232
OS 6.1095655 3.9094487
OS 6.0944882 3.9094487
OS 6.0944882 3.9696746
OS 6.1203945 3.9696746
OS 6.121644 3.9695913
OE
OB 6.1163128 3.958679 H
OS 6.1095655 3.958679
OS 6.1095655 3.9423522
OS 6.1148967 3.9423522
OS 6.1156464 3.9424355
OS 6.1164794 3.9424355
OS 6.1173957 3.9425188
OS 6.118312 3.9426021
OS 6.119145 3.9426854
OS 6.1192283 3.9426854
OS 6.1194782 3.9427687
OS 6.1198947 3.942852
OS 6.1203945 3.9430186
OS 6.121644 3.9436017
OS 6.1228102 3.9443514
OS 6.1228935 3.9444347
OS 6.1230601 3.9446013
OS 6.12331 3.9447679
OS 6.1236432 3.9451011
OS 6.1243929 3.9460174
OS 6.124976 3.9471003
OS 6.124976 3.9471836
OS 6.1250593 3.9473502
OS 6.1252259 3.9477667
OS 6.1253925 3.9481832
OS 6.1254758 3.9488496
OS 6.1256424 3.949516
OS 6.1257257 3.950349
OS 6.1257257 3.9512653
OS 6.1257257 3.9513486
OS 6.1257257 3.9516818
OS 6.1256424 3.9520983
OS 6.1256424 3.9525981
OS 6.1253092 3.9538476
OS 6.1251426 3.954514
OS 6.1248094 3.9551804
OS 6.1248094 3.9552637
OS 6.1246428 3.9554303
OS 6.1244762 3.9557635
OS 6.124143 3.9560967
OS 6.1237265 3.9565132
OS 6.1232267 3.9569297
OS 6.1226436 3.9573462
OS 6.1219772 3.9576794
OS 6.1218939 3.9576794
OS 6.1217273 3.9577627
OS 6.1214774 3.9579293
OS 6.1210609 3.9580126
OS 6.1200613 3.9583458
OS 6.1188118 3.9585124
OS 6.1184786 3.9585124
OS 6.1181454 3.9585957
OS 6.1169792 3.9585957
OS 6.1163128 3.958679
OE
OB 6.1737898 3.9606782 H
OS 6.17329 3.9606782
OS 6.1729568 3.9605949
OS 6.1721238 3.9604283
OS 6.1711242 3.9600951
OS 6.1710409 3.9600951
OS 6.1708743 3.9600118
OS 6.1707077 3.9598452
OS 6.1703745 3.9596786
OS 6.1695415 3.9590122
OS 6.1687085 3.9581792
OS 6.1686252 3.9580959
OS 6.1685419 3.9579293
OS 6.1683753 3.9576794
OS 6.1681254 3.9573462
OS 6.1678755 3.9568464
OS 6.1675423 3.9562633
OS 6.1672924 3.9555969
OS 6.1669592 3.9547639
OS 6.1669592 3.9546806
OS 6.1668759 3.9543474
OS 6.1667926 3.9539309
OS 6.166626 3.9532645
OS 6.1665427 3.9525981
OS 6.1663761 3.9516818
OS 6.1662928 3.9507655
OS 6.1662928 3.9497659
OS 6.1662928 3.9495993
OS 6.1662928 3.9492661
OS 6.1662928 3.9487663
OS 6.1663761 3.9480999
OS 6.1664594 3.9472669
OS 6.1665427 3.9465172
OS 6.1667093 3.9456842
OS 6.1669592 3.9449345
OS 6.1669592 3.9448512
OS 6.1671258 3.9446013
OS 6.1672924 3.9442681
OS 6.1675423 3.9438516
OS 6.1681254 3.9429353
OS 6.1690417 3.9419357
OS 6.169125 3.9418524
OS 6.1692916 3.9417691
OS 6.1695415 3.9416025
OS 6.1698747 3.9413526
OS 6.170791 3.9408528
OS 6.1719572 3.9404363
OS 6.1720405 3.9404363
OS 6.1722904 3.940353
OS 6.1726236 3.9402697
OS 6.1730401 3.9402697
OS 6.1736232 3.9401864
OS 6.1742063 3.9401031
OS 6.1756224 3.9400198
OS 6.1762055 3.9400198
OS 6.1767053 3.9401031
OS 6.1777882 3.9401864
OS 6.1790377 3.9404363
OS 6.179121 3.9404363
OS 6.1793709 3.9405196
OS 6.1797041 3.9406029
OS 6.1801206 3.9407695
OS 6.1810369 3.9411027
OS 6.1819532 3.9414359
OS 6.1819532 3.9415192
OS 6.1819532 3.9417691
OS 6.1819532 3.9421023
OS 6.1820365 3.9426854
OS 6.1820365 3.942852
OS 6.1821198 3.9433518
OS 6.1821198 3.9441015
OS 6.1821198 3.9451844
OS 6.1821198 3.9452677
OS 6.1821198 3.9454343
OS 6.1821198 3.9456842
OS 6.1821198 3.9460174
OS 6.1821198 3.9469337
OS 6.1820365 3.9480166
OS 6.1819532 3.9493494
OS 6.1817866 3.9506822
OS 6.1815367 3.952015
OS 6.1812868 3.9532645
OS 6.1812868 3.9534311
OS 6.1811202 3.9537643
OS 6.1809536 3.9543474
OS 6.1807037 3.9550971
OS 6.179954 3.9566798
OS 6.1794542 3.9574295
OS 6.1789544 3.9581792
OS 6.1788711 3.9582625
OS 6.1787878 3.9584291
OS 6.178288 3.9589289
OS 6.177455 3.959512
OS 6.1765387 3.9600951
OS 6.1764554 3.9600951
OS 6.1762888 3.9601784
OS 6.1760389 3.9602617
OS 6.1757057 3.9604283
OS 6.1748727 3.9605949
OS 6.1737898 3.9606782
OE
SE
S P 0
OB 6.2680391 4.0535092 I
OS 6.2423827 4.0052785
OS 6.2256394 4.0052785
OS 6.2523787 4.0541756
OS 6.2238068 4.0541756
OS 6.2238068 4.0655044
OS 6.2680391 4.0655044
OS 6.2680391 4.0535092
OE
OB 6.2015657 4.0157743 I
OS 6.2139774 4.0157743
OS 6.2139774 4.0052785
OS 6.1742433 4.0052785
OS 6.1742433 4.0157743
OS 6.1869049 4.0157743
OS 6.1869049 4.0475949
OS 6.1742433 4.0475949
OS 6.1742433 4.0574243
OS 6.1752429 4.0574243
OS 6.1759926 4.0575076
OS 6.1768256 4.0575076
OS 6.1777419 4.0575909
OS 6.1797411 4.0577575
OS 6.1798244 4.0577575
OS 6.1802409 4.0578408
OS 6.1807407 4.0579241
OS 6.1813238 4.0580074
OS 6.1827399 4.0584239
OS 6.1834896 4.0586738
OS 6.184156 4.0589237
OS 6.1842393 4.059007
OS 6.1844892 4.0590903
OS 6.1848224 4.0593402
OS 6.1852389 4.0595901
OS 6.1862385 4.0604231
OS 6.1871548 4.061506
OS 6.1872381 4.0615893
OS 6.1873214 4.0618392
OS 6.187488 4.0621724
OS 6.1877379 4.0626722
OS 6.1879045 4.0632553
OS 6.1880711 4.064005
OS 6.1882377 4.0647547
OS 6.188321 4.065671
OS 6.2015657 4.065671
OS 6.2015657 4.0157743
OE
OB 6.1454215 4.0666706 I
OS 6.1464211 4.0666706
OS 6.147504 4.0665873
OS 6.1496698 4.0663374
OS 6.1498364 4.0663374
OS 6.1501696 4.0662541
OS 6.1507527 4.0661708
OS 6.1515024 4.0660042
OS 6.1523354 4.0658376
OS 6.1532517 4.065671
OS 6.1552509 4.0651712
OS 6.1553342 4.0651712
OS 6.1555841 4.0650879
OS 6.1560006 4.0649213
OS 6.1565837 4.0647547
OS 6.1572501 4.0645048
OS 6.1579998 4.0642549
OS 6.1596658 4.0635052
OS 6.1597491 4.0634219
OS 6.1600823 4.0633386
OS 6.1604988 4.063172
OS 6.1610819 4.0629221
OS 6.1624147 4.062339
OS 6.1630811 4.0620058
OS 6.1636642 4.0616726
OS 6.1636642 4.0474283
OS 6.1620815 4.0474283
OS 6.1619982 4.0475116
OS 6.1619149 4.0475949
OS 6.161665 4.0477615
OS 6.1613318 4.0480947
OS 6.1604988 4.0487611
OS 6.1593326 4.0496774
OS 6.1592493 4.0497607
OS 6.1590827 4.0499273
OS 6.1586662 4.0501772
OS 6.1582497 4.0505104
OS 6.1576666 4.0509269
OS 6.1570835 4.0513434
OS 6.1555841 4.052343
OS 6.1555008 4.0524263
OS 6.1552509 4.0525929
OS 6.1547511 4.0527595
OS 6.1542513 4.0530927
OS 6.1535016 4.0534259
OS 6.1527519 4.0537591
OS 6.1518356 4.0541756
OS 6.1509193 4.0545088
OS 6.150836 4.0545921
OS 6.1505028 4.0546754
OS 6.150003 4.054842
OS 6.1493366 4.0550086
OS 6.1485036 4.0551752
OS 6.1476706 4.0552585
OS 6.146671 4.0554251
OS 6.1450883 4.0554251
OS 6.1445052 4.0553418
OS 6.1436722 4.0552585
OS 6.1427559 4.0551752
OS 6.1417563 4.0550086
OS 6.1407567 4.0546754
OS 6.1396738 4.0543422
OS 6.1395905 4.0542589
OS 6.1392573 4.0541756
OS 6.1386742 4.0539257
OS 6.1380078 4.0535092
OS 6.1372581 4.0530094
OS 6.1363418 4.0524263
OS 6.1354255 4.0516766
OS 6.1345092 4.0507603
OS 6.1344259 4.050677
OS 6.134176 4.0503438
OS 6.1337595 4.049844
OS 6.1331764 4.0491776
OS 6.1325933 4.0482613
OS 6.1320102 4.0471784
OS 6.1314271 4.0459289
OS 6.130844 4.0445128
OS 6.130844 4.0444295
OS 6.1307607 4.0443462
OS 6.1306774 4.0440963
OS 6.1305941 4.0438464
OS 6.1304275 4.0430134
OS 6.1301776 4.0419305
OS 6.1298444 4.0405144
OS 6.1296778 4.0389317
OS 6.1295112 4.0371824
OS 6.1294279 4.0352665
OS 6.1294279 4.0351832
OS 6.1294279 4.0350166
OS 6.1294279 4.0347667
OS 6.1294279 4.0343502
OS 6.1295112 4.0338504
OS 6.1295112 4.0332673
OS 6.1295945 4.0320178
OS 6.1297611 4.0305184
OS 6.130011 4.0289357
OS 6.1303442 4.027353
OS 6.130844 4.0258536
OS 6.1309273 4.025687
OS 6.1310939 4.0251872
OS 6.1314271 4.0245208
OS 6.1319269 4.0236878
OS 6.1324267 4.0226882
OS 6.1330931 4.0216053
OS 6.1339261 4.0206057
OS 6.1347591 4.0196894
OS 6.1348424 4.0196061
OS 6.1351756 4.0193562
OS 6.1356754 4.0189397
OS 6.1363418 4.0184399
OS 6.1370915 4.0179401
OS 6.1380078 4.017357
OS 6.1390074 4.0168572
OS 6.140007 4.0164407
OS 6.1401736 4.0164407
OS 6.1405068 4.0162741
OS 6.1410899 4.0161075
OS 6.1418396 4.0159409
OS 6.1426726 4.0157743
OS 6.1436722 4.0156077
OS 6.1446718 4.0155244
OS 6.1457547 4.0154411
OS 6.1462545 4.0154411
OS 6.1468376 4.0155244
OS 6.1475873 4.0155244
OS 6.1484203 4.015691
OS 6.1494199 4.0158576
OS 6.1504195 4.0160242
OS 6.1514191 4.0163574
OS 6.1515024 4.0164407
OS 6.1519189 4.016524
OS 6.1524187 4.0167739
OS 6.1530018 4.0170238
OS 6.1537515 4.017357
OS 6.1545012 4.0176902
OS 6.1552509 4.01819
OS 6.1560006 4.0186065
OS 6.1560839 4.0186898
OS 6.1563338 4.0188564
OS 6.1567503 4.0191063
OS 6.1572501 4.0193562
OS 6.1584163 4.0201892
OS 6.1595825 4.0211055
OS 6.1596658 4.0211888
OS 6.1598324 4.0213554
OS 6.1600823 4.021522
OS 6.1604988 4.0218552
OS 6.1613318 4.0226049
OS 6.1622481 4.0234379
OS 6.1636642 4.0234379
OS 6.1636642 4.0092769
OS 6.1635809 4.0092769
OS 6.163331 4.0091103
OS 6.1629978 4.0089437
OS 6.1625813 4.0087771
OS 6.1619982 4.0084439
OS 6.1613318 4.008194
OS 6.1597491 4.0074443
OS 6.1596658 4.0074443
OS 6.1594159 4.0072777
OS 6.1589161 4.0071111
OS 6.1584163 4.0068612
OS 6.1577499 4.0066113
OS 6.1570002 4.0063614
OS 6.1553342 4.0057783
OS 6.1552509 4.0057783
OS 6.1548344 4.005695
OS 6.1543346 4.0055284
OS 6.1535849 4.0053618
OS 6.1527519 4.0051952
OS 6.1519189 4.0049453
OS 6.150003 4.0046121
OS 6.1499197 4.0046121
OS 6.1495865 4.0045288
OS 6.1490034 4.0044455
OS 6.1482537 4.0043622
OS 6.1473374 4.0042789
OS 6.1461712 4.0041956
OS 6.1447551 4.0041123
OS 6.1426726 4.0041123
OS 6.1419229 4.0041956
OS 6.1410066 4.0042789
OS 6.1398404 4.0043622
OS 6.1385076 4.0045288
OS 6.1370915 4.0047787
OS 6.1355088 4.0051119
OS 6.1337595 4.0055284
OS 6.1320102 4.0061115
OS 6.1302609 4.0067779
OS 6.1284283 4.0075276
OS 6.126679 4.0085272
OS 6.1249297 4.0096101
OS 6.123347 4.0108596
OS 6.1217643 4.0122757
OS 6.121681 4.012359
OS 6.1214311 4.0126922
OS 6.1210146 4.0131087
OS 6.1205148 4.0137751
OS 6.1199317 4.0146081
OS 6.1192653 4.0156077
OS 6.1185156 4.0168572
OS 6.1178492 4.01819
OS 6.1170995 4.0197727
OS 6.1163498 4.021522
OS 6.1156834 4.0233546
OS 6.1151003 4.0254371
OS 6.1146005 4.0276862
OS 6.114184 4.0301019
OS 6.1139341 4.0326009
OS 6.1138508 4.0353498
OS 6.1138508 4.0354331
OS 6.1138508 4.0355164
OS 6.1138508 4.0360162
OS 6.1139341 4.0367659
OS 6.1140174 4.0377655
OS 6.1141007 4.0389317
OS 6.1142673 4.0403478
OS 6.1145172 4.0419305
OS 6.1148504 4.0435965
OS 6.1152669 4.0453458
OS 6.1157667 4.0472617
OS 6.1164331 4.0490943
OS 6.1171828 4.0510102
OS 6.1180991 4.0529261
OS 6.119182 4.0547587
OS 6.1203482 4.056508
OS 6.1217643 4.058174
OS 6.1218476 4.0582573
OS 6.1220975 4.0585072
OS 6.1225973 4.059007
OS 6.1232637 4.0595068
OS 6.1240134 4.0601732
OS 6.125013 4.0609229
OS 6.1261792 4.0616726
OS 6.1274287 4.0625056
OS 6.1289281 4.0632553
OS 6.1305108 4.064005
OS 6.1322601 4.0647547
OS 6.134176 4.0654211
OS 6.1362585 4.0660042
OS 6.1384243 4.0664207
OS 6.1407567 4.0666706
OS 6.1432557 4.0667539
OS 6.1445052 4.0667539
OS 6.1454215 4.0666706
OE
SE
S P 0
OB 6.3955291 1.3218342 I
OS 6.4036925 1.3218342
OS 6.4036925 1.3110052
OS 6.3955291 1.3110052
OS 6.3955291 1.2968442
OS 6.3808683 1.2968442
OS 6.3808683 1.3110052
OS 6.3544622 1.3110052
OS 6.3544622 1.3221674
OS 6.3803685 1.3572367
OS 6.3955291 1.3572367
OS 6.3955291 1.3218342
OE
OB 6.4330141 1.3584029 I
OS 6.4339304 1.3583196
OS 6.43493 1.3582363
OS 6.4360962 1.3580697
OS 6.4373457 1.3579031
OS 6.439928 1.35732
OS 6.4413441 1.3569035
OS 6.4426769 1.356487
OS 6.4440097 1.3559039
OS 6.4452592 1.3552375
OS 6.4464254 1.3544878
OS 6.4475083 1.3536548
OS 6.4475916 1.3535715
OS 6.4477582 1.3534049
OS 6.4480081 1.353155
OS 6.4484246 1.3528218
OS 6.4488411 1.352322
OS 6.4492576 1.3517389
OS 6.4497574 1.3509892
OS 6.4503405 1.3502395
OS 6.4508403 1.3493232
OS 6.4513401 1.3483236
OS 6.4517566 1.3471574
OS 6.4522564 1.3459912
OS 6.4525896 1.3447417
OS 6.4528395 1.3433256
OS 6.4530061 1.3418262
OS 6.4530894 1.3402435
OS 6.4530894 1.3401602
OS 6.4530894 1.3399936
OS 6.4530894 1.3397437
OS 6.4530894 1.3393272
OS 6.4530061 1.3388274
OS 6.4529228 1.3382443
OS 6.4527562 1.3369115
OS 6.452423 1.3352455
OS 6.4520065 1.3334962
OS 6.4513401 1.3315803
OS 6.4505071 1.3296644
OS 6.4505071 1.3295811
OS 6.4504238 1.3294145
OS 6.4502572 1.3291646
OS 6.4500073 1.3287481
OS 6.4497574 1.3283316
OS 6.4494242 1.3277485
OS 6.4485079 1.3264157
OS 6.4473417 1.3247497
OS 6.4459256 1.3229171
OS 6.4441763 1.3209179
OS 6.4421771 1.3187521
OS 6.4420105 1.3185855
OS 6.441594 1.318169
OS 6.4408443 1.3174193
OS 6.439928 1.3165863
OS 6.4388451 1.3155867
OS 6.4376789 1.3145038
OS 6.4350966 1.3122547
OS 6.43493 1.3121714
OS 6.4345135 1.3118382
OS 6.4339304 1.3113384
OS 6.4331807 1.3107553
OS 6.4315147 1.3094225
OS 6.430765 1.3088394
OS 6.4300986 1.3083396
OS 6.455755 1.3083396
OS 6.455755 1.2970108
OS 6.4114394 1.2970108
OS 6.4114394 1.3067569
OS 6.4115227 1.3068402
OS 6.4116893 1.3069235
OS 6.4120225 1.3071734
OS 6.4123557 1.3075066
OS 6.4128555 1.3079231
OS 6.4134386 1.3084229
OS 6.4147714 1.3095058
OS 6.4163541 1.3107553
OS 6.4180201 1.3121714
OS 6.4197694 1.3136708
OS 6.4215187 1.3151702
OS 6.421602 1.3152535
OS 6.4216853 1.3153368
OS 6.4219352 1.3155867
OS 6.4222684 1.3158366
OS 6.4231014 1.3165863
OS 6.4241843 1.3175859
OS 6.4254338 1.3187521
OS 6.4267666 1.3200849
OS 6.4280994 1.3214177
OS 6.4294322 1.3227505
OS 6.4295155 1.3228338
OS 6.4295988 1.3230004
OS 6.4298487 1.323167
OS 6.4301819 1.3235002
OS 6.4309316 1.3244165
OS 6.4319312 1.3254994
OS 6.4329308 1.3268322
OS 6.4340137 1.328165
OS 6.4350133 1.3295811
OS 6.4358463 1.3309139
OS 6.4359296 1.3310805
OS 6.4361795 1.331497
OS 6.4365127 1.3322467
OS 6.4368459 1.333163
OS 6.4371791 1.3342459
OS 6.4375123 1.3354121
OS 6.4377622 1.3367449
OS 6.4378455 1.338161
OS 6.4378455 1.3382443
OS 6.4378455 1.3383276
OS 6.4378455 1.3388274
OS 6.4376789 1.3396604
OS 6.4375123 1.3405767
OS 6.4371791 1.3415763
OS 6.4367626 1.3426592
OS 6.4360962 1.3437421
OS 6.4352632 1.3446584
OS 6.4351799 1.3447417
OS 6.4348467 1.3449916
OS 6.4342636 1.3454081
OS 6.4334306 1.3458246
OS 6.432431 1.3461578
OS 6.4312648 1.3465743
OS 6.4298487 1.3468242
OS 6.428266 1.3469075
OS 6.427433 1.3469075
OS 6.4268499 1.3468242
OS 6.4261835 1.3467409
OS 6.4255171 1.3466576
OS 6.4239344 1.3463244
OS 6.4238511 1.3463244
OS 6.4236012 1.3462411
OS 6.4231847 1.3460745
OS 6.4226016 1.3459079
OS 6.4220185 1.3457413
OS 6.4212688 1.3454081
OS 6.4197694 1.344825
OS 6.4196861 1.344825
OS 6.4194362 1.3446584
OS 6.4190197 1.3444918
OS 6.4185199 1.3442419
OS 6.4173537 1.3436588
OS 6.4161875 1.3429091
OS 6.4161042 1.3429091
OS 6.4159376 1.3427425
OS 6.4154378 1.3424093
OS 6.4146881 1.3419928
OS 6.414105 1.3415763
OS 6.4129388 1.3415763
OS 6.4129388 1.3546544
OS 6.4130221 1.3547377
OS 6.4134386 1.3549043
OS 6.4140217 1.3551542
OS 6.4148547 1.3554041
OS 6.4159376 1.3558206
OS 6.4173537 1.3562371
OS 6.4189364 1.3566536
OS 6.4208523 1.3571534
OS 6.4209356 1.3571534
OS 6.4211022 1.3572367
OS 6.4213521 1.35732
OS 6.4217686 1.3574033
OS 6.4222684 1.3574866
OS 6.4228515 1.3575699
OS 6.4241843 1.3578198
OS 6.425767 1.3580697
OS 6.4275163 1.3583196
OS 6.4293489 1.3584029
OS 6.4312648 1.3584862
OS 6.4322644 1.3584862
OS 6.4330141 1.3584029
OE
OB 6.3317213 1.3584029 I
OS 6.3327209 1.3584029
OS 6.3338038 1.3583196
OS 6.3359696 1.3580697
OS 6.3361362 1.3580697
OS 6.3364694 1.3579864
OS 6.3370525 1.3579031
OS 6.3378022 1.3577365
OS 6.3386352 1.3575699
OS 6.3395515 1.3574033
OS 6.3415507 1.3569035
OS 6.341634 1.3569035
OS 6.3418839 1.3568202
OS 6.3423004 1.3566536
OS 6.3428835 1.356487
OS 6.3435499 1.3562371
OS 6.3442996 1.3559872
OS 6.3459656 1.3552375
OS 6.3460489 1.3551542
OS 6.3463821 1.3550709
OS 6.3467986 1.3549043
OS 6.3473817 1.3546544
OS 6.3487145 1.3540713
OS 6.3493809 1.3537381
OS 6.349964 1.3534049
OS 6.349964 1.3391606
OS 6.3483813 1.3391606
OS 6.348298 1.3392439
OS 6.3482147 1.3393272
OS 6.3479648 1.3394938
OS 6.3476316 1.339827
OS 6.3467986 1.3404934
OS 6.3456324 1.3414097
OS 6.3455491 1.341493
OS 6.3453825 1.3416596
OS 6.344966 1.3419095
OS 6.3445495 1.3422427
OS 6.3439664 1.3426592
OS 6.3433833 1.3430757
OS 6.3418839 1.3440753
OS 6.3418006 1.3441586
OS 6.3415507 1.3443252
OS 6.3410509 1.3444918
OS 6.3405511 1.344825
OS 6.3398014 1.3451582
OS 6.3390517 1.3454914
OS 6.3381354 1.3459079
OS 6.3372191 1.3462411
OS 6.3371358 1.3463244
OS 6.3368026 1.3464077
OS 6.3363028 1.3465743
OS 6.3356364 1.3467409
OS 6.3348034 1.3469075
OS 6.3339704 1.3469908
OS 6.3329708 1.3471574
OS 6.3313881 1.3471574
OS 6.330805 1.3470741
OS 6.329972 1.3469908
OS 6.3290557 1.3469075
OS 6.3280561 1.3467409
OS 6.3270565 1.3464077
OS 6.3259736 1.3460745
OS 6.3258903 1.3459912
OS 6.3255571 1.3459079
OS 6.324974 1.345658
OS 6.3243076 1.3452415
OS 6.3235579 1.3447417
OS 6.3226416 1.3441586
OS 6.3217253 1.3434089
OS 6.320809 1.3424926
OS 6.3207257 1.3424093
OS 6.3204758 1.3420761
OS 6.3200593 1.3415763
OS 6.3194762 1.3409099
OS 6.3188931 1.3399936
OS 6.31831 1.3389107
OS 6.3177269 1.3376612
OS 6.3171438 1.3362451
OS 6.3171438 1.3361618
OS 6.3170605 1.3360785
OS 6.3169772 1.3358286
OS 6.3168939 1.3355787
OS 6.3167273 1.3347457
OS 6.3164774 1.3336628
OS 6.3161442 1.3322467
OS 6.3159776 1.330664
OS 6.315811 1.3289147
OS 6.3157277 1.3269988
OS 6.3157277 1.3269155
OS 6.3157277 1.3267489
OS 6.3157277 1.326499
OS 6.3157277 1.3260825
OS 6.315811 1.3255827
OS 6.315811 1.3249996
OS 6.3158943 1.3237501
OS 6.3160609 1.3222507
OS 6.3163108 1.320668
OS 6.316644 1.3190853
OS 6.3171438 1.3175859
OS 6.3172271 1.3174193
OS 6.3173937 1.3169195
OS 6.3177269 1.3162531
OS 6.3182267 1.3154201
OS 6.3187265 1.3144205
OS 6.3193929 1.3133376
OS 6.3202259 1.312338
OS 6.3210589 1.3114217
OS 6.3211422 1.3113384
OS 6.3214754 1.3110885
OS 6.3219752 1.310672
OS 6.3226416 1.3101722
OS 6.3233913 1.3096724
OS 6.3243076 1.3090893
OS 6.3253072 1.3085895
OS 6.3263068 1.308173
OS 6.3264734 1.308173
OS 6.3268066 1.3080064
OS 6.3273897 1.3078398
OS 6.3281394 1.3076732
OS 6.3289724 1.3075066
OS 6.329972 1.30734
OS 6.3309716 1.3072567
OS 6.3320545 1.3071734
OS 6.3325543 1.3071734
OS 6.3331374 1.3072567
OS 6.3338871 1.3072567
OS 6.3347201 1.3074233
OS 6.3357197 1.3075899
OS 6.3367193 1.3077565
OS 6.3377189 1.3080897
OS 6.3378022 1.308173
OS 6.3382187 1.3082563
OS 6.3387185 1.3085062
OS 6.3393016 1.3087561
OS 6.3400513 1.3090893
OS 6.340801 1.3094225
OS 6.3415507 1.3099223
OS 6.3423004 1.3103388
OS 6.3423837 1.3104221
OS 6.3426336 1.3105887
OS 6.3430501 1.3108386
OS 6.3435499 1.3110885
OS 6.3447161 1.3119215
OS 6.3458823 1.3128378
OS 6.3459656 1.3129211
OS 6.3461322 1.3130877
OS 6.3463821 1.3132543
OS 6.3467986 1.3135875
OS 6.3476316 1.3143372
OS 6.3485479 1.3151702
OS 6.349964 1.3151702
OS 6.349964 1.3010092
OS 6.3498807 1.3010092
OS 6.3496308 1.3008426
OS 6.3492976 1.300676
OS 6.3488811 1.3005094
OS 6.348298 1.3001762
OS 6.3476316 1.2999263
OS 6.3460489 1.2991766
OS 6.3459656 1.2991766
OS 6.3457157 1.29901
OS 6.3452159 1.2988434
OS 6.3447161 1.2985935
OS 6.3440497 1.2983436
OS 6.3433 1.2980937
OS 6.341634 1.2975106
OS 6.3415507 1.2975106
OS 6.3411342 1.2974273
OS 6.3406344 1.2972607
OS 6.3398847 1.2970941
OS 6.3390517 1.2969275
OS 6.3382187 1.2966776
OS 6.3363028 1.2963444
OS 6.3362195 1.2963444
OS 6.3358863 1.2962611
OS 6.3353032 1.2961778
OS 6.3345535 1.2960945
OS 6.3336372 1.2960112
OS 6.332471 1.2959279
OS 6.3310549 1.2958446
OS 6.3289724 1.2958446
OS 6.3282227 1.2959279
OS 6.3273064 1.2960112
OS 6.3261402 1.2960945
OS 6.3248074 1.2962611
OS 6.3233913 1.296511
OS 6.3218086 1.2968442
OS 6.3200593 1.2972607
OS 6.31831 1.2978438
OS 6.3165607 1.2985102
OS 6.3147281 1.2992599
OS 6.3129788 1.3002595
OS 6.3112295 1.3013424
OS 6.3096468 1.3025919
OS 6.3080641 1.304008
OS 6.3079808 1.3040913
OS 6.3077309 1.3044245
OS 6.3073144 1.304841
OS 6.3068146 1.3055074
OS 6.3062315 1.3063404
OS 6.3055651 1.30734
OS 6.3048154 1.3085895
OS 6.304149 1.3099223
OS 6.3033993 1.311505
OS 6.3026496 1.3132543
OS 6.3019832 1.3150869
OS 6.3014001 1.3171694
OS 6.3009003 1.3194185
OS 6.3004838 1.3218342
OS 6.3002339 1.3243332
OS 6.3001506 1.3270821
OS 6.3001506 1.3271654
OS 6.3001506 1.3272487
OS 6.3001506 1.3277485
OS 6.3002339 1.3284982
OS 6.3003172 1.3294978
OS 6.3004005 1.330664
OS 6.3005671 1.3320801
OS 6.300817 1.3336628
OS 6.3011502 1.3353288
OS 6.3015667 1.3370781
OS 6.3020665 1.338994
OS 6.3027329 1.3408266
OS 6.3034826 1.3427425
OS 6.3043989 1.3446584
OS 6.3054818 1.346491
OS 6.306648 1.3482403
OS 6.3080641 1.3499063
OS 6.3081474 1.3499896
OS 6.3083973 1.3502395
OS 6.3088971 1.3507393
OS 6.3095635 1.3512391
OS 6.3103132 1.3519055
OS 6.3113128 1.3526552
OS 6.312479 1.3534049
OS 6.3137285 1.3542379
OS 6.3152279 1.3549876
OS 6.3168106 1.3557373
OS 6.3185599 1.356487
OS 6.3204758 1.3571534
OS 6.3225583 1.3577365
OS 6.3247241 1.358153
OS 6.3270565 1.3584029
OS 6.3295555 1.3584862
OS 6.330805 1.3584862
OS 6.3317213 1.3584029
OE
OB 6.3808683 1.342326 H
OS 6.3656244 1.3218342
OS 6.3808683 1.3218342
OS 6.3808683 1.342326
OE
SE
S P 0
OB 6.5555877 0.8811226 I
OS 6.5637511 0.8811226
OS 6.5637511 0.8702936
OS 6.5555877 0.8702936
OS 6.5555877 0.8561326
OS 6.5409269 0.8561326
OS 6.5409269 0.8702936
OS 6.5145208 0.8702936
OS 6.5145208 0.8814558
OS 6.5404271 0.9165251
OS 6.5555877 0.9165251
OS 6.5555877 0.8811226
OE
OB 6.4951952 0.866795 I
OS 6.5076069 0.866795
OS 6.5076069 0.8562992
OS 6.4678728 0.8562992
OS 6.4678728 0.866795
OS 6.4805344 0.866795
OS 6.4805344 0.8986156
OS 6.4678728 0.8986156
OS 6.4678728 0.908445
OS 6.4688724 0.908445
OS 6.4696221 0.9085283
OS 6.4704551 0.9085283
OS 6.4713714 0.9086116
OS 6.4733706 0.9087782
OS 6.4734539 0.9087782
OS 6.4738704 0.9088615
OS 6.4743702 0.9089448
OS 6.4749533 0.9090281
OS 6.4763694 0.9094446
OS 6.4771191 0.9096945
OS 6.4777855 0.9099444
OS 6.4778688 0.9100277
OS 6.4781187 0.910111
OS 6.4784519 0.9103609
OS 6.4788684 0.9106108
OS 6.479868 0.9114438
OS 6.4807843 0.9125267
OS 6.4808676 0.91261
OS 6.4809509 0.9128599
OS 6.4811175 0.9131931
OS 6.4813674 0.9136929
OS 6.481534 0.914276
OS 6.4817006 0.9150257
OS 6.4818672 0.9157754
OS 6.4819505 0.9166917
OS 6.4951952 0.9166917
OS 6.4951952 0.866795
OE
OB 6.439051 0.9176913 I
OS 6.4400506 0.9176913
OS 6.4411335 0.917608
OS 6.4432993 0.9173581
OS 6.4434659 0.9173581
OS 6.4437991 0.9172748
OS 6.4443822 0.9171915
OS 6.4451319 0.9170249
OS 6.4459649 0.9168583
OS 6.4468812 0.9166917
OS 6.4488804 0.9161919
OS 6.4489637 0.9161919
OS 6.4492136 0.9161086
OS 6.4496301 0.915942
OS 6.4502132 0.9157754
OS 6.4508796 0.9155255
OS 6.4516293 0.9152756
OS 6.4532953 0.9145259
OS 6.4533786 0.9144426
OS 6.4537118 0.9143593
OS 6.4541283 0.9141927
OS 6.4547114 0.9139428
OS 6.4560442 0.9133597
OS 6.4567106 0.9130265
OS 6.4572937 0.9126933
OS 6.4572937 0.898449
OS 6.455711 0.898449
OS 6.4556277 0.8985323
OS 6.4555444 0.8986156
OS 6.4552945 0.8987822
OS 6.4549613 0.8991154
OS 6.4541283 0.8997818
OS 6.4529621 0.9006981
OS 6.4528788 0.9007814
OS 6.4527122 0.900948
OS 6.4522957 0.9011979
OS 6.4518792 0.9015311
OS 6.4512961 0.9019476
OS 6.450713 0.9023641
OS 6.4492136 0.9033637
OS 6.4491303 0.903447
OS 6.4488804 0.9036136
OS 6.4483806 0.9037802
OS 6.4478808 0.9041134
OS 6.4471311 0.9044466
OS 6.4463814 0.9047798
OS 6.4454651 0.9051963
OS 6.4445488 0.9055295
OS 6.4444655 0.9056128
OS 6.4441323 0.9056961
OS 6.4436325 0.9058627
OS 6.4429661 0.9060293
OS 6.4421331 0.9061959
OS 6.4413001 0.9062792
OS 6.4403005 0.9064458
OS 6.4387178 0.9064458
OS 6.4381347 0.9063625
OS 6.4373017 0.9062792
OS 6.4363854 0.9061959
OS 6.4353858 0.9060293
OS 6.4343862 0.9056961
OS 6.4333033 0.9053629
OS 6.43322 0.9052796
OS 6.4328868 0.9051963
OS 6.4323037 0.9049464
OS 6.4316373 0.9045299
OS 6.4308876 0.9040301
OS 6.4299713 0.903447
OS 6.429055 0.9026973
OS 6.4281387 0.901781
OS 6.4280554 0.9016977
OS 6.4278055 0.9013645
OS 6.427389 0.9008647
OS 6.4268059 0.9001983
OS 6.4262228 0.899282
OS 6.4256397 0.8981991
OS 6.4250566 0.8969496
OS 6.4244735 0.8955335
OS 6.4244735 0.8954502
OS 6.4243902 0.8953669
OS 6.4243069 0.895117
OS 6.4242236 0.8948671
OS 6.424057 0.8940341
OS 6.4238071 0.8929512
OS 6.4234739 0.8915351
OS 6.4233073 0.8899524
OS 6.4231407 0.8882031
OS 6.4230574 0.8862872
OS 6.4230574 0.8862039
OS 6.4230574 0.8860373
OS 6.4230574 0.8857874
OS 6.4230574 0.8853709
OS 6.4231407 0.8848711
OS 6.4231407 0.884288
OS 6.423224 0.8830385
OS 6.4233906 0.8815391
OS 6.4236405 0.8799564
OS 6.4239737 0.8783737
OS 6.4244735 0.8768743
OS 6.4245568 0.8767077
OS 6.4247234 0.8762079
OS 6.4250566 0.8755415
OS 6.4255564 0.8747085
OS 6.4260562 0.8737089
OS 6.4267226 0.872626
OS 6.4275556 0.8716264
OS 6.4283886 0.8707101
OS 6.4284719 0.8706268
OS 6.4288051 0.8703769
OS 6.4293049 0.8699604
OS 6.4299713 0.8694606
OS 6.430721 0.8689608
OS 6.4316373 0.8683777
OS 6.4326369 0.8678779
OS 6.4336365 0.8674614
OS 6.4338031 0.8674614
OS 6.4341363 0.8672948
OS 6.4347194 0.8671282
OS 6.4354691 0.8669616
OS 6.4363021 0.866795
OS 6.4373017 0.8666284
OS 6.4383013 0.8665451
OS 6.4393842 0.8664618
OS 6.439884 0.8664618
OS 6.4404671 0.8665451
OS 6.4412168 0.8665451
OS 6.4420498 0.8667117
OS 6.4430494 0.8668783
OS 6.444049 0.8670449
OS 6.4450486 0.8673781
OS 6.4451319 0.8674614
OS 6.4455484 0.8675447
OS 6.4460482 0.8677946
OS 6.4466313 0.8680445
OS 6.447381 0.8683777
OS 6.4481307 0.8687109
OS 6.4488804 0.8692107
OS 6.4496301 0.8696272
OS 6.4497134 0.8697105
OS 6.4499633 0.8698771
OS 6.4503798 0.870127
OS 6.4508796 0.8703769
OS 6.4520458 0.8712099
OS 6.453212 0.8721262
OS 6.4532953 0.8722095
OS 6.4534619 0.8723761
OS 6.4537118 0.8725427
OS 6.4541283 0.8728759
OS 6.4549613 0.8736256
OS 6.4558776 0.8744586
OS 6.4572937 0.8744586
OS 6.4572937 0.8602976
OS 6.4572104 0.8602976
OS 6.4569605 0.860131
OS 6.4566273 0.8599644
OS 6.4562108 0.8597978
OS 6.4556277 0.8594646
OS 6.4549613 0.8592147
OS 6.4533786 0.858465
OS 6.4532953 0.858465
OS 6.4530454 0.8582984
OS 6.4525456 0.8581318
OS 6.4520458 0.8578819
OS 6.4513794 0.857632
OS 6.4506297 0.8573821
OS 6.4489637 0.856799
OS 6.4488804 0.856799
OS 6.4484639 0.8567157
OS 6.4479641 0.8565491
OS 6.4472144 0.8563825
OS 6.4463814 0.8562159
OS 6.4455484 0.855966
OS 6.4436325 0.8556328
OS 6.4435492 0.8556328
OS 6.443216 0.8555495
OS 6.4426329 0.8554662
OS 6.4418832 0.8553829
OS 6.4409669 0.8552996
OS 6.4398007 0.8552163
OS 6.4383846 0.855133
OS 6.4363021 0.855133
OS 6.4355524 0.8552163
OS 6.4346361 0.8552996
OS 6.4334699 0.8553829
OS 6.4321371 0.8555495
OS 6.430721 0.8557994
OS 6.4291383 0.8561326
OS 6.427389 0.8565491
OS 6.4256397 0.8571322
OS 6.4238904 0.8577986
OS 6.4220578 0.8585483
OS 6.4203085 0.8595479
OS 6.4185592 0.8606308
OS 6.4169765 0.8618803
OS 6.4153938 0.8632964
OS 6.4153105 0.8633797
OS 6.4150606 0.8637129
OS 6.4146441 0.8641294
OS 6.4141443 0.8647958
OS 6.4135612 0.8656288
OS 6.4128948 0.8666284
OS 6.4121451 0.8678779
OS 6.4114787 0.8692107
OS 6.410729 0.8707934
OS 6.4099793 0.8725427
OS 6.4093129 0.8743753
OS 6.4087298 0.8764578
OS 6.40823 0.8787069
OS 6.4078135 0.8811226
OS 6.4075636 0.8836216
OS 6.4074803 0.8863705
OS 6.4074803 0.8864538
OS 6.4074803 0.8865371
OS 6.4074803 0.8870369
OS 6.4075636 0.8877866
OS 6.4076469 0.8887862
OS 6.4077302 0.8899524
OS 6.4078968 0.8913685
OS 6.4081467 0.8929512
OS 6.4084799 0.8946172
OS 6.4088964 0.8963665
OS 6.4093962 0.8982824
OS 6.4100626 0.900115
OS 6.4108123 0.9020309
OS 6.4117286 0.9039468
OS 6.4128115 0.9057794
OS 6.4139777 0.9075287
OS 6.4153938 0.9091947
OS 6.4154771 0.909278
OS 6.415727 0.9095279
OS 6.4162268 0.9100277
OS 6.4168932 0.9105275
OS 6.4176429 0.9111939
OS 6.4186425 0.9119436
OS 6.4198087 0.9126933
OS 6.4210582 0.9135263
OS 6.4225576 0.914276
OS 6.4241403 0.9150257
OS 6.4258896 0.9157754
OS 6.4278055 0.9164418
OS 6.429888 0.9170249
OS 6.4320538 0.9174414
OS 6.4343862 0.9176913
OS 6.4368852 0.9177746
OS 6.4381347 0.9177746
OS 6.439051 0.9176913
OE
OB 6.5409269 0.9016144 H
OS 6.525683 0.8811226
OS 6.5409269 0.8811226
OS 6.5409269 0.9016144
OE
SE
S P 0
OB 6.5551404 4.0548026 I
OS 6.529484 4.0548026
OS 6.529484 4.0447233
OS 6.5299838 4.0447233
OS 6.530317 4.0448066
OS 6.53115 4.0448066
OS 6.5323162 4.0448899
OS 6.5328993 4.0448899
OS 6.5333158 4.0449732
OS 6.5357315 4.0449732
OS 6.5365645 4.0448899
OS 6.5376474 4.0448899
OS 6.5388136 4.0447233
OS 6.5401464 4.0445567
OS 6.5415625 4.0443901
OS 6.5429786 4.0440569
OS 6.5431452 4.0440569
OS 6.5435617 4.0438903
OS 6.5443114 4.0437237
OS 6.5451444 4.0433905
OS 6.546144 4.0430573
OS 6.5473102 4.0425575
OS 6.5483931 4.0420577
OS 6.549476 4.0413913
OS 6.5496426 4.041308
OS 6.5500591 4.0409748
OS 6.5507255 4.040475
OS 6.5514752 4.0398086
OS 6.5523082 4.0389756
OS 6.5532245 4.0378927
OS 6.5541408 4.0367265
OS 6.5548905 4.0353937
OS 6.5549738 4.0352271
OS 6.5552237 4.0347273
OS 6.5554736 4.0338943
OS 6.5558901 4.0328114
OS 6.5562233 4.0314786
OS 6.5564732 4.0299792
OS 6.5567231 4.0281466
OS 6.5568064 4.0262307
OS 6.5568064 4.0261474
OS 6.5568064 4.0260641
OS 6.5568064 4.0258142
OS 6.5568064 4.025481
OS 6.5567231 4.0245647
OS 6.5566398 4.0233985
OS 6.5563899 4.0220657
OS 6.55614 4.0206496
OS 6.5557235 4.0190669
OS 6.5551404 4.0175675
OS 6.5551404 4.0174842
OS 6.5550571 4.0174009
OS 6.5548072 4.0169011
OS 6.554474 4.0161514
OS 6.5539742 4.0152351
OS 6.5533078 4.0141522
OS 6.5524748 4.012986
OS 6.5514752 4.0118198
OS 6.5503923 4.0106536
OS 6.5502257 4.010487
OS 6.5498092 4.0101538
OS 6.5491428 4.009654
OS 6.5482265 4.0089876
OS 6.5471436 4.0082379
OS 6.5458941 4.0074882
OS 6.5443947 4.0068218
OS 6.542812 4.0061554
OS 6.5427287 4.0061554
OS 6.5426454 4.0060721
OS 6.5423955 4.0059888
OS 6.5420623 4.0059055
OS 6.5416458 4.0058222
OS 6.541146 4.0056556
OS 6.5398965 4.0054057
OS 6.5383138 4.0051558
OS 6.5364812 4.0049059
OS 6.5343987 4.0047393
OS 6.5321496 4.004656
OS 6.5310667 4.004656
OS 6.5304836 4.0047393
OS 6.5298172 4.0047393
OS 6.5282345 4.0048226
OS 6.5264019 4.0049892
OS 6.524486 4.0051558
OS 6.5224868 4.005489
OS 6.5205709 4.0058222
OS 6.5204876 4.0058222
OS 6.520321 4.0059055
OS 6.5200711 4.0059055
OS 6.5197379 4.0059888
OS 6.5189049 4.0062387
OS 6.5177387 4.0065719
OS 6.5164892 4.0069051
OS 6.5151564 4.0073216
OS 6.5139069 4.0077381
OS 6.5126574 4.0082379
OS 6.5126574 4.0213993
OS 6.5140735 4.0213993
OS 6.5141568 4.021316
OS 6.5144067 4.0211494
OS 6.5147399 4.0209828
OS 6.5155729 4.020483
OS 6.5165725 4.0198999
OS 6.5166558 4.0198999
OS 6.5168224 4.0197333
OS 6.5171556 4.0195667
OS 6.5175721 4.0194001
OS 6.5180719 4.0191502
OS 6.5187383 4.018817
OS 6.5194047 4.0184838
OS 6.5202377 4.0181506
OS 6.520321 4.0181506
OS 6.5206542 4.017984
OS 6.5210707 4.0178174
OS 6.5215705 4.0176508
OS 6.5222369 4.0174009
OS 6.5229866 4.0172343
OS 6.5245693 4.0167345
OS 6.5246526 4.0167345
OS 6.5249858 4.0166512
OS 6.5254023 4.0165679
OS 6.5260687 4.0164846
OS 6.5268184 4.0164013
OS 6.5276514 4.016318
OS 6.5285677 4.0162347
OS 6.5304836 4.0162347
OS 6.5310667 4.016318
OS 6.5318164 4.0164013
OS 6.5326494 4.0164846
OS 6.5345653 4.0168178
OS 6.5346486 4.0168178
OS 6.5350651 4.0169011
OS 6.5355649 4.0170677
OS 6.536148 4.0173176
OS 6.5375641 4.017984
OS 6.5383138 4.0184005
OS 6.5389802 4.0189003
OS 6.5390635 4.0189836
OS 6.5392301 4.0191502
OS 6.5393967 4.0194001
OS 6.5397299 4.0197333
OS 6.540313 4.0205663
OS 6.5408961 4.0216492
OS 6.5408961 4.0217325
OS 6.5409794 4.0218991
OS 6.541146 4.0222323
OS 6.5413126 4.0227321
OS 6.5413959 4.0233152
OS 6.5415625 4.0239816
OS 6.5416458 4.0247313
OS 6.5416458 4.0256476
OS 6.5416458 4.0257309
OS 6.5416458 4.0259808
OS 6.5415625 4.0263973
OS 6.5415625 4.0268971
OS 6.5412293 4.0281466
OS 6.5410627 4.0287297
OS 6.5407295 4.0293128
OS 6.5407295 4.0293961
OS 6.5405629 4.0295627
OS 6.5403963 4.0298126
OS 6.5401464 4.0302291
OS 6.5393967 4.0309788
OS 6.5384804 4.0318118
OS 6.5383971 4.0318951
OS 6.5381472 4.0320617
OS 6.5376474 4.0322283
OS 6.5370643 4.0325615
OS 6.5363146 4.0328114
OS 6.5354816 4.0331446
OS 6.5345653 4.0333945
OS 6.5334824 4.0335611
OS 6.5333158 4.0335611
OS 6.5329826 4.0336444
OS 6.5324828 4.0337277
OS 6.5317331 4.033811
OS 6.5309834 4.033811
OS 6.5301504 4.0338943
OS 6.5284011 4.0339776
OS 6.5271516 4.0339776
OS 6.5263186 4.0338943
OS 6.525319 4.033811
OS 6.5242361 4.0337277
OS 6.5219037 4.0333945
OS 6.5217371 4.0333945
OS 6.5214039 4.0333112
OS 6.5208208 4.0332279
OS 6.5200711 4.0330613
OS 6.5192381 4.0328947
OS 6.5183218 4.0327281
OS 6.5164892 4.0323116
OS 6.5152397 4.0323116
OS 6.5152397 4.0661314
OS 6.5551404 4.0661314
OS 6.5551404 4.0548026
OE
OB 6.4772549 4.0672976 I
OS 6.4781712 4.0672143
OS 6.4793374 4.067131
OS 6.4806702 4.0669644
OS 6.4820863 4.0667145
OS 6.483669 4.066298
OS 6.485335 4.0658815
OS 6.4870843 4.0652984
OS 6.4888336 4.064632
OS 6.4906662 4.063799
OS 6.4924155 4.0628827
OS 6.4940815 4.0617165
OS 6.4957475 4.060467
OS 6.4972469 4.0589676
OS 6.4973302 4.0588843
OS 6.4975801 4.0585511
OS 6.4979966 4.0581346
OS 6.4984964 4.0574682
OS 6.4990795 4.0565519
OS 6.4997459 4.0555523
OS 6.5004123 4.0543028
OS 6.501162 4.05297
OS 6.5019117 4.0513873
OS 6.5025781 4.049638
OS 6.5032445 4.0478054
OS 6.5038276 4.0457229
OS 6.5043274 4.0434738
OS 6.5047439 4.0411414
OS 6.5049938 4.0386424
OS 6.5050771 4.0359768
OS 6.5050771 4.0358935
OS 6.5050771 4.035477
OS 6.5050771 4.0349772
OS 6.5049938 4.0342275
OS 6.5049105 4.0333112
OS 6.5048272 4.0322283
OS 6.5047439 4.0309788
OS 6.504494 4.0297293
OS 6.5042441 4.0283132
OS 6.5039942 4.0268138
OS 6.5031612 4.0237317
OS 6.5026614 4.022149
OS 6.5020783 4.0206496
OS 6.5014119 4.0191502
OS 6.5005789 4.0176508
OS 6.5004956 4.0175675
OS 6.5004123 4.0173176
OS 6.5001624 4.0169011
OS 6.4997459 4.0164013
OS 6.4993294 4.0158182
OS 6.4987463 4.0150685
OS 6.4980799 4.0143188
OS 6.4974135 4.0134858
OS 6.4965805 4.0125695
OS 6.4955809 4.0117365
OS 6.4945813 4.0108202
OS 6.4934984 4.0099039
OS 6.4922489 4.0090709
OS 6.4909994 4.0082379
OS 6.4896666 4.0075715
OS 6.4881672 4.0069051
OS 6.4881672 4.0068218
OS 6.4881672 4.0067385
OS 6.4881672 4.0062387
OS 6.4882505 4.005489
OS 6.4884171 4.0045727
OS 6.488667 4.0035731
OS 6.4890002 4.0025735
OS 6.4894167 4.0016572
OS 6.4900831 4.0009075
OS 6.4901664 4.0008242
OS 6.4904996 4.0006576
OS 6.4909161 4.0003244
OS 6.4916658 4.0000745
OS 6.4924988 3.9997413
OS 6.493665 3.9994081
OS 6.4950811 3.9992415
OS 6.4966638 3.9991582
OS 6.4973302 3.9991582
OS 6.49783 3.9992415
OS 6.4984131 3.9993248
OS 6.4990795 3.9994081
OS 6.5004956 3.9997413
OS 6.5005789 3.9997413
OS 6.5008288 3.9998246
OS 6.5012453 3.9999912
OS 6.5016618 4.0000745
OS 6.5026614 4.0004077
OS 6.5030779 4.0005743
OS 6.5034944 4.0007409
OS 6.5049938 4.0007409
OS 6.5049938 3.9900785
OS 6.5049105 3.9900785
OS 6.5045773 3.9899952
OS 6.5040775 3.9898286
OS 6.5034111 3.9897453
OS 6.5026614 3.9895787
OS 6.5018284 3.9894121
OS 6.5000791 3.9891622
OS 6.4999958 3.9891622
OS 6.4996626 3.9890789
OS 6.4990795 3.9890789
OS 6.4982465 3.9889956
OS 6.4971636 3.9889123
OS 6.4958308 3.9889123
OS 6.4942481 3.988829
OS 6.4916658 3.988829
OS 6.4907495 3.9889123
OS 6.4896666 3.9889956
OS 6.4883338 3.9891622
OS 6.487001 3.9893288
OS 6.4856682 3.989662
OS 6.4843354 3.9900785
OS 6.4841688 3.9901618
OS 6.4837523 3.9903284
OS 6.4831692 3.9905783
OS 6.4824195 3.9909115
OS 6.4815032 3.9914113
OS 6.4805869 3.9919944
OS 6.4796706 3.9926608
OS 6.4788376 3.9934105
OS 6.4787543 3.9934938
OS 6.4785044 3.993827
OS 6.4780879 3.9942435
OS 6.4775881 3.9949099
OS 6.477005 3.9956596
OS 6.4764219 3.9964926
OS 6.4759221 3.9974922
OS 6.4754223 3.9985751
OS 6.475339 3.9987417
OS 6.4752557 3.9990749
OS 6.4750891 3.999658
OS 6.4748392 4.000491
OS 6.4746726 4.0014073
OS 6.474506 4.0024069
OS 6.4743394 4.0035731
OS 6.4742561 4.0048226
OS 6.4740895 4.0048226
OS 6.473673 4.0049059
OS 6.4730066 4.0049059
OS 6.4721736 4.0050725
OS 6.4710907 4.0052391
OS 6.4698412 4.0054057
OS 6.4684251 4.0057389
OS 6.4669257 4.0061554
OS 6.465343 4.0066552
OS 6.463677 4.0072383
OS 6.462011 4.007988
OS 6.460345 4.008821
OS 6.458679 4.0097373
OS 6.4570963 4.0109035
OS 6.4555136 4.0122363
OS 6.4540975 4.0136524
OS 6.4540142 4.0137357
OS 6.4537643 4.0140689
OS 6.4534311 4.0144854
OS 6.4529313 4.0151518
OS 6.4524315 4.0159848
OS 6.4518484 4.0169844
OS 6.451182 4.0181506
OS 6.4505156 4.0195667
OS 6.4497659 4.0210661
OS 6.4491828 4.0227321
OS 6.4485164 4.0245647
OS 6.4480166 4.0265639
OS 6.4475168 4.0287297
OS 6.4471836 4.0309788
OS 6.4469337 4.0333945
OS 6.4468504 4.0359768
OS 6.4468504 4.0360601
OS 6.4468504 4.0361434
OS 6.4468504 4.0366432
OS 6.4469337 4.0373929
OS 6.4469337 4.0383925
OS 6.4471003 4.0395587
OS 6.4472669 4.0409748
OS 6.4475168 4.0425575
OS 6.44785 4.0443068
OS 6.4482665 4.0460561
OS 6.4487663 4.047972
OS 6.4493494 4.0498046
OS 6.4500991 4.0517205
OS 6.4510154 4.0536364
OS 6.452015 4.055469
OS 6.4532645 4.0572183
OS 6.4545973 4.0588843
OS 6.4546806 4.0589676
OS 6.4549305 4.0592175
OS 6.4554303 4.059634
OS 6.4560134 4.0602171
OS 6.4568464 4.0608835
OS 6.4577627 4.0615499
OS 6.4589289 4.0623829
OS 6.4601784 4.0631326
OS 6.4615945 4.0639656
OS 6.4631772 4.0647153
OS 6.4649265 4.0653817
OS 6.4668424 4.0660481
OS 6.4689249 4.0666312
OS 6.4710907 4.0670477
OS 6.4734231 4.0672976
OS 6.4759221 4.0673809
OS 6.4765052 4.0673809
OS 6.4772549 4.0672976
OE
OB 6.4759221 4.0560521 H
OS 6.4754223 4.0560521
OS 6.4749225 4.0559688
OS 6.4742561 4.0559688
OS 6.4735064 4.0558022
OS 6.4726734 4.0556356
OS 6.4717571 4.0553857
OS 6.4709241 4.0550525
OS 6.4708408 4.0549692
OS 6.4705076 4.0548859
OS 6.4700911 4.054636
OS 6.469508 4.0542195
OS 6.4688416 4.0537197
OS 6.4680919 4.0531366
OS 6.4673422 4.0523869
OS 6.4665092 4.0514706
OS 6.4664259 4.0513873
OS 6.466176 4.0510541
OS 6.4658428 4.0505543
OS 6.4654263 4.0498046
OS 6.4650098 4.0488883
OS 6.46451 4.0478887
OS 6.4640102 4.0466392
OS 6.4635104 4.0452231
OS 6.4635104 4.0451398
OS 6.4634271 4.0450565
OS 6.4634271 4.0448066
OS 6.4633438 4.0445567
OS 6.4631772 4.0437237
OS 6.4630106 4.0426408
OS 6.4627607 4.0412247
OS 6.4625941 4.039642
OS 6.4625108 4.0378927
OS 6.4624275 4.0359768
OS 6.4624275 4.0358935
OS 6.4624275 4.0357269
OS 6.4624275 4.035477
OS 6.4624275 4.0350605
OS 6.4624275 4.0345607
OS 6.4625108 4.0340609
OS 6.4625941 4.0327281
OS 6.4626774 4.0312287
OS 6.4629273 4.0297293
OS 6.4631772 4.0281466
OS 6.4635104 4.0267305
OS 6.4635937 4.0265639
OS 6.463677 4.0261474
OS 6.4639269 4.025481
OS 6.4642601 4.0245647
OS 6.4646766 4.0236484
OS 6.4651764 4.0225655
OS 6.4657595 4.0215659
OS 6.4664259 4.0205663
OS 6.4665092 4.020483
OS 6.4667591 4.0201498
OS 6.4671756 4.0197333
OS 6.4677587 4.0191502
OS 6.4684251 4.0185671
OS 6.4691748 4.017984
OS 6.4699245 4.0174842
OS 6.4708408 4.0169844
OS 6.4709241 4.0169844
OS 6.4712573 4.0168178
OS 6.4717571 4.0166512
OS 6.4724235 4.0164846
OS 6.4731732 4.016318
OS 6.4740062 4.0161514
OS 6.4750058 4.0160681
OS 6.4759221 4.0159848
OS 6.4764219 4.0159848
OS 6.4769217 4.0160681
OS 6.4775881 4.0161514
OS 6.4783378 4.0162347
OS 6.4792541 4.0164846
OS 6.4801704 4.0167345
OS 6.4810867 4.0170677
OS 6.48117 4.017151
OS 6.4815032 4.0173176
OS 6.482003 4.0175675
OS 6.4825861 4.017984
OS 6.4832525 4.0184838
OS 6.4840022 4.0190669
OS 6.4846686 4.0198166
OS 6.4854183 4.0206496
OS 6.4855016 4.0207329
OS 6.4857515 4.0211494
OS 6.4860847 4.0216492
OS 6.4865012 4.0223989
OS 6.487001 4.0233152
OS 6.4875008 4.0243981
OS 6.4880006 4.0255643
OS 6.4884171 4.0268138
OS 6.4885004 4.0269804
OS 6.4885837 4.0274802
OS 6.4887503 4.0282299
OS 6.4890002 4.0293128
OS 6.4891668 4.0305623
OS 6.4893334 4.032145
OS 6.4894167 4.0339776
OS 6.4895 4.0359768
OS 6.4895 4.0360601
OS 6.4895 4.0362267
OS 6.4895 4.0364766
OS 6.4895 4.0368931
OS 6.4895 4.0373096
OS 6.4894167 4.0378927
OS 6.4893334 4.0391422
OS 6.4892501 4.0405583
OS 6.4890002 4.042141
OS 6.4887503 4.0436404
OS 6.4883338 4.0451398
OS 6.4883338 4.0452231
OS 6.4882505 4.0453064
OS 6.4881672 4.0458062
OS 6.4879173 4.0464726
OS 6.4875841 4.0473889
OS 6.4871676 4.0483885
OS 6.4866678 4.0493881
OS 6.4860847 4.0503877
OS 6.4854183 4.0513873
OS 6.485335 4.0514706
OS 6.4850851 4.0518038
OS 6.4846686 4.0522203
OS 6.4840855 4.0528034
OS 6.4835024 4.0533865
OS 6.4827527 4.0539696
OS 6.4819197 4.0544694
OS 6.4810034 4.0549692
OS 6.4809201 4.0550525
OS 6.4805869 4.0551358
OS 6.4800871 4.0553024
OS 6.479504 4.0555523
OS 6.478671 4.0557189
OS 6.477838 4.0558855
OS 6.4769217 4.0559688
OS 6.4759221 4.0560521
OE
SE
S P 0
OB 6.6481511 0.7667346 I
OS 6.6224947 0.7185039
OS 6.6057514 0.7185039
OS 6.6324907 0.767401
OS 6.6039188 0.767401
OS 6.6039188 0.7787298
OS 6.6481511 0.7787298
OS 6.6481511 0.7667346
OE
OB 6.5724314 0.7786465 I
OS 6.5737642 0.7785632
OS 6.5751803 0.7784799
OS 6.5766797 0.7783133
OS 6.5780958 0.7780634
OS 6.5782624 0.7780634
OS 6.5787622 0.7778968
OS 6.5794286 0.7777302
OS 6.5803449 0.7774803
OS 6.5814278 0.7771471
OS 6.582594 0.7767306
OS 6.5838435 0.7761475
OS 6.5850097 0.7754811
OS 6.5851763 0.7753978
OS 6.5855095 0.7751479
OS 6.5861759 0.7746481
OS 6.5868423 0.774065
OS 6.5876753 0.7733153
OS 6.5885916 0.772399
OS 6.5894246 0.7713994
OS 6.5901743 0.7702332
OS 6.5902576 0.7700666
OS 6.5905075 0.7696501
OS 6.5907574 0.7689837
OS 6.5911739 0.7680674
OS 6.5915071 0.7669012
OS 6.591757 0.7654851
OS 6.5920069 0.7639024
OS 6.5920902 0.7621531
OS 6.5920902 0.7620698
OS 6.5920902 0.7618199
OS 6.5920902 0.7614867
OS 6.5920069 0.7609869
OS 6.5920069 0.7604038
OS 6.5919236 0.7597374
OS 6.5916737 0.7581547
OS 6.5913405 0.7564054
OS 6.5907574 0.7544895
OS 6.5900077 0.7526569
OS 6.5889248 0.7509076
OS 6.5889248 0.7508243
OS 6.5887582 0.750741
OS 6.5885916 0.7504911
OS 6.5883417 0.7501579
OS 6.5876753 0.7494082
OS 6.586759 0.7484086
OS 6.5855095 0.7473257
OS 6.5840934 0.7462428
OS 6.5824274 0.7450766
OS 6.5805948 0.744077
OS 6.60092 0.7185039
OS 6.5824274 0.7185039
OS 6.5656841 0.7405784
OS 6.5603529 0.7405784
OS 6.5603529 0.7185039
OS 6.5452756 0.7185039
OS 6.5452756 0.7787298
OS 6.5711819 0.7787298
OS 6.5724314 0.7786465
OE
OB 6.5671002 0.7677342 H
OS 6.5603529 0.7677342
OS 6.5603529 0.7514074
OS 6.5656841 0.7514074
OS 6.5664338 0.7514907
OS 6.5672668 0.7514907
OS 6.5681831 0.751574
OS 6.5690994 0.7516573
OS 6.5699324 0.7517406
OS 6.5700157 0.7517406
OS 6.5702656 0.7518239
OS 6.5706821 0.7519072
OS 6.5711819 0.7520738
OS 6.5724314 0.7526569
OS 6.5735976 0.7534066
OS 6.5736809 0.7534899
OS 6.5738475 0.7536565
OS 6.5740974 0.7538231
OS 6.5744306 0.7541563
OS 6.5751803 0.7550726
OS 6.5757634 0.7561555
OS 6.5757634 0.7562388
OS 6.5758467 0.7564054
OS 6.5760133 0.7568219
OS 6.5761799 0.7572384
OS 6.5762632 0.7579048
OS 6.5764298 0.7585712
OS 6.5765131 0.7594042
OS 6.5765131 0.7603205
OS 6.5765131 0.7604038
OS 6.5765131 0.760737
OS 6.5764298 0.7611535
OS 6.5764298 0.7616533
OS 6.5760966 0.7629028
OS 6.57593 0.7635692
OS 6.5755968 0.7642356
OS 6.5755968 0.7643189
OS 6.5754302 0.7644855
OS 6.5752636 0.7648187
OS 6.5749304 0.7651519
OS 6.5745139 0.7655684
OS 6.5740141 0.7659849
OS 6.573431 0.7664014
OS 6.5727646 0.7667346
OS 6.5726813 0.7667346
OS 6.5725147 0.7668179
OS 6.5722648 0.7669845
OS 6.5718483 0.7670678
OS 6.5708487 0.767401
OS 6.5695992 0.7675676
OS 6.569266 0.7675676
OS 6.5689328 0.7676509
OS 6.5677666 0.7676509
OS 6.5671002 0.7677342
OE
SE
S P 0
OB 6.7354141 3.593173 I
OS 6.7478258 3.593173
OS 6.7478258 3.5826772
OS 6.7080917 3.5826772
OS 6.7080917 3.593173
OS 6.7207533 3.593173
OS 6.7207533 3.6249936
OS 6.7080917 3.6249936
OS 6.7080917 3.634823
OS 6.7090913 3.634823
OS 6.709841 3.6349063
OS 6.710674 3.6349063
OS 6.7115903 3.6349896
OS 6.7135895 3.6351562
OS 6.7136728 3.6351562
OS 6.7140893 3.6352395
OS 6.7145891 3.6353228
OS 6.7151722 3.6354061
OS 6.7165883 3.6358226
OS 6.717338 3.6360725
OS 6.7180044 3.6363224
OS 6.7180877 3.6364057
OS 6.7183376 3.636489
OS 6.7186708 3.6367389
OS 6.7190873 3.6369888
OS 6.7200869 3.6378218
OS 6.7210032 3.6389047
OS 6.7210865 3.638988
OS 6.7211698 3.6392379
OS 6.7213364 3.6395711
OS 6.7215863 3.6400709
OS 6.7217529 3.640654
OS 6.7219195 3.6414037
OS 6.7220861 3.6421534
OS 6.7221694 3.6430697
OS 6.7354141 3.6430697
OS 6.7354141 3.593173
OE
OB 6.7808959 3.6440693 I
OS 6.781479 3.6440693
OS 6.7830617 3.6439027
OS 6.7847277 3.6436528
OS 6.7865603 3.6432363
OS 6.7883929 3.6427365
OS 6.7900589 3.6420701
OS 6.7901422 3.6420701
OS 6.7902255 3.6419868
OS 6.7904754 3.6418202
OS 6.7908086 3.6416536
OS 6.7915583 3.6412371
OS 6.7925579 3.6405707
OS 6.7937241 3.6396544
OS 6.7948903 3.6386548
OS 6.7961398 3.6374053
OS 6.7972227 3.6359892
OS 6.7972227 3.6359059
OS 6.797306 3.6358226
OS 6.7974726 3.6355727
OS 6.7976392 3.6352395
OS 6.798139 3.6344065
OS 6.7987221 3.6332403
OS 6.7993885 3.6318242
OS 6.8000549 3.6301582
OS 6.8007213 3.6282423
OS 6.8012211 3.6261598
OS 6.8012211 3.6260765
OS 6.8013044 3.6259099
OS 6.8013044 3.6255767
OS 6.8013877 3.6251602
OS 6.8015543 3.6245771
OS 6.8016376 3.6239107
OS 6.8017209 3.623161
OS 6.8018875 3.622328
OS 6.8019708 3.6213284
OS 6.8020541 3.6203288
OS 6.802304 3.6180797
OS 6.8023873 3.6154974
OS 6.8024706 3.6127485
OS 6.8024706 3.6126652
OS 6.8024706 3.6124153
OS 6.8024706 3.6119988
OS 6.8024706 3.6114157
OS 6.8024706 3.6107493
OS 6.8023873 3.6099996
OS 6.8023873 3.6090833
OS 6.802304 3.608167
OS 6.8021374 3.6060012
OS 6.8018875 3.6037521
OS 6.8015543 3.6013364
OS 6.8011378 3.5990873
OS 6.8011378 3.599004
OS 6.8010545 3.5988374
OS 6.8009712 3.5985042
OS 6.8008879 3.5980877
OS 6.8008046 3.5975879
OS 6.800638 3.5970048
OS 6.8001382 3.595672
OS 6.7996384 3.5941726
OS 6.7988887 3.5925066
OS 6.798139 3.5909239
OS 6.7971394 3.5893412
OS 6.7971394 3.5892579
OS 6.7970561 3.5891746
OS 6.7966396 3.5886748
OS 6.7960565 3.5880084
OS 6.7952235 3.5871754
OS 6.7942239 3.5861758
OS 6.7929744 3.5851762
OS 6.7915583 3.5842599
OS 6.7899756 3.5834269
OS 6.7898923 3.5834269
OS 6.789809 3.5833436
OS 6.7895591 3.5832603
OS 6.7892259 3.5830937
OS 6.7888094 3.5829271
OS 6.7883096 3.5827605
OS 6.7869768 3.5824273
OS 6.7854774 3.5820941
OS 6.7836448 3.5817609
OS 6.7815623 3.581511
OS 6.7792299 3.5814277
OS 6.778147 3.5814277
OS 6.7776472 3.581511
OS 6.7769808 3.581511
OS 6.7754814 3.5816776
OS 6.7738154 3.5819275
OS 6.7720661 3.5822607
OS 6.7702335 3.5827605
OS 6.7684842 3.5834269
OS 6.7684009 3.5834269
OS 6.7683176 3.5835102
OS 6.7680677 3.5836768
OS 6.7677345 3.5838434
OS 6.7669848 3.5842599
OS 6.7659019 3.5849263
OS 6.764819 3.5857593
OS 6.7635695 3.5868422
OS 6.7624033 3.5880084
OS 6.7613204 3.5894245
OS 6.7613204 3.5895078
OS 6.7612371 3.5895911
OS 6.7610705 3.589841
OS 6.7609039 3.5900909
OS 6.7604041 3.5910072
OS 6.759821 3.5920901
OS 6.7591546 3.5935062
OS 6.7584882 3.5951722
OS 6.7578218 3.5970881
OS 6.757322 3.5991706
OS 6.757322 3.5992539
OS 6.7572387 3.5994205
OS 6.7572387 3.5997537
OS 6.7571554 3.6001702
OS 6.7570721 3.6007533
OS 6.7569055 3.6014197
OS 6.7568222 3.6021694
OS 6.7567389 3.6030857
OS 6.7565723 3.604002
OS 6.756489 3.6050849
OS 6.7562391 3.607334
OS 6.7561558 3.6099163
OS 6.7560725 3.6127485
OS 6.7560725 3.6128318
OS 6.7560725 3.6130817
OS 6.7560725 3.6134982
OS 6.7560725 3.6140813
OS 6.7560725 3.6147477
OS 6.7561558 3.6155807
OS 6.7561558 3.616497
OS 6.7562391 3.6174966
OS 6.7563224 3.6195791
OS 6.7565723 3.6219115
OS 6.7568222 3.6241606
OS 6.7572387 3.6264097
OS 6.7572387 3.626493
OS 6.757322 3.6266596
OS 6.7574053 3.6269928
OS 6.7574886 3.627326
OS 6.7576552 3.6278258
OS 6.7578218 3.6284089
OS 6.7582383 3.6297417
OS 6.7588214 3.6312411
OS 6.7594878 3.6329071
OS 6.7604041 3.6345731
OS 6.7614037 3.6361558
OS 6.7614037 3.6362391
OS 6.7615703 3.6363224
OS 6.7619035 3.6368222
OS 6.7625699 3.6374886
OS 6.7634029 3.6384049
OS 6.7644025 3.6394045
OS 6.765652 3.6404041
OS 6.7670681 3.6413204
OS 6.7686508 3.6421534
OS 6.7687341 3.6421534
OS 6.7688174 3.6422367
OS 6.7690673 3.64232
OS 6.7694005 3.6424866
OS 6.7699003 3.6426532
OS 6.7704001 3.6428198
OS 6.7716496 3.643153
OS 6.773149 3.6434862
OS 6.7749816 3.6438194
OS 6.7769808 3.6440693
OS 6.7792299 3.6441526
OS 6.7803128 3.6441526
OS 6.7808959 3.6440693
OE
OB 6.6653588 3.6428198 I
OS 6.6661918 3.6428198
OS 6.6680244 3.6427365
OS 6.6700236 3.6425699
OS 6.6721061 3.64232
OS 6.6741886 3.6420701
OS 6.6744385 3.6420701
OS 6.6747717 3.6419868
OS 6.6751049 3.6419035
OS 6.6756047 3.6418202
OS 6.6761878 3.6416536
OS 6.6776039 3.6412371
OS 6.6791866 3.6407373
OS 6.6809359 3.6400709
OS 6.6827685 3.6392379
OS 6.6846011 3.638155
OS 6.6846844 3.6380717
OS 6.684851 3.6379884
OS 6.6851842 3.6377385
OS 6.6856007 3.6374886
OS 6.6861005 3.6370721
OS 6.6866836 3.6365723
OS 6.6880164 3.6354061
OS 6.6895158 3.63399
OS 6.6910152 3.6321574
OS 6.6925146 3.6301582
OS 6.6939307 3.6278258
OS 6.694014 3.6277425
OS 6.6940973 3.6275759
OS 6.6942639 3.6271594
OS 6.6945138 3.6266596
OS 6.6947637 3.6260765
OS 6.6950136 3.6253268
OS 6.6953468 3.6244938
OS 6.69568 3.6234942
OS 6.6960132 3.6224946
OS 6.6963464 3.6213284
OS 6.6965963 3.6200789
OS 6.6968462 3.6187461
OS 6.6972627 3.6158306
OS 6.6974293 3.6126652
OS 6.6974293 3.6125819
OS 6.6974293 3.612332
OS 6.6974293 3.6118322
OS 6.697346 3.6112491
OS 6.697346 3.6104994
OS 6.6972627 3.6096664
OS 6.6970961 3.6086668
OS 6.6969295 3.6076672
OS 6.696513 3.6052515
OS 6.6958466 3.6027525
OS 6.6949303 3.6001702
OS 6.6943472 3.5988374
OS 6.6936808 3.5975879
OS 6.6936808 3.5975046
OS 6.6935142 3.597338
OS 6.6933476 3.5969215
OS 6.6930144 3.596505
OS 6.6926812 3.5959219
OS 6.6922647 3.5953388
OS 6.6911818 3.5938394
OS 6.689849 3.5922567
OS 6.6882663 3.5905074
OS 6.6864337 3.5889247
OS 6.6844345 3.5874253
OS 6.6843512 3.5874253
OS 6.6841846 3.5872587
OS 6.6839347 3.5871754
OS 6.6836015 3.5869255
OS 6.683185 3.5866756
OS 6.6826852 3.5864257
OS 6.6814357 3.5857593
OS 6.679853 3.5850929
OS 6.678187 3.5845098
OS 6.6762711 3.5839267
OS 6.6741886 3.5835102
OS 6.6739387 3.5835102
OS 6.6736055 3.5834269
OS 6.6732723 3.5833436
OS 6.6726892 3.5833436
OS 6.6721061 3.5832603
OS 6.6714397 3.583177
OS 6.67069 3.5830937
OS 6.6689407 3.5829271
OS 6.6669415 3.5828438
OS 6.6647757 3.5826772
OS 6.6437008 3.5826772
OS 6.6437008 3.6429031
OS 6.6646924 3.6429031
OS 6.6653588 3.6428198
OE
OB 6.66236 3.6316576 H
OS 6.6588614 3.6316576
OS 6.6588614 3.594006
OS 6.6621101 3.594006
OS 6.6634429 3.5940893
OS 6.6662751 3.5940893
OS 6.6676079 3.5941726
OS 6.6677745 3.5941726
OS 6.668191 3.5942559
OS 6.6688574 3.5943392
OS 6.6697737 3.5945058
OS 6.6707733 3.5947557
OS 6.6719395 3.5951722
OS 6.6731057 3.595672
OS 6.6742719 3.5963384
OS 6.6743552 3.5963384
OS 6.6744385 3.5964217
OS 6.674855 3.5967549
OS 6.6755214 3.5972547
OS 6.6763544 3.5980044
OS 6.6772707 3.5989207
OS 6.678187 3.6000036
OS 6.6791033 3.6013364
OS 6.679853 3.6027525
OS 6.679853 3.6028358
OS 6.6799363 3.6029191
OS 6.6800196 3.603169
OS 6.6801862 3.6035022
OS 6.6803528 3.6039187
OS 6.6805194 3.6044185
OS 6.6808526 3.6055847
OS 6.6811858 3.6070841
OS 6.681519 3.6087501
OS 6.6817689 3.610666
OS 6.6818522 3.6128318
OS 6.6818522 3.6129151
OS 6.6818522 3.6130817
OS 6.6818522 3.6134149
OS 6.6818522 3.6138314
OS 6.6817689 3.6143312
OS 6.6817689 3.6149143
OS 6.6816023 3.6163304
OS 6.6813524 3.6179131
OS 6.6809359 3.6195791
OS 6.6804361 3.6213284
OS 6.6797697 3.6229944
OS 6.6797697 3.6230777
OS 6.6796864 3.623161
OS 6.6793532 3.6236608
OS 6.6789367 3.6244938
OS 6.6782703 3.6254101
OS 6.677354 3.626493
OS 6.6762711 3.6275759
OS 6.6750216 3.6286588
OS 6.6735222 3.6295751
OS 6.6733556 3.6296584
OS 6.6730224 3.629825
OS 6.672356 3.6301582
OS 6.6716063 3.6304914
OS 6.6706067 3.6308246
OS 6.6695238 3.6311578
OS 6.6683576 3.6313244
OS 6.6671081 3.631491
OS 6.666525 3.631491
OS 6.6657753 3.6315743
OS 6.6636928 3.6315743
OS 6.66236 3.6316576
OE
OB 6.7792299 3.6330737 H
OS 6.7790633 3.6330737
OS 6.7785635 3.6329904
OS 6.7777305 3.6328238
OS 6.7768142 3.6324906
OS 6.7758146 3.6319908
OS 6.774815 3.6311578
OS 6.7743152 3.630658
OS 6.7738987 3.6299916
OS 6.7733989 3.6293252
OS 6.7730657 3.6284922
OS 6.7730657 3.6284089
OS 6.7729824 3.6282423
OS 6.7728991 3.6279924
OS 6.7728158 3.6275759
OS 6.7726492 3.6270761
OS 6.7724826 3.626493
OS 6.772316 3.6257433
OS 6.7721494 3.624827
OS 6.7719828 3.6238274
OS 6.7718162 3.6226612
OS 6.7716496 3.6214117
OS 6.771483 3.6199956
OS 6.7713997 3.6184129
OS 6.7713164 3.6166636
OS 6.7712331 3.6147477
OS 6.7712331 3.6127485
OS 6.7712331 3.6126652
OS 6.7712331 3.6122487
OS 6.7712331 3.6116656
OS 6.7712331 3.6109159
OS 6.7713164 3.6100829
OS 6.7713164 3.609
OS 6.7713997 3.6078338
OS 6.771483 3.6066676
OS 6.7716496 3.6040853
OS 6.7719828 3.601503
OS 6.7722327 3.6002535
OS 6.7724826 3.5990873
OS 6.7727325 3.5980044
OS 6.7730657 3.5970881
OS 6.7730657 3.5970048
OS 6.773149 3.5969215
OS 6.7733989 3.5963384
OS 6.7738987 3.595672
OS 6.7745651 3.594839
OS 6.7753981 3.5939227
OS 6.776481 3.5932563
OS 6.7777305 3.5926732
OS 6.7784802 3.5925899
OS 6.7792299 3.5925066
OS 6.7793965 3.5925066
OS 6.7799796 3.5925899
OS 6.7807293 3.5927565
OS 6.7816456 3.5930897
OS 6.7826452 3.5935895
OS 6.7836448 3.5944225
OS 6.7841446 3.5950056
OS 6.7846444 3.5955887
OS 6.7850609 3.5962551
OS 6.7853941 3.5970881
OS 6.7853941 3.5971714
OS 6.7854774 3.597338
OS 6.7855607 3.5975879
OS 6.7857273 3.5980044
OS 6.7858106 3.5985042
OS 6.7859772 3.5990873
OS 6.7861438 3.5999203
OS 6.7863937 3.6007533
OS 6.7865603 3.6017529
OS 6.7867269 3.6029191
OS 6.7868935 3.6041686
OS 6.7869768 3.605668
OS 6.7871434 3.6071674
OS 6.7872267 3.6089167
OS 6.78731 3.6107493
OS 6.78731 3.6127485
OS 6.78731 3.6129151
OS 6.78731 3.6132483
OS 6.78731 3.6138314
OS 6.78731 3.6145811
OS 6.7872267 3.6154974
OS 6.7872267 3.6165803
OS 6.7871434 3.6176632
OS 6.7870601 3.6189127
OS 6.7868102 3.6215783
OS 6.786477 3.6241606
OS 6.7863104 3.6254101
OS 6.7860605 3.626493
OS 6.7857273 3.6275759
OS 6.7853941 3.6284922
OS 6.7853941 3.6285755
OS 6.7853108 3.6286588
OS 6.7850609 3.6292419
OS 6.7845611 3.6299083
OS 6.783978 3.6308246
OS 6.7830617 3.6316576
OS 6.7820621 3.632324
OS 6.7807293 3.6329071
OS 6.7799796 3.6329904
OS 6.7792299 3.6330737
OE
SE
S P 0
OB 6.7466113 3.8116769 I
OS 6.759023 3.8116769
OS 6.759023 3.8011811
OS 6.7192889 3.8011811
OS 6.7192889 3.8116769
OS 6.7319505 3.8116769
OS 6.7319505 3.8434975
OS 6.7192889 3.8434975
OS 6.7192889 3.8533269
OS 6.7202885 3.8533269
OS 6.7210382 3.8534102
OS 6.7218712 3.8534102
OS 6.7227875 3.8534935
OS 6.7247867 3.8536601
OS 6.72487 3.8536601
OS 6.7252865 3.8537434
OS 6.7257863 3.8538267
OS 6.7263694 3.85391
OS 6.7277855 3.8543265
OS 6.7285352 3.8545764
OS 6.7292016 3.8548263
OS 6.7292849 3.8549096
OS 6.7295348 3.8549929
OS 6.729868 3.8552428
OS 6.7302845 3.8554927
OS 6.7312841 3.8563257
OS 6.7322004 3.8574086
OS 6.7322837 3.8574919
OS 6.732367 3.8577418
OS 6.7325336 3.858075
OS 6.7327835 3.8585748
OS 6.7329501 3.8591579
OS 6.7331167 3.8599076
OS 6.7332833 3.8606573
OS 6.7333666 3.8615736
OS 6.7466113 3.8615736
OS 6.7466113 3.8116769
OE
OB 6.7920931 3.8625732 I
OS 6.7926762 3.8625732
OS 6.7942589 3.8624066
OS 6.7959249 3.8621567
OS 6.7977575 3.8617402
OS 6.7995901 3.8612404
OS 6.8012561 3.860574
OS 6.8013394 3.860574
OS 6.8014227 3.8604907
OS 6.8016726 3.8603241
OS 6.8020058 3.8601575
OS 6.8027555 3.859741
OS 6.8037551 3.8590746
OS 6.8049213 3.8581583
OS 6.8060875 3.8571587
OS 6.807337 3.8559092
OS 6.8084199 3.8544931
OS 6.8084199 3.8544098
OS 6.8085032 3.8543265
OS 6.8086698 3.8540766
OS 6.8088364 3.8537434
OS 6.8093362 3.8529104
OS 6.8099193 3.8517442
OS 6.8105857 3.8503281
OS 6.8112521 3.8486621
OS 6.8119185 3.8467462
OS 6.8124183 3.8446637
OS 6.8124183 3.8445804
OS 6.8125016 3.8444138
OS 6.8125016 3.8440806
OS 6.8125849 3.8436641
OS 6.8127515 3.843081
OS 6.8128348 3.8424146
OS 6.8129181 3.8416649
OS 6.8130847 3.8408319
OS 6.813168 3.8398323
OS 6.8132513 3.8388327
OS 6.8135012 3.8365836
OS 6.8135845 3.8340013
OS 6.8136678 3.8312524
OS 6.8136678 3.8311691
OS 6.8136678 3.8309192
OS 6.8136678 3.8305027
OS 6.8136678 3.8299196
OS 6.8136678 3.8292532
OS 6.8135845 3.8285035
OS 6.8135845 3.8275872
OS 6.8135012 3.8266709
OS 6.8133346 3.8245051
OS 6.8130847 3.822256
OS 6.8127515 3.8198403
OS 6.812335 3.8175912
OS 6.812335 3.8175079
OS 6.8122517 3.8173413
OS 6.8121684 3.8170081
OS 6.8120851 3.8165916
OS 6.8120018 3.8160918
OS 6.8118352 3.8155087
OS 6.8113354 3.8141759
OS 6.8108356 3.8126765
OS 6.8100859 3.8110105
OS 6.8093362 3.8094278
OS 6.8083366 3.8078451
OS 6.8083366 3.8077618
OS 6.8082533 3.8076785
OS 6.8078368 3.8071787
OS 6.8072537 3.8065123
OS 6.8064207 3.8056793
OS 6.8054211 3.8046797
OS 6.8041716 3.8036801
OS 6.8027555 3.8027638
OS 6.8011728 3.8019308
OS 6.8010895 3.8019308
OS 6.8010062 3.8018475
OS 6.8007563 3.8017642
OS 6.8004231 3.8015976
OS 6.8000066 3.801431
OS 6.7995068 3.8012644
OS 6.798174 3.8009312
OS 6.7966746 3.800598
OS 6.794842 3.8002648
OS 6.7927595 3.8000149
OS 6.7904271 3.7999316
OS 6.7893442 3.7999316
OS 6.7888444 3.8000149
OS 6.788178 3.8000149
OS 6.7866786 3.8001815
OS 6.7850126 3.8004314
OS 6.7832633 3.8007646
OS 6.7814307 3.8012644
OS 6.7796814 3.8019308
OS 6.7795981 3.8019308
OS 6.7795148 3.8020141
OS 6.7792649 3.8021807
OS 6.7789317 3.8023473
OS 6.778182 3.8027638
OS 6.7770991 3.8034302
OS 6.7760162 3.8042632
OS 6.7747667 3.8053461
OS 6.7736005 3.8065123
OS 6.7725176 3.8079284
OS 6.7725176 3.8080117
OS 6.7724343 3.808095
OS 6.7722677 3.8083449
OS 6.7721011 3.8085948
OS 6.7716013 3.8095111
OS 6.7710182 3.810594
OS 6.7703518 3.8120101
OS 6.7696854 3.8136761
OS 6.769019 3.815592
OS 6.7685192 3.8176745
OS 6.7685192 3.8177578
OS 6.7684359 3.8179244
OS 6.7684359 3.8182576
OS 6.7683526 3.8186741
OS 6.7682693 3.8192572
OS 6.7681027 3.8199236
OS 6.7680194 3.8206733
OS 6.7679361 3.8215896
OS 6.7677695 3.8225059
OS 6.7676862 3.8235888
OS 6.7674363 3.8258379
OS 6.767353 3.8284202
OS 6.7672697 3.8312524
OS 6.7672697 3.8313357
OS 6.7672697 3.8315856
OS 6.7672697 3.8320021
OS 6.7672697 3.8325852
OS 6.7672697 3.8332516
OS 6.767353 3.8340846
OS 6.767353 3.8350009
OS 6.7674363 3.8360005
OS 6.7675196 3.838083
OS 6.7677695 3.8404154
OS 6.7680194 3.8426645
OS 6.7684359 3.8449136
OS 6.7684359 3.8449969
OS 6.7685192 3.8451635
OS 6.7686025 3.8454967
OS 6.7686858 3.8458299
OS 6.7688524 3.8463297
OS 6.769019 3.8469128
OS 6.7694355 3.8482456
OS 6.7700186 3.849745
OS 6.770685 3.851411
OS 6.7716013 3.853077
OS 6.7726009 3.8546597
OS 6.7726009 3.854743
OS 6.7727675 3.8548263
OS 6.7731007 3.8553261
OS 6.7737671 3.8559925
OS 6.7746001 3.8569088
OS 6.7755997 3.8579084
OS 6.7768492 3.858908
OS 6.7782653 3.8598243
OS 6.779848 3.8606573
OS 6.7799313 3.8606573
OS 6.7800146 3.8607406
OS 6.7802645 3.8608239
OS 6.7805977 3.8609905
OS 6.7810975 3.8611571
OS 6.7815973 3.8613237
OS 6.7828468 3.8616569
OS 6.7843462 3.8619901
OS 6.7861788 3.8623233
OS 6.788178 3.8625732
OS 6.7904271 3.8626565
OS 6.79151 3.8626565
OS 6.7920931 3.8625732
OE
OB 6.6846361 3.8613237 I
OS 6.6859689 3.8612404
OS 6.687385 3.8611571
OS 6.6888844 3.8609905
OS 6.6903005 3.8607406
OS 6.6904671 3.8607406
OS 6.6909669 3.860574
OS 6.6916333 3.8604074
OS 6.6925496 3.8601575
OS 6.6936325 3.8598243
OS 6.6947987 3.8594078
OS 6.6960482 3.8588247
OS 6.6972144 3.8581583
OS 6.697381 3.858075
OS 6.6977142 3.8578251
OS 6.6983806 3.8573253
OS 6.699047 3.8567422
OS 6.69988 3.8559925
OS 6.7007963 3.8550762
OS 6.7016293 3.8540766
OS 6.702379 3.8529104
OS 6.7024623 3.8527438
OS 6.7027122 3.8523273
OS 6.7029621 3.8516609
OS 6.7033786 3.8507446
OS 6.7037118 3.8495784
OS 6.7039617 3.8481623
OS 6.7042116 3.8465796
OS 6.7042949 3.8448303
OS 6.7042949 3.844747
OS 6.7042949 3.8444971
OS 6.7042949 3.8441639
OS 6.7042116 3.8436641
OS 6.7042116 3.843081
OS 6.7041283 3.8424146
OS 6.7038784 3.8408319
OS 6.7035452 3.8390826
OS 6.7029621 3.8371667
OS 6.7022124 3.8353341
OS 6.7011295 3.8335848
OS 6.7011295 3.8335015
OS 6.7009629 3.8334182
OS 6.7007963 3.8331683
OS 6.7005464 3.8328351
OS 6.69988 3.8320854
OS 6.6989637 3.8310858
OS 6.6977142 3.8300029
OS 6.6962981 3.82892
OS 6.6946321 3.8277538
OS 6.6927995 3.8267542
OS 6.7131247 3.8011811
OS 6.6946321 3.8011811
OS 6.6778888 3.8232556
OS 6.6725576 3.8232556
OS 6.6725576 3.8011811
OS 6.6574803 3.8011811
OS 6.6574803 3.861407
OS 6.6833866 3.861407
OS 6.6846361 3.8613237
OE
OB 6.6793049 3.8504114 H
OS 6.6725576 3.8504114
OS 6.6725576 3.8340846
OS 6.6778888 3.8340846
OS 6.6786385 3.8341679
OS 6.6794715 3.8341679
OS 6.6803878 3.8342512
OS 6.6813041 3.8343345
OS 6.6821371 3.8344178
OS 6.6822204 3.8344178
OS 6.6824703 3.8345011
OS 6.6828868 3.8345844
OS 6.6833866 3.834751
OS 6.6846361 3.8353341
OS 6.6858023 3.8360838
OS 6.6858856 3.8361671
OS 6.6860522 3.8363337
OS 6.6863021 3.8365003
OS 6.6866353 3.8368335
OS 6.687385 3.8377498
OS 6.6879681 3.8388327
OS 6.6879681 3.838916
OS 6.6880514 3.8390826
OS 6.688218 3.8394991
OS 6.6883846 3.8399156
OS 6.6884679 3.840582
OS 6.6886345 3.8412484
OS 6.6887178 3.8420814
OS 6.6887178 3.8429977
OS 6.6887178 3.843081
OS 6.6887178 3.8434142
OS 6.6886345 3.8438307
OS 6.6886345 3.8443305
OS 6.6883013 3.84558
OS 6.6881347 3.8462464
OS 6.6878015 3.8469128
OS 6.6878015 3.8469961
OS 6.6876349 3.8471627
OS 6.6874683 3.8474959
OS 6.6871351 3.8478291
OS 6.6867186 3.8482456
OS 6.6862188 3.8486621
OS 6.6856357 3.8490786
OS 6.6849693 3.8494118
OS 6.684886 3.8494118
OS 6.6847194 3.8494951
OS 6.6844695 3.8496617
OS 6.684053 3.849745
OS 6.6830534 3.8500782
OS 6.6818039 3.8502448
OS 6.6814707 3.8502448
OS 6.6811375 3.8503281
OS 6.6799713 3.8503281
OS 6.6793049 3.8504114
OE
OB 6.7904271 3.8515776 H
OS 6.7902605 3.8515776
OS 6.7897607 3.8514943
OS 6.7889277 3.8513277
OS 6.7880114 3.8509945
OS 6.7870118 3.8504947
OS 6.7860122 3.8496617
OS 6.7855124 3.8491619
OS 6.7850959 3.8484955
OS 6.7845961 3.8478291
OS 6.7842629 3.8469961
OS 6.7842629 3.8469128
OS 6.7841796 3.8467462
OS 6.7840963 3.8464963
OS 6.784013 3.8460798
OS 6.7838464 3.84558
OS 6.7836798 3.8449969
OS 6.7835132 3.8442472
OS 6.7833466 3.8433309
OS 6.78318 3.8423313
OS 6.7830134 3.8411651
OS 6.7828468 3.8399156
OS 6.7826802 3.8384995
OS 6.7825969 3.8369168
OS 6.7825136 3.8351675
OS 6.7824303 3.8332516
OS 6.7824303 3.8312524
OS 6.7824303 3.8311691
OS 6.7824303 3.8307526
OS 6.7824303 3.8301695
OS 6.7824303 3.8294198
OS 6.7825136 3.8285868
OS 6.7825136 3.8275039
OS 6.7825969 3.8263377
OS 6.7826802 3.8251715
OS 6.7828468 3.8225892
OS 6.78318 3.8200069
OS 6.7834299 3.8187574
OS 6.7836798 3.8175912
OS 6.7839297 3.8165083
OS 6.7842629 3.815592
OS 6.7842629 3.8155087
OS 6.7843462 3.8154254
OS 6.7845961 3.8148423
OS 6.7850959 3.8141759
OS 6.7857623 3.8133429
OS 6.7865953 3.8124266
OS 6.7876782 3.8117602
OS 6.7889277 3.8111771
OS 6.7896774 3.8110938
OS 6.7904271 3.8110105
OS 6.7905937 3.8110105
OS 6.7911768 3.8110938
OS 6.7919265 3.8112604
OS 6.7928428 3.8115936
OS 6.7938424 3.8120934
OS 6.794842 3.8129264
OS 6.7953418 3.8135095
OS 6.7958416 3.8140926
OS 6.7962581 3.814759
OS 6.7965913 3.815592
OS 6.7965913 3.8156753
OS 6.7966746 3.8158419
OS 6.7967579 3.8160918
OS 6.7969245 3.8165083
OS 6.7970078 3.8170081
OS 6.7971744 3.8175912
OS 6.797341 3.8184242
OS 6.7975909 3.8192572
OS 6.7977575 3.8202568
OS 6.7979241 3.821423
OS 6.7980907 3.8226725
OS 6.798174 3.8241719
OS 6.7983406 3.8256713
OS 6.7984239 3.8274206
OS 6.7985072 3.8292532
OS 6.7985072 3.8312524
OS 6.7985072 3.831419
OS 6.7985072 3.8317522
OS 6.7985072 3.8323353
OS 6.7985072 3.833085
OS 6.7984239 3.8340013
OS 6.7984239 3.8350842
OS 6.7983406 3.8361671
OS 6.7982573 3.8374166
OS 6.7980074 3.8400822
OS 6.7976742 3.8426645
OS 6.7975076 3.843914
OS 6.7972577 3.8449969
OS 6.7969245 3.8460798
OS 6.7965913 3.8469961
OS 6.7965913 3.8470794
OS 6.796508 3.8471627
OS 6.7962581 3.8477458
OS 6.7957583 3.8484122
OS 6.7951752 3.8493285
OS 6.7942589 3.8501615
OS 6.7932593 3.8508279
OS 6.7919265 3.851411
OS 6.7911768 3.8514943
OS 6.7904271 3.8515776
OE
SE
S P 0
OB 6.7082582 3.9735283 I
OS 6.709591 3.973445
OS 6.7110071 3.9733617
OS 6.7125065 3.9731951
OS 6.7139226 3.9729452
OS 6.7140892 3.9729452
OS 6.714589 3.9727786
OS 6.7152554 3.972612
OS 6.7161717 3.9723621
OS 6.7172546 3.9720289
OS 6.7184208 3.9716124
OS 6.7196703 3.9710293
OS 6.7208365 3.9703629
OS 6.7210031 3.9702796
OS 6.7213363 3.9700297
OS 6.7220027 3.9695299
OS 6.7226691 3.9689468
OS 6.7235021 3.9681971
OS 6.7244184 3.9672808
OS 6.7252514 3.9662812
OS 6.7260011 3.965115
OS 6.7260844 3.9649484
OS 6.7263343 3.9645319
OS 6.7265842 3.9638655
OS 6.7270007 3.9629492
OS 6.7273339 3.961783
OS 6.7275838 3.9603669
OS 6.7278337 3.9587842
OS 6.727917 3.9570349
OS 6.727917 3.9569516
OS 6.727917 3.9567017
OS 6.727917 3.9563685
OS 6.7278337 3.9558687
OS 6.7278337 3.9552856
OS 6.7277504 3.9546192
OS 6.7275005 3.9530365
OS 6.7271673 3.9512872
OS 6.7265842 3.9493713
OS 6.7258345 3.9475387
OS 6.7247516 3.9457894
OS 6.7247516 3.9457061
OS 6.724585 3.9456228
OS 6.7244184 3.9453729
OS 6.7241685 3.9450397
OS 6.7235021 3.94429
OS 6.7225858 3.9432904
OS 6.7213363 3.9422075
OS 6.7199202 3.9411246
OS 6.7182542 3.9399584
OS 6.7164216 3.9389588
OS 6.7367468 3.9133857
OS 6.7182542 3.9133857
OS 6.7015109 3.9354602
OS 6.6961797 3.9354602
OS 6.6961797 3.9133857
OS 6.6811024 3.9133857
OS 6.6811024 3.9736116
OS 6.7070087 3.9736116
OS 6.7082582 3.9735283
OE
OB 6.7634028 3.9747778 I
OS 6.7647356 3.9746945
OS 6.766235 3.9745279
OS 6.767901 3.9743613
OS 6.769567 3.9740281
OS 6.7711497 3.9736116
OS 6.771233 3.9736116
OS 6.7713163 3.9735283
OS 6.7718161 3.9733617
OS 6.7726491 3.9731118
OS 6.7735654 3.9727786
OS 6.7746483 3.9723621
OS 6.7758145 3.9718623
OS 6.7768974 3.9711959
OS 6.7779803 3.9705295
OS 6.7780636 3.9704462
OS 6.7783968 3.9701963
OS 6.7788966 3.9697798
OS 6.779563 3.9691967
OS 6.7802294 3.968447
OS 6.7808958 3.967614
OS 6.7815622 3.9666977
OS 6.7821453 3.9656981
OS 6.7822286 3.9655315
OS 6.7823952 3.9651983
OS 6.7826451 3.9646152
OS 6.782895 3.9638655
OS 6.7831449 3.9629492
OS 6.7833948 3.9619496
OS 6.7835614 3.9607834
OS 6.7836447 3.9596172
OS 6.7836447 3.9595339
OS 6.7836447 3.9594506
OS 6.7836447 3.9592007
OS 6.7836447 3.9588675
OS 6.7834781 3.9581178
OS 6.7833115 3.9570349
OS 6.7830616 3.9558687
OS 6.7825618 3.9545359
OS 6.7819787 3.9532031
OS 6.7811457 3.9518703
OS 6.7810624 3.9517037
OS 6.7806459 3.9512872
OS 6.7800628 3.9507041
OS 6.7792298 3.9498711
OS 6.7781469 3.9489548
OS 6.7768974 3.9480385
OS 6.7753147 3.9470389
OS 6.7734821 3.9461226
OS 6.7734821 3.9458727
OS 6.7735654 3.9458727
OS 6.773732 3.9457894
OS 6.7740652 3.9456228
OS 6.7744817 3.9454562
OS 6.7749815 3.9452063
OS 6.7755646 3.9448731
OS 6.7768141 3.9442067
OS 6.7783135 3.9432071
OS 6.7797296 3.9421242
OS 6.7811457 3.9408747
OS 6.7823119 3.9394586
OS 6.7823119 3.9393753
OS 6.7823952 3.939292
OS 6.7825618 3.9390421
OS 6.7827284 3.9387922
OS 6.7832282 3.9379592
OS 6.783728 3.936793
OS 6.7842278 3.9354602
OS 6.7847276 3.9338775
OS 6.7850608 3.9320449
OS 6.7851441 3.9300457
OS 6.7851441 3.9298791
OS 6.7851441 3.9293793
OS 6.7850608 3.9286296
OS 6.7849775 3.9277133
OS 6.7847276 3.9266304
OS 6.7844777 3.9253809
OS 6.7840612 3.9241314
OS 6.7834781 3.9228819
OS 6.7833948 3.9227153
OS 6.7831449 3.9222988
OS 6.7828117 3.9217157
OS 6.7823119 3.9208827
OS 6.7816455 3.9200497
OS 6.7808125 3.9190501
OS 6.7798962 3.9180505
OS 6.7788133 3.9171342
OS 6.7786467 3.9170509
OS 6.7783135 3.9167177
OS 6.7776471 3.9163012
OS 6.7767308 3.9157181
OS 6.7756479 3.915135
OS 6.7743984 3.9144686
OS 6.772899 3.9138855
OS 6.7713163 3.9133024
OS 6.771233 3.9133024
OS 6.7711497 3.9132191
OS 6.7708998 3.9132191
OS 6.7705666 3.9131358
OS 6.7701501 3.9129692
OS 6.7696503 3.9128859
OS 6.7684008 3.912636
OS 6.7669014 3.9123861
OS 6.7652354 3.9122195
OS 6.7633195 3.9120529
OS 6.761237 3.9119696
OS 6.7602374 3.9119696
OS 6.7596543 3.9120529
OS 6.7590712 3.9120529
OS 6.7576551 3.9121362
OS 6.7559891 3.9123028
OS 6.7541565 3.9125527
OS 6.7523239 3.9128859
OS 6.7505746 3.9133857
OS 6.7504913 3.9133857
OS 6.750408 3.913469
OS 6.7501581 3.9135523
OS 6.7498249 3.9136356
OS 6.7489919 3.9139688
OS 6.7479923 3.9143853
OS 6.7468261 3.9148851
OS 6.7455766 3.9155515
OS 6.7443271 3.9163012
OS 6.7431609 3.9171342
OS 6.7429943 3.9172175
OS 6.7426611 3.9175507
OS 6.7421613 3.9180505
OS 6.7415782 3.9187169
OS 6.7408285 3.9195499
OS 6.7401621 3.9204662
OS 6.7394957 3.9215491
OS 6.7389126 3.9227153
OS 6.7388293 3.9228819
OS 6.738746 3.9232984
OS 6.7384961 3.9239648
OS 6.7382462 3.9247978
OS 6.7379963 3.9257974
OS 6.7378297 3.9269636
OS 6.7376631 3.9282131
OS 6.7375798 3.9295459
OS 6.7375798 3.9296292
OS 6.7375798 3.9297958
OS 6.7375798 3.9300457
OS 6.7376631 3.9303789
OS 6.7377464 3.9313785
OS 6.737913 3.9325447
OS 6.7382462 3.9338775
OS 6.738746 3.9353769
OS 6.7394957 3.936793
OS 6.740412 3.9381258
OS 6.7405786 3.9382924
OS 6.7409118 3.9387089
OS 6.7415782 3.939292
OS 6.7424945 3.940125
OS 6.7436607 3.9410413
OS 6.7450768 3.9419576
OS 6.7467428 3.9429572
OS 6.7486587 3.9438735
OS 6.7486587 3.9441234
OS 6.7485754 3.9441234
OS 6.7484088 3.9442067
OS 6.7481589 3.9443733
OS 6.7478257 3.9446232
OS 6.7468261 3.945123
OS 6.7457432 3.9458727
OS 6.7444937 3.946789
OS 6.7432442 3.9478719
OS 6.7421613 3.9490381
OS 6.741245 3.9503709
OS 6.741245 3.9504542
OS 6.7411617 3.9505375
OS 6.7409118 3.9510373
OS 6.7405786 3.951787
OS 6.7402454 3.9527866
OS 6.7398289 3.9540361
OS 6.7394957 3.9553689
OS 6.7392458 3.9569516
OS 6.7391625 3.9586176
OS 6.7391625 3.9587842
OS 6.7391625 3.9592007
OS 6.7392458 3.9597838
OS 6.7393291 3.9606168
OS 6.7394957 3.9615331
OS 6.7397456 3.962616
OS 6.7400788 3.9636989
OS 6.7405786 3.9647818
OS 6.7406619 3.9649484
OS 6.7408285 3.9652816
OS 6.7411617 3.9658647
OS 6.7416615 3.9665311
OS 6.7422446 3.9673641
OS 6.7429943 3.9681971
OS 6.7439106 3.9691134
OS 6.7449102 3.9700297
OS 6.7450768 3.970113
OS 6.74541 3.9703629
OS 6.7459931 3.9707794
OS 6.7468261 3.9712792
OS 6.7478257 3.9718623
OS 6.7489919 3.9724454
OS 6.750408 3.9730285
OS 6.7519074 3.9735283
OS 6.7519907 3.9735283
OS 6.752074 3.9736116
OS 6.7523239 3.9736949
OS 6.7526571 3.9737782
OS 6.7534901 3.9739448
OS 6.7546563 3.9741947
OS 6.7560724 3.9744446
OS 6.7577384 3.9746945
OS 6.7594877 3.9747778
OS 6.7614036 3.9748611
OS 6.7628197 3.9748611
OS 6.7634028 3.9747778
OE
OB 6.756239 3.9404582 H
OS 6.7561557 3.9403749
OS 6.7559891 3.9402083
OS 6.7556559 3.9398751
OS 6.7553227 3.9393753
OS 6.7548229 3.9387922
OS 6.7544064 3.9381258
OS 6.7539066 3.9373761
OS 6.7534068 3.9365431
OS 6.7533235 3.9364598
OS 6.7532402 3.9361266
OS 6.7530736 3.9357101
OS 6.7528237 3.9350437
OS 6.7525738 3.934294
OS 6.7524072 3.933461
OS 6.7523239 3.9324614
OS 6.7522406 3.9314618
OS 6.7522406 3.9313785
OS 6.7522406 3.9312952
OS 6.7523239 3.9307954
OS 6.7524072 3.9300457
OS 6.7525738 3.9290461
OS 6.752907 3.9280465
OS 6.7534068 3.9268803
OS 6.7539899 3.9257974
OS 6.7549062 3.9247978
OS 6.7550728 3.9247145
OS 6.755406 3.9243813
OS 6.7559891 3.9240481
OS 6.7568221 3.9235483
OS 6.7578217 3.9231318
OS 6.7589879 3.9227153
OS 6.7603207 3.9223821
OS 6.7619034 3.9222988
OS 6.7623199 3.9222988
OS 6.7626531 3.9223821
OS 6.7634861 3.9224654
OS 6.764569 3.922632
OS 6.7646523 3.922632
OS 6.7648189 3.9227153
OS 6.7651521 3.9227986
OS 6.7654853 3.9229652
OS 6.7664016 3.9232984
OS 6.7673179 3.9237982
OS 6.7674012 3.9238815
OS 6.7675678 3.9239648
OS 6.7680676 3.9244646
OS 6.768734 3.925131
OS 6.7694004 3.9260473
OS 6.7694004 3.9261306
OS 6.769567 3.9262972
OS 6.7696503 3.9265471
OS 6.7698169 3.9269636
OS 6.7699835 3.9273801
OS 6.7700668 3.9279632
OS 6.7702334 3.9286296
OS 6.7702334 3.9293793
OS 6.7702334 3.9295459
OS 6.7702334 3.9298791
OS 6.7701501 3.9303789
OS 6.7700668 3.9310453
OS 6.7699002 3.931795
OS 6.7696503 3.9325447
OS 6.7693171 3.9332944
OS 6.7689006 3.9339608
OS 6.7688173 3.9340441
OS 6.7686507 3.9342107
OS 6.7683175 3.9345439
OS 6.7677344 3.9349604
OS 6.767068 3.9355435
OS 6.7661517 3.9361266
OS 6.7649855 3.936793
OS 6.7635694 3.9374594
OS 6.7634861 3.9374594
OS 6.7633195 3.9375427
OS 6.7630696 3.9377093
OS 6.7627364 3.9378759
OS 6.7622366 3.9380425
OS 6.7616535 3.9382924
OS 6.7609871 3.9385423
OS 6.7601541 3.9388755
OS 6.7600708 3.9389588
OS 6.7598209 3.9390421
OS 6.7594044 3.9392087
OS 6.7588213 3.9394586
OS 6.7575718 3.9399584
OS 6.756239 3.9404582
OE
OB 6.702927 3.962616 H
OS 6.6961797 3.962616
OS 6.6961797 3.9462892
OS 6.7015109 3.9462892
OS 6.7022606 3.9463725
OS 6.7030936 3.9463725
OS 6.7040099 3.9464558
OS 6.7049262 3.9465391
OS 6.7057592 3.9466224
OS 6.7058425 3.9466224
OS 6.7060924 3.9467057
OS 6.7065089 3.946789
OS 6.7070087 3.9469556
OS 6.7082582 3.9475387
OS 6.7094244 3.9482884
OS 6.7095077 3.9483717
OS 6.7096743 3.9485383
OS 6.7099242 3.9487049
OS 6.7102574 3.9490381
OS 6.7110071 3.9499544
OS 6.7115902 3.9510373
OS 6.7115902 3.9511206
OS 6.7116735 3.9512872
OS 6.7118401 3.9517037
OS 6.7120067 3.9521202
OS 6.71209 3.9527866
OS 6.7122566 3.953453
OS 6.7123399 3.954286
OS 6.7123399 3.9552023
OS 6.7123399 3.9552856
OS 6.7123399 3.9556188
OS 6.7122566 3.9560353
OS 6.7122566 3.9565351
OS 6.7119234 3.9577846
OS 6.7117568 3.958451
OS 6.7114236 3.9591174
OS 6.7114236 3.9592007
OS 6.711257 3.9593673
OS 6.7110904 3.9597005
OS 6.7107572 3.9600337
OS 6.7103407 3.9604502
OS 6.7098409 3.9608667
OS 6.7092578 3.9612832
OS 6.7085914 3.9616164
OS 6.7085081 3.9616164
OS 6.7083415 3.9616997
OS 6.7080916 3.9618663
OS 6.7076751 3.9619496
OS 6.7066755 3.9622828
OS 6.705426 3.9624494
OS 6.7050928 3.9624494
OS 6.7047596 3.9625327
OS 6.7035934 3.9625327
OS 6.702927 3.962616
OE
OB 6.7614036 3.9646152 H
OS 6.7609038 3.9646152
OS 6.7602374 3.9645319
OS 6.7594877 3.9644486
OS 6.7586547 3.9641987
OS 6.7578217 3.9639488
OS 6.7569054 3.9635323
OS 6.7560724 3.9629492
OS 6.7559891 3.9628659
OS 6.7557392 3.962616
OS 6.755406 3.9622828
OS 6.7550728 3.961783
OS 6.7547396 3.9611999
OS 6.7544064 3.9605335
OS 6.7541565 3.9597005
OS 6.7540732 3.9588675
OS 6.7540732 3.9587842
OS 6.7540732 3.958451
OS 6.7541565 3.9580345
OS 6.7542398 3.9574514
OS 6.754573 3.9562019
OS 6.7548229 3.9555355
OS 6.7552394 3.9549524
OS 6.7553227 3.9548691
OS 6.7554893 3.9547025
OS 6.7557392 3.9544526
OS 6.7561557 3.9540361
OS 6.7567388 3.9536196
OS 6.7574052 3.9532031
OS 6.7581549 3.9527033
OS 6.7590712 3.9522035
OS 6.7591545 3.9522035
OS 6.7593211 3.9521202
OS 6.7594877 3.9520369
OS 6.7598209 3.9518703
OS 6.7606539 3.9515371
OS 6.7617368 3.9510373
OS 6.7618201 3.9510373
OS 6.7619867 3.950954
OS 6.7624032 3.9507874
OS 6.7628197 3.9506208
OS 6.7634861 3.9503709
OS 6.7641525 3.950121
OS 6.7649855 3.9497878
OS 6.7659018 3.9494546
OS 6.7659851 3.9495379
OS 6.7661517 3.9497878
OS 6.7664849 3.9502043
OS 6.7668181 3.9507041
OS 6.7671513 3.9513705
OS 6.7675678 3.9520369
OS 6.7682342 3.953453
OS 6.7682342 3.9535363
OS 6.7683175 3.9537862
OS 6.7684841 3.9542027
OS 6.7686507 3.9547025
OS 6.768734 3.9553689
OS 6.7689006 3.9561186
OS 6.7689839 3.9569516
OS 6.7689839 3.9578679
OS 6.7689839 3.9580345
OS 6.7689839 3.9583677
OS 6.7689006 3.9589508
OS 6.768734 3.9596172
OS 6.7684841 3.9603669
OS 6.7680676 3.9611999
OS 6.7675678 3.9619496
OS 6.7669014 3.9626993
OS 6.7668181 3.9627826
OS 6.7665682 3.9630325
OS 6.7660684 3.9632824
OS 6.7654853 3.9636989
OS 6.7646523 3.9640321
OS 6.763736 3.964282
OS 6.7626531 3.9645319
OS 6.7614036 3.9646152
OE
SE
S P 0
OB 6.8556879 4.0665457 I
OS 6.8566042 4.0665457
OS 6.8575205 4.0664624
OS 6.8596863 4.0662125
OS 6.8598529 4.0662125
OS 6.8601861 4.0661292
OS 6.8606859 4.0660459
OS 6.8613523 4.0659626
OS 6.8626851 4.065796
OS 6.8633515 4.0656294
OS 6.8638513 4.0655461
OS 6.8638513 4.0538008
OS 6.8626018 4.0538008
OS 6.8625185 4.0538841
OS 6.8622686 4.0539674
OS 6.8618521 4.054134
OS 6.8614356 4.0543006
OS 6.8608525 4.0544672
OS 6.8601028 4.0547171
OS 6.8592698 4.054967
OS 6.8591865 4.054967
OS 6.8588533 4.0550503
OS 6.8583535 4.0552169
OS 6.8576871 4.0553002
OS 6.8568541 4.0554668
OS 6.8559378 4.0555501
OS 6.8548549 4.0556334
OS 6.8530223 4.0556334
OS 6.8525225 4.0555501
OS 6.8519394 4.0555501
OS 6.851273 4.0554668
OS 6.8496903 4.0551336
OS 6.847941 4.0547171
OS 6.8461084 4.0540507
OS 6.8443591 4.0531344
OS 6.8435261 4.0525513
OS 6.8427764 4.0518849
OS 6.8426098 4.0517183
OS 6.8424432 4.0514684
OS 6.8421933 4.0512185
OS 6.8418601 4.050802
OS 6.8415269 4.0503022
OS 6.8407772 4.049136
OS 6.8399442 4.0476366
OS 6.8391945 4.045804
OS 6.8385281 4.0436382
OS 6.8380283 4.0412225
OS 6.8381949 4.0413058
OS 6.8385281 4.0415557
OS 6.8391112 4.0418889
OS 6.8399442 4.0423054
OS 6.8407772 4.0427219
OS 6.8418601 4.043305
OS 6.8440259 4.0442213
OS 6.8441925 4.0443046
OS 6.844609 4.0443879
OS 6.8451921 4.0445545
OS 6.8460251 4.0448044
OS 6.847108 4.0450543
OS 6.8482742 4.0452209
OS 6.8495237 4.0453042
OS 6.8509398 4.0453875
OS 6.8515229 4.0453875
OS 6.852106 4.0453042
OS 6.852939 4.0453042
OS 6.8538553 4.0451376
OS 6.8548549 4.044971
OS 6.8559378 4.0448044
OS 6.8570207 4.0444712
OS 6.8571873 4.0444712
OS 6.8575205 4.0443046
OS 6.8580203 4.044138
OS 6.8586867 4.0438881
OS 6.8595197 4.0434716
OS 6.8603527 4.0430551
OS 6.862102 4.0419722
OS 6.8622686 4.0418889
OS 6.8626018 4.0415557
OS 6.8631849 4.0409726
OS 6.8638513 4.0403062
OS 6.8646843 4.0393899
OS 6.8655173 4.038307
OS 6.866267 4.0370575
OS 6.8670167 4.0356414
OS 6.8670167 4.0355581
OS 6.8671 4.0354748
OS 6.8671833 4.0352249
OS 6.8673499 4.034975
OS 6.8675998 4.034142
OS 6.8680163 4.0329758
OS 6.8683495 4.0315597
OS 6.8685994 4.0298104
OS 6.8688493 4.0278945
OS 6.8689326 4.0257287
OS 6.8689326 4.0256454
OS 6.8689326 4.0253122
OS 6.8689326 4.0248124
OS 6.8688493 4.024146
OS 6.868766 4.023313
OS 6.8685994 4.0223967
OS 6.8684328 4.0213971
OS 6.8681829 4.0202309
OS 6.8678497 4.0189814
OS 6.8674332 4.0177319
OS 6.8669334 4.0164824
OS 6.8663503 4.0151496
OS 6.8656839 4.0138168
OS 6.8648509 4.0125673
OS 6.8639346 4.0113178
OS 6.8628517 4.0101516
OS 6.8627684 4.0100683
OS 6.8626018 4.0099017
OS 6.8622686 4.0095685
OS 6.8617688 4.0092353
OS 6.8611024 4.0087355
OS 6.860436 4.0082357
OS 6.8595197 4.0076526
OS 6.8585201 4.0071528
OS 6.8574372 4.0065697
OS 6.8561877 4.0059866
OS 6.8548549 4.0054868
OS 6.8533555 4.004987
OS 6.8517728 4.0046538
OS 6.8501068 4.0043206
OS 6.8482742 4.004154
OS 6.8463583 4.0040707
OS 6.845442 4.0040707
OS 6.8450255 4.004154
OS 6.8444424 4.004154
OS 6.8431929 4.0042373
OS 6.8417768 4.0044039
OS 6.8401941 4.0047371
OS 6.8385281 4.0050703
OS 6.8369454 4.0055701
OS 6.8368621 4.0055701
OS 6.8367788 4.0056534
OS 6.836279 4.00582
OS 6.8355293 4.0062365
OS 6.8345297 4.006653
OS 6.8334468 4.0073194
OS 6.8322806 4.0080691
OS 6.8311144 4.0089854
OS 6.8299482 4.009985
OS 6.8297816 4.0101516
OS 6.8293651 4.0106514
OS 6.828782 4.0114011
OS 6.8280323 4.0124007
OS 6.8271993 4.0137335
OS 6.826283 4.0152329
OS 6.82545 4.0169822
OS 6.8247003 4.0189814
OS 6.8247003 4.0190647
OS 6.824617 4.0192313
OS 6.8245337 4.0195645
OS 6.8244504 4.019981
OS 6.8242838 4.0204808
OS 6.8241172 4.0211472
OS 6.8239506 4.0218969
OS 6.8238673 4.0227299
OS 6.8237007 4.0236462
OS 6.8235341 4.0246458
OS 6.8232009 4.0268949
OS 6.8230343 4.0293939
OS 6.822951 4.0321428
OS 6.822951 4.0322261
OS 6.822951 4.032476
OS 6.822951 4.0328925
OS 6.822951 4.0334756
OS 6.8230343 4.034142
OS 6.8230343 4.034975
OS 6.8231176 4.0358913
OS 6.8232009 4.0368909
OS 6.8233675 4.0390567
OS 6.8236174 4.0413891
OS 6.8240339 4.0438048
OS 6.824617 4.0461372
OS 6.824617 4.0462205
OS 6.8247003 4.0463871
OS 6.8247836 4.0467203
OS 6.8249502 4.0471368
OS 6.8251168 4.0477199
OS 6.8253667 4.048303
OS 6.8259498 4.0498024
OS 6.8266995 4.0515517
OS 6.8276158 4.0533843
OS 6.828782 4.0552169
OS 6.8301148 4.0570495
OS 6.8301981 4.0571328
OS 6.8302814 4.0572161
OS 6.8305313 4.057466
OS 6.8307812 4.0577992
OS 6.8316142 4.0586322
OS 6.8326971 4.0596318
OS 6.8341132 4.0607147
OS 6.8357792 4.0618809
OS 6.8376951 4.0630471
OS 6.8397776 4.0640467
OS 6.8398609 4.0640467
OS 6.8400275 4.06413
OS 6.8403607 4.0642966
OS 6.8408605 4.0644632
OS 6.8413603 4.0646298
OS 6.84211 4.0648797
OS 6.8428597 4.0651296
OS 6.843776 4.0653795
OS 6.8447756 4.0655461
OS 6.8457752 4.065796
OS 6.8469414 4.0660459
OS 6.8481909 4.0662125
OS 6.8509398 4.0665457
OS 6.8538553 4.066629
OS 6.8549382 4.066629
OS 6.8556879 4.0665457
OE
OB 6.8014596 4.015816 I
OS 6.8138713 4.015816
OS 6.8138713 4.0053202
OS 6.7741372 4.0053202
OS 6.7741372 4.015816
OS 6.7867988 4.015816
OS 6.7867988 4.0476366
OS 6.7741372 4.0476366
OS 6.7741372 4.057466
OS 6.7751368 4.057466
OS 6.7758865 4.0575493
OS 6.7767195 4.0575493
OS 6.7776358 4.0576326
OS 6.779635 4.0577992
OS 6.7797183 4.0577992
OS 6.7801348 4.0578825
OS 6.7806346 4.0579658
OS 6.7812177 4.0580491
OS 6.7826338 4.0584656
OS 6.7833835 4.0587155
OS 6.7840499 4.0589654
OS 6.7841332 4.0590487
OS 6.7843831 4.059132
OS 6.7847163 4.0593819
OS 6.7851328 4.0596318
OS 6.7861324 4.0604648
OS 6.7870487 4.0615477
OS 6.787132 4.061631
OS 6.7872153 4.0618809
OS 6.7873819 4.0622141
OS 6.7876318 4.0627139
OS 6.7877984 4.063297
OS 6.787965 4.0640467
OS 6.7881316 4.0647964
OS 6.7882149 4.0657127
OS 6.8014596 4.0657127
OS 6.8014596 4.015816
OE
OB 6.7453154 4.0667123 I
OS 6.746315 4.0667123
OS 6.7473979 4.066629
OS 6.7495637 4.0663791
OS 6.7497303 4.0663791
OS 6.7500635 4.0662958
OS 6.7506466 4.0662125
OS 6.7513963 4.0660459
OS 6.7522293 4.0658793
OS 6.7531456 4.0657127
OS 6.7551448 4.0652129
OS 6.7552281 4.0652129
OS 6.755478 4.0651296
OS 6.7558945 4.064963
OS 6.7564776 4.0647964
OS 6.757144 4.0645465
OS 6.7578937 4.0642966
OS 6.7595597 4.0635469
OS 6.759643 4.0634636
OS 6.7599762 4.0633803
OS 6.7603927 4.0632137
OS 6.7609758 4.0629638
OS 6.7623086 4.0623807
OS 6.762975 4.0620475
OS 6.7635581 4.0617143
OS 6.7635581 4.04747
OS 6.7619754 4.04747
OS 6.7618921 4.0475533
OS 6.7618088 4.0476366
OS 6.7615589 4.0478032
OS 6.7612257 4.0481364
OS 6.7603927 4.0488028
OS 6.7592265 4.0497191
OS 6.7591432 4.0498024
OS 6.7589766 4.049969
OS 6.7585601 4.0502189
OS 6.7581436 4.0505521
OS 6.7575605 4.0509686
OS 6.7569774 4.0513851
OS 6.755478 4.0523847
OS 6.7553947 4.052468
OS 6.7551448 4.0526346
OS 6.754645 4.0528012
OS 6.7541452 4.0531344
OS 6.7533955 4.0534676
OS 6.7526458 4.0538008
OS 6.7517295 4.0542173
OS 6.7508132 4.0545505
OS 6.7507299 4.0546338
OS 6.7503967 4.0547171
OS 6.7498969 4.0548837
OS 6.7492305 4.0550503
OS 6.7483975 4.0552169
OS 6.7475645 4.0553002
OS 6.7465649 4.0554668
OS 6.7449822 4.0554668
OS 6.7443991 4.0553835
OS 6.7435661 4.0553002
OS 6.7426498 4.0552169
OS 6.7416502 4.0550503
OS 6.7406506 4.0547171
OS 6.7395677 4.0543839
OS 6.7394844 4.0543006
OS 6.7391512 4.0542173
OS 6.7385681 4.0539674
OS 6.7379017 4.0535509
OS 6.737152 4.0530511
OS 6.7362357 4.052468
OS 6.7353194 4.0517183
OS 6.7344031 4.050802
OS 6.7343198 4.0507187
OS 6.7340699 4.0503855
OS 6.7336534 4.0498857
OS 6.7330703 4.0492193
OS 6.7324872 4.048303
OS 6.7319041 4.0472201
OS 6.731321 4.0459706
OS 6.7307379 4.0445545
OS 6.7307379 4.0444712
OS 6.7306546 4.0443879
OS 6.7305713 4.044138
OS 6.730488 4.0438881
OS 6.7303214 4.0430551
OS 6.7300715 4.0419722
OS 6.7297383 4.0405561
OS 6.7295717 4.0389734
OS 6.7294051 4.0372241
OS 6.7293218 4.0353082
OS 6.7293218 4.0352249
OS 6.7293218 4.0350583
OS 6.7293218 4.0348084
OS 6.7293218 4.0343919
OS 6.7294051 4.0338921
OS 6.7294051 4.033309
OS 6.7294884 4.0320595
OS 6.729655 4.0305601
OS 6.7299049 4.0289774
OS 6.7302381 4.0273947
OS 6.7307379 4.0258953
OS 6.7308212 4.0257287
OS 6.7309878 4.0252289
OS 6.731321 4.0245625
OS 6.7318208 4.0237295
OS 6.7323206 4.0227299
OS 6.732987 4.021647
OS 6.73382 4.0206474
OS 6.734653 4.0197311
OS 6.7347363 4.0196478
OS 6.7350695 4.0193979
OS 6.7355693 4.0189814
OS 6.7362357 4.0184816
OS 6.7369854 4.0179818
OS 6.7379017 4.0173987
OS 6.7389013 4.0168989
OS 6.7399009 4.0164824
OS 6.7400675 4.0164824
OS 6.7404007 4.0163158
OS 6.7409838 4.0161492
OS 6.7417335 4.0159826
OS 6.7425665 4.015816
OS 6.7435661 4.0156494
OS 6.7445657 4.0155661
OS 6.7456486 4.0154828
OS 6.7461484 4.0154828
OS 6.7467315 4.0155661
OS 6.7474812 4.0155661
OS 6.7483142 4.0157327
OS 6.7493138 4.0158993
OS 6.7503134 4.0160659
OS 6.751313 4.0163991
OS 6.7513963 4.0164824
OS 6.7518128 4.0165657
OS 6.7523126 4.0168156
OS 6.7528957 4.0170655
OS 6.7536454 4.0173987
OS 6.7543951 4.0177319
OS 6.7551448 4.0182317
OS 6.7558945 4.0186482
OS 6.7559778 4.0187315
OS 6.7562277 4.0188981
OS 6.7566442 4.019148
OS 6.757144 4.0193979
OS 6.7583102 4.0202309
OS 6.7594764 4.0211472
OS 6.7595597 4.0212305
OS 6.7597263 4.0213971
OS 6.7599762 4.0215637
OS 6.7603927 4.0218969
OS 6.7612257 4.0226466
OS 6.762142 4.0234796
OS 6.7635581 4.0234796
OS 6.7635581 4.0093186
OS 6.7634748 4.0093186
OS 6.7632249 4.009152
OS 6.7628917 4.0089854
OS 6.7624752 4.0088188
OS 6.7618921 4.0084856
OS 6.7612257 4.0082357
OS 6.759643 4.007486
OS 6.7595597 4.007486
OS 6.7593098 4.0073194
OS 6.75881 4.0071528
OS 6.7583102 4.0069029
OS 6.7576438 4.006653
OS 6.7568941 4.0064031
OS 6.7552281 4.00582
OS 6.7551448 4.00582
OS 6.7547283 4.0057367
OS 6.7542285 4.0055701
OS 6.7534788 4.0054035
OS 6.7526458 4.0052369
OS 6.7518128 4.004987
OS 6.7498969 4.0046538
OS 6.7498136 4.0046538
OS 6.7494804 4.0045705
OS 6.7488973 4.0044872
OS 6.7481476 4.0044039
OS 6.7472313 4.0043206
OS 6.7460651 4.0042373
OS 6.744649 4.004154
OS 6.7425665 4.004154
OS 6.7418168 4.0042373
OS 6.7409005 4.0043206
OS 6.7397343 4.0044039
OS 6.7384015 4.0045705
OS 6.7369854 4.0048204
OS 6.7354027 4.0051536
OS 6.7336534 4.0055701
OS 6.7319041 4.0061532
OS 6.7301548 4.0068196
OS 6.7283222 4.0075693
OS 6.7265729 4.0085689
OS 6.7248236 4.0096518
OS 6.7232409 4.0109013
OS 6.7216582 4.0123174
OS 6.7215749 4.0124007
OS 6.721325 4.0127339
OS 6.7209085 4.0131504
OS 6.7204087 4.0138168
OS 6.7198256 4.0146498
OS 6.7191592 4.0156494
OS 6.7184095 4.0168989
OS 6.7177431 4.0182317
OS 6.7169934 4.0198144
OS 6.7162437 4.0215637
OS 6.7155773 4.0233963
OS 6.7149942 4.0254788
OS 6.7144944 4.0277279
OS 6.7140779 4.0301436
OS 6.713828 4.0326426
OS 6.7137447 4.0353915
OS 6.7137447 4.0354748
OS 6.7137447 4.0355581
OS 6.7137447 4.0360579
OS 6.713828 4.0368076
OS 6.7139113 4.0378072
OS 6.7139946 4.0389734
OS 6.7141612 4.0403895
OS 6.7144111 4.0419722
OS 6.7147443 4.0436382
OS 6.7151608 4.0453875
OS 6.7156606 4.0473034
OS 6.716327 4.049136
OS 6.7170767 4.0510519
OS 6.717993 4.0529678
OS 6.7190759 4.0548004
OS 6.7202421 4.0565497
OS 6.7216582 4.0582157
OS 6.7217415 4.058299
OS 6.7219914 4.0585489
OS 6.7224912 4.0590487
OS 6.7231576 4.0595485
OS 6.7239073 4.0602149
OS 6.7249069 4.0609646
OS 6.7260731 4.0617143
OS 6.7273226 4.0625473
OS 6.728822 4.063297
OS 6.7304047 4.0640467
OS 6.732154 4.0647964
OS 6.7340699 4.0654628
OS 6.7361524 4.0660459
OS 6.7383182 4.0664624
OS 6.7406506 4.0667123
OS 6.7431496 4.0667956
OS 6.7443991 4.0667956
OS 6.7453154 4.0667123
OE
OB 6.8443591 4.0348917 H
OS 6.843776 4.0348917
OS 6.8433595 4.0348084
OS 6.8423599 4.0347251
OS 6.8411104 4.0344752
OS 6.8410271 4.0344752
OS 6.8408605 4.0343919
OS 6.8405273 4.0343086
OS 6.8401108 4.0342253
OS 6.8391112 4.0338921
OS 6.837945 4.0334756
OS 6.837945 4.0333923
OS 6.837945 4.0331424
OS 6.837945 4.0327259
OS 6.837945 4.0320595
OS 6.837945 4.0318929
OS 6.837945 4.0313931
OS 6.837945 4.0307267
OS 6.837945 4.0297271
OS 6.837945 4.0296438
OS 6.837945 4.0294772
OS 6.837945 4.0292273
OS 6.837945 4.0288941
OS 6.8380283 4.0278945
OS 6.8380283 4.0267283
OS 6.8381116 4.0253955
OS 6.8382782 4.0240627
OS 6.8385281 4.0226466
OS 6.838778 4.0213971
OS 6.8388613 4.0212305
OS 6.8389446 4.0208973
OS 6.8391112 4.0203142
OS 6.8394444 4.0196478
OS 6.8401108 4.0181484
OS 6.8406106 4.0173987
OS 6.8411104 4.0167323
OS 6.8411937 4.016649
OS 6.841277 4.0164824
OS 6.8417768 4.0159826
OS 6.8425265 4.0153995
OS 6.8434428 4.0148164
OS 6.8435261 4.0148164
OS 6.8436927 4.0147331
OS 6.8439426 4.0146498
OS 6.8443591 4.0145665
OS 6.8452754 4.0143999
OS 6.8463583 4.0143166
OS 6.8467748 4.0143166
OS 6.847108 4.0143999
OS 6.847941 4.0145665
OS 6.8489406 4.0148997
OS 6.8490239 4.0148997
OS 6.8491905 4.014983
OS 6.8494404 4.0151496
OS 6.8497736 4.0153162
OS 6.8505233 4.0158993
OS 6.8513563 4.0167323
OS 6.8514396 4.0168156
OS 6.8515229 4.0169822
OS 6.8517728 4.0172321
OS 6.8520227 4.0176486
OS 6.8526058 4.0186482
OS 6.8531056 4.0198144
OS 6.8531056 4.0198977
OS 6.8531889 4.0201476
OS 6.8533555 4.0205641
OS 6.8534388 4.0211472
OS 6.8536054 4.0218969
OS 6.8536887 4.0227299
OS 6.853772 4.0238128
OS 6.853772 4.0250623
OS 6.853772 4.0252289
OS 6.853772 4.0255621
OS 6.853772 4.0260619
OS 6.8536887 4.0267283
OS 6.8536054 4.027478
OS 6.8534388 4.028311
OS 6.8532722 4.0290607
OS 6.8530223 4.0298104
OS 6.8530223 4.0298937
OS 6.8528557 4.0301436
OS 6.8526891 4.0304768
OS 6.8525225 4.0308933
OS 6.8518561 4.0318929
OS 6.8509398 4.0328925
OS 6.8508565 4.0329758
OS 6.8506899 4.0330591
OS 6.85044 4.0332257
OS 6.8501068 4.0334756
OS 6.8491072 4.0339754
OS 6.847941 4.0343919
OS 6.8478577 4.0343919
OS 6.8476911 4.0344752
OS 6.8472746 4.0345585
OS 6.8468581 4.0346418
OS 6.8463583 4.0347251
OS 6.8456919 4.0348084
OS 6.8443591 4.0348917
OE
SE
S P 0
OB 6.8754716 1.0010419 I
OS 6.8768044 1.0009586
OS 6.8783038 1.000792
OS 6.8799698 1.0006254
OS 6.8816358 1.0002922
OS 6.8832185 0.9998757
OS 6.8833018 0.9998757
OS 6.8833851 0.9997924
OS 6.8838849 0.9996258
OS 6.8847179 0.9993759
OS 6.8856342 0.9990427
OS 6.8867171 0.9986262
OS 6.8878833 0.9981264
OS 6.8889662 0.99746
OS 6.8900491 0.9967936
OS 6.8901324 0.9967103
OS 6.8904656 0.9964604
OS 6.8909654 0.9960439
OS 6.8916318 0.9954608
OS 6.8922982 0.9947111
OS 6.8929646 0.9938781
OS 6.893631 0.9929618
OS 6.8942141 0.9919622
OS 6.8942974 0.9917956
OS 6.894464 0.9914624
OS 6.8947139 0.9908793
OS 6.8949638 0.9901296
OS 6.8952137 0.9892133
OS 6.8954636 0.9882137
OS 6.8956302 0.9870475
OS 6.8957135 0.9858813
OS 6.8957135 0.985798
OS 6.8957135 0.9857147
OS 6.8957135 0.9854648
OS 6.8957135 0.9851316
OS 6.8955469 0.9843819
OS 6.8953803 0.983299
OS 6.8951304 0.9821328
OS 6.8946306 0.9808
OS 6.8940475 0.9794672
OS 6.8932145 0.9781344
OS 6.8931312 0.9779678
OS 6.8927147 0.9775513
OS 6.8921316 0.9769682
OS 6.8912986 0.9761352
OS 6.8902157 0.9752189
OS 6.8889662 0.9743026
OS 6.8873835 0.973303
OS 6.8855509 0.9723867
OS 6.8855509 0.9721368
OS 6.8856342 0.9721368
OS 6.8858008 0.9720535
OS 6.886134 0.9718869
OS 6.8865505 0.9717203
OS 6.8870503 0.9714704
OS 6.8876334 0.9711372
OS 6.8888829 0.9704708
OS 6.8903823 0.9694712
OS 6.8917984 0.9683883
OS 6.8932145 0.9671388
OS 6.8943807 0.9657227
OS 6.8943807 0.9656394
OS 6.894464 0.9655561
OS 6.8946306 0.9653062
OS 6.8947972 0.9650563
OS 6.895297 0.9642233
OS 6.8957968 0.9630571
OS 6.8962966 0.9617243
OS 6.8967964 0.9601416
OS 6.8971296 0.958309
OS 6.8972129 0.9563098
OS 6.8972129 0.9561432
OS 6.8972129 0.9556434
OS 6.8971296 0.9548937
OS 6.8970463 0.9539774
OS 6.8967964 0.9528945
OS 6.8965465 0.951645
OS 6.89613 0.9503955
OS 6.8955469 0.949146
OS 6.8954636 0.9489794
OS 6.8952137 0.9485629
OS 6.8948805 0.9479798
OS 6.8943807 0.9471468
OS 6.8937143 0.9463138
OS 6.8928813 0.9453142
OS 6.891965 0.9443146
OS 6.8908821 0.9433983
OS 6.8907155 0.943315
OS 6.8903823 0.9429818
OS 6.8897159 0.9425653
OS 6.8887996 0.9419822
OS 6.8877167 0.9413991
OS 6.8864672 0.9407327
OS 6.8849678 0.9401496
OS 6.8833851 0.9395665
OS 6.8833018 0.9395665
OS 6.8832185 0.9394832
OS 6.8829686 0.9394832
OS 6.8826354 0.9393999
OS 6.8822189 0.9392333
OS 6.8817191 0.93915
OS 6.8804696 0.9389001
OS 6.8789702 0.9386502
OS 6.8773042 0.9384836
OS 6.8753883 0.938317
OS 6.8733058 0.9382337
OS 6.8723062 0.9382337
OS 6.8717231 0.938317
OS 6.87114 0.938317
OS 6.8697239 0.9384003
OS 6.8680579 0.9385669
OS 6.8662253 0.9388168
OS 6.8643927 0.93915
OS 6.8626434 0.9396498
OS 6.8625601 0.9396498
OS 6.8624768 0.9397331
OS 6.8622269 0.9398164
OS 6.8618937 0.9398997
OS 6.8610607 0.9402329
OS 6.8600611 0.9406494
OS 6.8588949 0.9411492
OS 6.8576454 0.9418156
OS 6.8563959 0.9425653
OS 6.8552297 0.9433983
OS 6.8550631 0.9434816
OS 6.8547299 0.9438148
OS 6.8542301 0.9443146
OS 6.853647 0.944981
OS 6.8528973 0.945814
OS 6.8522309 0.9467303
OS 6.8515645 0.9478132
OS 6.8509814 0.9489794
OS 6.8508981 0.949146
OS 6.8508148 0.9495625
OS 6.8505649 0.9502289
OS 6.850315 0.9510619
OS 6.8500651 0.9520615
OS 6.8498985 0.9532277
OS 6.8497319 0.9544772
OS 6.8496486 0.95581
OS 6.8496486 0.9558933
OS 6.8496486 0.9560599
OS 6.8496486 0.9563098
OS 6.8497319 0.956643
OS 6.8498152 0.9576426
OS 6.8499818 0.9588088
OS 6.850315 0.9601416
OS 6.8508148 0.961641
OS 6.8515645 0.9630571
OS 6.8524808 0.9643899
OS 6.8526474 0.9645565
OS 6.8529806 0.964973
OS 6.853647 0.9655561
OS 6.8545633 0.9663891
OS 6.8557295 0.9673054
OS 6.8571456 0.9682217
OS 6.8588116 0.9692213
OS 6.8607275 0.9701376
OS 6.8607275 0.9703875
OS 6.8606442 0.9703875
OS 6.8604776 0.9704708
OS 6.8602277 0.9706374
OS 6.8598945 0.9708873
OS 6.8588949 0.9713871
OS 6.857812 0.9721368
OS 6.8565625 0.9730531
OS 6.855313 0.974136
OS 6.8542301 0.9753022
OS 6.8533138 0.976635
OS 6.8533138 0.9767183
OS 6.8532305 0.9768016
OS 6.8529806 0.9773014
OS 6.8526474 0.9780511
OS 6.8523142 0.9790507
OS 6.8518977 0.9803002
OS 6.8515645 0.981633
OS 6.8513146 0.9832157
OS 6.8512313 0.9848817
OS 6.8512313 0.9850483
OS 6.8512313 0.9854648
OS 6.8513146 0.9860479
OS 6.8513979 0.9868809
OS 6.8515645 0.9877972
OS 6.8518144 0.9888801
OS 6.8521476 0.989963
OS 6.8526474 0.9910459
OS 6.8527307 0.9912125
OS 6.8528973 0.9915457
OS 6.8532305 0.9921288
OS 6.8537303 0.9927952
OS 6.8543134 0.9936282
OS 6.8550631 0.9944612
OS 6.8559794 0.9953775
OS 6.856979 0.9962938
OS 6.8571456 0.9963771
OS 6.8574788 0.996627
OS 6.8580619 0.9970435
OS 6.8588949 0.9975433
OS 6.8598945 0.9981264
OS 6.8610607 0.9987095
OS 6.8624768 0.9992926
OS 6.8639762 0.9997924
OS 6.8640595 0.9997924
OS 6.8641428 0.9998757
OS 6.8643927 0.999959
OS 6.8647259 1.0000423
OS 6.8655589 1.0002089
OS 6.8667251 1.0004588
OS 6.8681412 1.0007087
OS 6.8698072 1.0009586
OS 6.8715565 1.0010419
OS 6.8734724 1.0011252
OS 6.8748885 1.0011252
OS 6.8754716 1.0010419
OE
OB 6.8416518 0.9613911 I
OS 6.8416518 0.9613078
OS 6.8416518 0.9608913
OS 6.8416518 0.9603082
OS 6.8415685 0.9595585
OS 6.8414852 0.9586422
OS 6.8413186 0.9575593
OS 6.841152 0.9563931
OS 6.8408188 0.9551436
OS 6.8404856 0.9537275
OS 6.8400691 0.9523947
OS 6.8395693 0.9508953
OS 6.8389862 0.9494792
OS 6.8382365 0.9481464
OS 6.8373202 0.9468136
OS 6.8364039 0.9454808
OS 6.8352377 0.9443146
OS 6.8351544 0.9442313
OS 6.8349045 0.9440647
OS 6.8345713 0.9437315
OS 6.8340715 0.9433983
OS 6.8334051 0.9429818
OS 6.8325721 0.942482
OS 6.8316558 0.9418989
OS 6.8304896 0.9413991
OS 6.8292401 0.940816
OS 6.827824 0.9402329
OS 6.8263246 0.9397331
OS 6.8246586 0.9393166
OS 6.822826 0.9389834
OS 6.8208268 0.9386502
OS 6.818661 0.9384836
OS 6.8164119 0.9384003
OS 6.8152457 0.9384003
OS 6.8144127 0.9384836
OS 6.8134131 0.9385669
OS 6.8122469 0.9387335
OS 6.8109974 0.9389001
OS 6.8095813 0.93915
OS 6.8080819 0.9393999
OS 6.8065825 0.9398164
OS 6.8049998 0.9403162
OS 6.8035004 0.9408993
OS 6.802001 0.9415657
OS 6.8005016 0.9423154
OS 6.7990855 0.9432317
OS 6.797836 0.9442313
OS 6.7977527 0.9443146
OS 6.7975861 0.9444812
OS 6.7972529 0.9448144
OS 6.7968364 0.9453142
OS 6.7963366 0.9458973
OS 6.7957535 0.946647
OS 6.7951704 0.9475633
OS 6.7945873 0.9485629
OS 6.7940042 0.9497291
OS 6.7934211 0.9509786
OS 6.792838 0.9523947
OS 6.7923382 0.9538941
OS 6.7919217 0.9556434
OS 6.7915885 0.9573927
OS 6.7914219 0.9593086
OS 6.7913386 0.9613911
OS 6.7913386 0.9998757
OS 6.8064992 0.9998757
OS 6.8064992 0.9623074
OS 6.8064992 0.9622241
OS 6.8064992 0.9620575
OS 6.8064992 0.9617243
OS 6.8064992 0.9613078
OS 6.8065825 0.9607247
OS 6.8066658 0.9601416
OS 6.8068324 0.9587255
OS 6.8070823 0.9572261
OS 6.8074988 0.9556434
OS 6.8080819 0.9542273
OS 6.8088316 0.9528945
OS 6.8089149 0.9527279
OS 6.8092481 0.9523947
OS 6.8098312 0.9519782
OS 6.8106642 0.9513951
OS 6.8117471 0.950812
OS 6.8129966 0.9503955
OS 6.8145793 0.9500623
OS 6.8164119 0.9498957
OS 6.8169117 0.9498957
OS 6.8172449 0.949979
OS 6.8181612 0.9500623
OS 6.8193274 0.9502289
OS 6.8204936 0.9506454
OS 6.8218264 0.9511452
OS 6.8229926 0.9518116
OS 6.8239922 0.9528112
OS 6.8240755 0.9529778
OS 6.8244087 0.9533943
OS 6.8248252 0.9540607
OS 6.8252417 0.9550603
OS 6.8257415 0.9563931
OS 6.8260747 0.9580591
OS 6.8262413 0.9589754
OS 6.8264079 0.959975
OS 6.8264912 0.9611412
OS 6.8264912 0.9623074
OS 6.8264912 0.9998757
OS 6.8416518 0.9998757
OS 6.8416518 0.9613911
OE
OB 6.8683078 0.9667223 H
OS 6.8682245 0.966639
OS 6.8680579 0.9664724
OS 6.8677247 0.9661392
OS 6.8673915 0.9656394
OS 6.8668917 0.9650563
OS 6.8664752 0.9643899
OS 6.8659754 0.9636402
OS 6.8654756 0.9628072
OS 6.8653923 0.9627239
OS 6.865309 0.9623907
OS 6.8651424 0.9619742
OS 6.8648925 0.9613078
OS 6.8646426 0.9605581
OS 6.864476 0.9597251
OS 6.8643927 0.9587255
OS 6.8643094 0.9577259
OS 6.8643094 0.9576426
OS 6.8643094 0.9575593
OS 6.8643927 0.9570595
OS 6.864476 0.9563098
OS 6.8646426 0.9553102
OS 6.8649758 0.9543106
OS 6.8654756 0.9531444
OS 6.8660587 0.9520615
OS 6.866975 0.9510619
OS 6.8671416 0.9509786
OS 6.8674748 0.9506454
OS 6.8680579 0.9503122
OS 6.8688909 0.9498124
OS 6.8698905 0.9493959
OS 6.8710567 0.9489794
OS 6.8723895 0.9486462
OS 6.8739722 0.9485629
OS 6.8743887 0.9485629
OS 6.8747219 0.9486462
OS 6.8755549 0.9487295
OS 6.8766378 0.9488961
OS 6.8767211 0.9488961
OS 6.8768877 0.9489794
OS 6.8772209 0.9490627
OS 6.8775541 0.9492293
OS 6.8784704 0.9495625
OS 6.8793867 0.9500623
OS 6.87947 0.9501456
OS 6.8796366 0.9502289
OS 6.8801364 0.9507287
OS 6.8808028 0.9513951
OS 6.8814692 0.9523114
OS 6.8814692 0.9523947
OS 6.8816358 0.9525613
OS 6.8817191 0.9528112
OS 6.8818857 0.9532277
OS 6.8820523 0.9536442
OS 6.8821356 0.9542273
OS 6.8823022 0.9548937
OS 6.8823022 0.9556434
OS 6.8823022 0.95581
OS 6.8823022 0.9561432
OS 6.8822189 0.956643
OS 6.8821356 0.9573094
OS 6.881969 0.9580591
OS 6.8817191 0.9588088
OS 6.8813859 0.9595585
OS 6.8809694 0.9602249
OS 6.8808861 0.9603082
OS 6.8807195 0.9604748
OS 6.8803863 0.960808
OS 6.8798032 0.9612245
OS 6.8791368 0.9618076
OS 6.8782205 0.9623907
OS 6.8770543 0.9630571
OS 6.8756382 0.9637235
OS 6.8755549 0.9637235
OS 6.8753883 0.9638068
OS 6.8751384 0.9639734
OS 6.8748052 0.96414
OS 6.8743054 0.9643066
OS 6.8737223 0.9645565
OS 6.8730559 0.9648064
OS 6.8722229 0.9651396
OS 6.8721396 0.9652229
OS 6.8718897 0.9653062
OS 6.8714732 0.9654728
OS 6.8708901 0.9657227
OS 6.8696406 0.9662225
OS 6.8683078 0.9667223
OE
OB 6.8734724 0.9908793 H
OS 6.8729726 0.9908793
OS 6.8723062 0.990796
OS 6.8715565 0.9907127
OS 6.8707235 0.9904628
OS 6.8698905 0.9902129
OS 6.8689742 0.9897964
OS 6.8681412 0.9892133
OS 6.8680579 0.98913
OS 6.867808 0.9888801
OS 6.8674748 0.9885469
OS 6.8671416 0.9880471
OS 6.8668084 0.987464
OS 6.8664752 0.9867976
OS 6.8662253 0.9859646
OS 6.866142 0.9851316
OS 6.866142 0.9850483
OS 6.866142 0.9847151
OS 6.8662253 0.9842986
OS 6.8663086 0.9837155
OS 6.8666418 0.982466
OS 6.8668917 0.9817996
OS 6.8673082 0.9812165
OS 6.8673915 0.9811332
OS 6.8675581 0.9809666
OS 6.867808 0.9807167
OS 6.8682245 0.9803002
OS 6.8688076 0.9798837
OS 6.869474 0.9794672
OS 6.8702237 0.9789674
OS 6.87114 0.9784676
OS 6.8712233 0.9784676
OS 6.8713899 0.9783843
OS 6.8715565 0.978301
OS 6.8718897 0.9781344
OS 6.8727227 0.9778012
OS 6.8738056 0.9773014
OS 6.8738889 0.9773014
OS 6.8740555 0.9772181
OS 6.874472 0.9770515
OS 6.8748885 0.9768849
OS 6.8755549 0.976635
OS 6.8762213 0.9763851
OS 6.8770543 0.9760519
OS 6.8779706 0.9757187
OS 6.8780539 0.975802
OS 6.8782205 0.9760519
OS 6.8785537 0.9764684
OS 6.8788869 0.9769682
OS 6.8792201 0.9776346
OS 6.8796366 0.978301
OS 6.880303 0.9797171
OS 6.880303 0.9798004
OS 6.8803863 0.9800503
OS 6.8805529 0.9804668
OS 6.8807195 0.9809666
OS 6.8808028 0.981633
OS 6.8809694 0.9823827
OS 6.8810527 0.9832157
OS 6.8810527 0.984132
OS 6.8810527 0.9842986
OS 6.8810527 0.9846318
OS 6.8809694 0.9852149
OS 6.8808028 0.9858813
OS 6.8805529 0.986631
OS 6.8801364 0.987464
OS 6.8796366 0.9882137
OS 6.8789702 0.9889634
OS 6.8788869 0.9890467
OS 6.878637 0.9892966
OS 6.8781372 0.9895465
OS 6.8775541 0.989963
OS 6.8767211 0.9902962
OS 6.8758048 0.9905461
OS 6.8747219 0.990796
OS 6.8734724 0.9908793
OE
SE
S P 0
OB 6.8775672 1.3884486 I
OS 6.8899789 1.3884486
OS 6.8899789 1.3779528
OS 6.8502448 1.3779528
OS 6.8502448 1.3884486
OS 6.8629064 1.3884486
OS 6.8629064 1.4202692
OS 6.8502448 1.4202692
OS 6.8502448 1.4300986
OS 6.8512444 1.4300986
OS 6.8519941 1.4301819
OS 6.8528271 1.4301819
OS 6.8537434 1.4302652
OS 6.8557426 1.4304318
OS 6.8558259 1.4304318
OS 6.8562424 1.4305151
OS 6.8567422 1.4305984
OS 6.8573253 1.4306817
OS 6.8587414 1.4310982
OS 6.8594911 1.4313481
OS 6.8601575 1.431598
OS 6.8602408 1.4316813
OS 6.8604907 1.4317646
OS 6.8608239 1.4320145
OS 6.8612404 1.4322644
OS 6.86224 1.4330974
OS 6.8631563 1.4341803
OS 6.8632396 1.4342636
OS 6.8633229 1.4345135
OS 6.8634895 1.4348467
OS 6.8637394 1.4353465
OS 6.863906 1.4359296
OS 6.8640726 1.4366793
OS 6.8642392 1.437429
OS 6.8643225 1.4383453
OS 6.8775672 1.4383453
OS 6.8775672 1.3884486
OE
OB 6.8163417 1.3894482 I
OS 6.8413317 1.3894482
OS 6.8413317 1.3779528
OS 6.8011811 1.3779528
OS 6.8011811 1.4381787
OS 6.8163417 1.4381787
OS 6.8163417 1.3894482
OE
SE
S P 0
OB 7.0584402 0.5452 I
OS 7.0426256 0.5452
OS 7.0426256 0.5019685
OS 7.0291758 0.5019685
OS 7.0291758 0.5452
OS 7.0133612 0.5452
OS 7.0133612 0.5553982
OS 7.0584402 0.5553982
OS 7.0584402 0.5452
OE
OB 7.1096529 0.5019685 I
OS 7.0967204 0.5019685
OS 7.0761762 0.5392141
OS 7.0761762 0.5019685
OS 7.0639088 0.5019685
OS 7.0639088 0.5553982
OS 7.0803146 0.5553982
OS 7.0973855 0.5247297
OS 7.0973855 0.5553982
OS 7.1096529 0.5553982
OS 7.1096529 0.5019685
OE
OB 7.1462334 0.5112799 I
OS 7.1572445 0.5112799
OS 7.1572445 0.5019685
OS 7.1219942 0.5019685
OS 7.1219942 0.5112799
OS 7.133227 0.5112799
OS 7.133227 0.5395097
OS 7.1219942 0.5395097
OS 7.1219942 0.5482299
OS 7.122881 0.5482299
OS 7.1235461 0.5483038
OS 7.1242851 0.5483038
OS 7.125098 0.5483777
OS 7.1268716 0.5485255
OS 7.1269455 0.5485255
OS 7.127315 0.5485994
OS 7.1277584 0.5486733
OS 7.1282757 0.5487472
OS 7.129532 0.5491167
OS 7.1301971 0.5493384
OS 7.1307883 0.5495601
OS 7.1308622 0.549634
OS 7.1310839 0.5497079
OS 7.1313795 0.5499296
OS 7.131749 0.5501513
OS 7.1326358 0.5508903
OS 7.1334487 0.551851
OS 7.1335226 0.5519249
OS 7.1335965 0.5521466
OS 7.1337443 0.5524422
OS 7.133966 0.5528856
OS 7.1341138 0.5534029
OS 7.1342616 0.554068
OS 7.1344094 0.5547331
OS 7.1344833 0.555546
OS 7.1462334 0.555546
OS 7.1462334 0.5112799
OE
OB 6.9906739 0.5553243 I
OS 6.992078 0.5552504
OS 6.993556 0.5551765
OS 6.9949601 0.5550287
OS 6.9962164 0.5548809
OS 6.9963642 0.5548809
OS 6.9967337 0.554807
OS 6.9973249 0.5546592
OS 6.9980639 0.5545114
OS 6.9989507 0.5542158
OS 6.9999114 0.5539202
OS 7.0008721 0.5535507
OS 7.0019067 0.5530334
OS 7.0020545 0.5529595
OS 7.0023501 0.5527378
OS 7.0028674 0.5524422
OS 7.0035325 0.5519249
OS 7.0041976 0.5513337
OS 7.0049366 0.5506686
OS 7.0056017 0.5497818
OS 7.0061929 0.548895
OS 7.0062668 0.5487472
OS 7.0064146 0.5484516
OS 7.0066363 0.5479343
OS 7.0069319 0.5471953
OS 7.0072275 0.5463085
OS 7.0074492 0.5452739
OS 7.007597 0.5441654
OS 7.0076709 0.5429091
OS 7.0076709 0.5428352
OS 7.0076709 0.5427613
OS 7.0076709 0.5425396
OS 7.0076709 0.542244
OS 7.007597 0.541505
OS 7.0074492 0.5405443
OS 7.0071536 0.5395097
OS 7.006858 0.5383273
OS 7.0063407 0.5371449
OS 7.0056756 0.5359625
OS 7.0056017 0.5358147
OS 7.0053061 0.5354452
OS 7.0048627 0.5349279
OS 7.0042715 0.5342628
OS 7.0035325 0.5335238
OS 7.0025718 0.5327848
OS 7.0015372 0.5320458
OS 7.0002809 0.5314546
OS 7.0002809 0.531159
OS 7.0003548 0.531159
OS 7.0005026 0.5310851
OS 7.0007243 0.5310112
OS 7.0010938 0.5309373
OS 7.0015372 0.5307895
OS 7.0019806 0.5306417
OS 7.003163 0.5302722
OS 7.0044193 0.529681
OS 7.0056756 0.528942
OS 7.0070058 0.5279813
OS 7.0081882 0.5268728
OS 7.008336 0.526725
OS 7.0086316 0.5262816
OS 7.0091489 0.5256165
OS 7.0097401 0.5245819
OS 7.0102574 0.5233995
OS 7.0107747 0.5219215
OS 7.0110703 0.5202218
OS 7.0112181 0.5183004
OS 7.0112181 0.5182265
OS 7.0112181 0.5181526
OS 7.0112181 0.5179309
OS 7.0112181 0.5176353
OS 7.0111442 0.5168963
OS 7.0109964 0.5159356
OS 7.0108486 0.5148271
OS 7.010553 0.5136447
OS 7.0101835 0.5124623
OS 7.0096662 0.5112799
OS 7.0095923 0.5111321
OS 7.0093706 0.5107626
OS 7.009075 0.5102453
OS 7.0086316 0.5095063
OS 7.0080404 0.5087673
OS 7.0073014 0.5078805
OS 7.0064885 0.5070676
OS 7.0056017 0.5063286
OS 7.0054539 0.5062547
OS 7.0050844 0.5059591
OS 7.0044932 0.5055157
OS 7.0036803 0.5049984
OS 7.0027196 0.5044811
OS 7.0016111 0.5038899
OS 7.0003548 0.5033726
OS 6.9990246 0.5029292
OS 6.9989507 0.5029292
OS 6.9988768 0.5028553
OS 6.9986551 0.5028553
OS 6.9983595 0.5027814
OS 6.99799 0.5027075
OS 6.9976205 0.5026336
OS 6.996512 0.5024858
OS 6.9951818 0.5022641
OS 6.9936299 0.5021163
OS 6.9918563 0.5020424
OS 6.989861 0.5019685
OS 6.9685039 0.5019685
OS 6.9685039 0.5553982
OS 6.9893437 0.5553982
OS 6.9906739 0.5553243
OE
OB 6.9868311 0.5456434 H
OS 6.9818798 0.5456434
OS 6.9818798 0.5342628
OS 6.9885308 0.5342628
OS 6.9888264 0.5343367
OS 6.9891959 0.5344106
OS 6.9901566 0.5346323
OS 6.9911912 0.5350757
OS 6.9912651 0.5350757
OS 6.9914868 0.5352235
OS 6.9917085 0.5353713
OS 6.992078 0.535593
OS 6.992817 0.5362581
OS 6.9931126 0.5367015
OS 6.9934082 0.5371449
OS 6.9934082 0.5372188
OS 6.9934821 0.5373666
OS 6.9936299 0.5376622
OS 6.9937777 0.5380317
OS 6.9938516 0.5384751
OS 6.9939994 0.5389924
OS 6.9940733 0.5402487
OS 6.9940733 0.5403226
OS 6.9940733 0.5404704
OS 6.9940733 0.540766
OS 6.9939994 0.5410616
OS 6.9937777 0.5419484
OS 6.9934082 0.5429091
OS 6.9934082 0.542983
OS 6.9932604 0.5431308
OS 6.9931126 0.5433525
OS 6.9928909 0.543722
OS 6.9922258 0.5443132
OS 6.9918563 0.5446827
OS 6.991339 0.5449044
OS 6.9912651 0.5449044
OS 6.9911173 0.5449783
OS 6.9908217 0.5451261
OS 6.9904522 0.5452
OS 6.9900088 0.5453478
OS 6.9894176 0.5454217
OS 6.9881613 0.5455695
OS 6.9874223 0.5455695
OS 6.9868311 0.5456434
OE
OB 6.9885308 0.5250992 H
OS 6.9818798 0.5250992
OS 6.9818798 0.5117233
OS 6.9901566 0.5117233
OS 6.9905261 0.5117972
OS 6.9910434 0.5118711
OS 6.9916346 0.5120189
OS 6.9923736 0.5121667
OS 6.9931126 0.5124623
OS 6.9938516 0.5127579
OS 6.9939255 0.5128318
OS 6.9941472 0.5129057
OS 6.9945167 0.5130535
OS 6.9948862 0.5133491
OS 6.9953296 0.5136447
OS 6.995773 0.5140142
OS 6.9961425 0.5145315
OS 6.996512 0.5150488
OS 6.9965859 0.5151227
OS 6.9966598 0.5153444
OS 6.9968076 0.51564
OS 6.9969554 0.5160834
OS 6.9971032 0.5166007
OS 6.997251 0.5171919
OS 6.9973988 0.517857
OS 6.9973988 0.5185221
OS 6.9973988 0.518596
OS 6.9973988 0.5188916
OS 6.9973249 0.519335
OS 6.997251 0.5199262
OS 6.9969554 0.5211825
OS 6.9967337 0.5217737
OS 6.9963642 0.5223649
OS 6.9962903 0.5224388
OS 6.9961425 0.5225866
OS 6.9959208 0.5228822
OS 6.9956252 0.5231778
OS 6.9951818 0.5234734
OS 6.9946645 0.5238429
OS 6.9940733 0.5242124
OS 6.9933343 0.524508
OS 6.9932604 0.524508
OS 6.9931126 0.5245819
OS 6.992817 0.5246558
OS 6.9924475 0.5247297
OS 6.9920041 0.5248036
OS 6.9914129 0.5249514
OS 6.9907478 0.5249514
OS 6.9900088 0.5250253
OS 6.989122 0.5250253
OS 6.9885308 0.5250992
OE
SE
S P 0
OB 7.2668623 4.2821493 I
OS 7.279274 4.2821493
OS 7.279274 4.2716535
OS 7.2395399 4.2716535
OS 7.2395399 4.2821493
OS 7.2522015 4.2821493
OS 7.2522015 4.3139699
OS 7.2395399 4.3139699
OS 7.2395399 4.3237993
OS 7.2405395 4.3237993
OS 7.2412892 4.3238826
OS 7.2421222 4.3238826
OS 7.2430385 4.3239659
OS 7.2450377 4.3241325
OS 7.245121 4.3241325
OS 7.2455375 4.3242158
OS 7.2460373 4.3242991
OS 7.2466204 4.3243824
OS 7.2480365 4.3247989
OS 7.2487862 4.3250488
OS 7.2494526 4.3252987
OS 7.2495359 4.325382
OS 7.2497858 4.3254653
OS 7.250119 4.3257152
OS 7.2505355 4.3259651
OS 7.2515351 4.3267981
OS 7.2524514 4.327881
OS 7.2525347 4.3279643
OS 7.252618 4.3282142
OS 7.2527846 4.3285474
OS 7.2530345 4.3290472
OS 7.2532011 4.3296303
OS 7.2533677 4.33038
OS 7.2535343 4.3311297
OS 7.2536176 4.332046
OS 7.2668623 4.332046
OS 7.2668623 4.2821493
OE
OB 7.196807 4.3317961 I
OS 7.19764 4.3317961
OS 7.1994726 4.3317128
OS 7.2014718 4.3315462
OS 7.2035543 4.3312963
OS 7.2056368 4.3310464
OS 7.2058867 4.3310464
OS 7.2062199 4.3309631
OS 7.2065531 4.3308798
OS 7.2070529 4.3307965
OS 7.207636 4.3306299
OS 7.2090521 4.3302134
OS 7.2106348 4.3297136
OS 7.2123841 4.3290472
OS 7.2142167 4.3282142
OS 7.2160493 4.3271313
OS 7.2161326 4.327048
OS 7.2162992 4.3269647
OS 7.2166324 4.3267148
OS 7.2170489 4.3264649
OS 7.2175487 4.3260484
OS 7.2181318 4.3255486
OS 7.2194646 4.3243824
OS 7.220964 4.3229663
OS 7.2224634 4.3211337
OS 7.2239628 4.3191345
OS 7.2253789 4.3168021
OS 7.2254622 4.3167188
OS 7.2255455 4.3165522
OS 7.2257121 4.3161357
OS 7.225962 4.3156359
OS 7.2262119 4.3150528
OS 7.2264618 4.3143031
OS 7.226795 4.3134701
OS 7.2271282 4.3124705
OS 7.2274614 4.3114709
OS 7.2277946 4.3103047
OS 7.2280445 4.3090552
OS 7.2282944 4.3077224
OS 7.2287109 4.3048069
OS 7.2288775 4.3016415
OS 7.2288775 4.3015582
OS 7.2288775 4.3013083
OS 7.2288775 4.3008085
OS 7.2287942 4.3002254
OS 7.2287942 4.2994757
OS 7.2287109 4.2986427
OS 7.2285443 4.2976431
OS 7.2283777 4.2966435
OS 7.2279612 4.2942278
OS 7.2272948 4.2917288
OS 7.2263785 4.2891465
OS 7.2257954 4.2878137
OS 7.225129 4.2865642
OS 7.225129 4.2864809
OS 7.2249624 4.2863143
OS 7.2247958 4.2858978
OS 7.2244626 4.2854813
OS 7.2241294 4.2848982
OS 7.2237129 4.2843151
OS 7.22263 4.2828157
OS 7.2212972 4.281233
OS 7.2197145 4.2794837
OS 7.2178819 4.277901
OS 7.2158827 4.2764016
OS 7.2157994 4.2764016
OS 7.2156328 4.276235
OS 7.2153829 4.2761517
OS 7.2150497 4.2759018
OS 7.2146332 4.2756519
OS 7.2141334 4.275402
OS 7.2128839 4.2747356
OS 7.2113012 4.2740692
OS 7.2096352 4.2734861
OS 7.2077193 4.272903
OS 7.2056368 4.2724865
OS 7.2053869 4.2724865
OS 7.2050537 4.2724032
OS 7.2047205 4.2723199
OS 7.2041374 4.2723199
OS 7.2035543 4.2722366
OS 7.2028879 4.2721533
OS 7.2021382 4.27207
OS 7.2003889 4.2719034
OS 7.1983897 4.2718201
OS 7.1962239 4.2716535
OS 7.175149 4.2716535
OS 7.175149 4.3318794
OS 7.1961406 4.3318794
OS 7.196807 4.3317961
OE
OB 7.0919323 4.2831489 I
OS 7.1169223 4.2831489
OS 7.1169223 4.2716535
OS 7.0767717 4.2716535
OS 7.0767717 4.3318794
OS 7.0919323 4.3318794
OS 7.0919323 4.2831489
OE
OB 7.1649031 4.320384 I
OS 7.1392467 4.320384
OS 7.1392467 4.3098049
OS 7.1629039 4.3098049
OS 7.1629039 4.2983095
OS 7.1392467 4.2983095
OS 7.1392467 4.2831489
OS 7.1649031 4.2831489
OS 7.1649031 4.2716535
OS 7.1241694 4.2716535
OS 7.1241694 4.3318794
OS 7.1649031 4.3318794
OS 7.1649031 4.320384
OE
OB 7.1938082 4.3206339 H
OS 7.1903096 4.3206339
OS 7.1903096 4.2829823
OS 7.1935583 4.2829823
OS 7.1948911 4.2830656
OS 7.1977233 4.2830656
OS 7.1990561 4.2831489
OS 7.1992227 4.2831489
OS 7.1996392 4.2832322
OS 7.2003056 4.2833155
OS 7.2012219 4.2834821
OS 7.2022215 4.283732
OS 7.2033877 4.2841485
OS 7.2045539 4.2846483
OS 7.2057201 4.2853147
OS 7.2058034 4.2853147
OS 7.2058867 4.285398
OS 7.2063032 4.2857312
OS 7.2069696 4.286231
OS 7.2078026 4.2869807
OS 7.2087189 4.287897
OS 7.2096352 4.2889799
OS 7.2105515 4.2903127
OS 7.2113012 4.2917288
OS 7.2113012 4.2918121
OS 7.2113845 4.2918954
OS 7.2114678 4.2921453
OS 7.2116344 4.2924785
OS 7.211801 4.292895
OS 7.2119676 4.2933948
OS 7.2123008 4.294561
OS 7.212634 4.2960604
OS 7.2129672 4.2977264
OS 7.2132171 4.2996423
OS 7.2133004 4.3018081
OS 7.2133004 4.3018914
OS 7.2133004 4.302058
OS 7.2133004 4.3023912
OS 7.2133004 4.3028077
OS 7.2132171 4.3033075
OS 7.2132171 4.3038906
OS 7.2130505 4.3053067
OS 7.2128006 4.3068894
OS 7.2123841 4.3085554
OS 7.2118843 4.3103047
OS 7.2112179 4.3119707
OS 7.2112179 4.312054
OS 7.2111346 4.3121373
OS 7.2108014 4.3126371
OS 7.2103849 4.3134701
OS 7.2097185 4.3143864
OS 7.2088022 4.3154693
OS 7.2077193 4.3165522
OS 7.2064698 4.3176351
OS 7.2049704 4.3185514
OS 7.2048038 4.3186347
OS 7.2044706 4.3188013
OS 7.2038042 4.3191345
OS 7.2030545 4.3194677
OS 7.2020549 4.3198009
OS 7.200972 4.3201341
OS 7.1998058 4.3203007
OS 7.1985563 4.3204673
OS 7.1979732 4.3204673
OS 7.1972235 4.3205506
OS 7.195141 4.3205506
OS 7.1938082 4.3206339
OE
SE
S P 0
OB 7.258098 1.3704473 I
OS 7.2593475 1.3704473
OS 7.2608469 1.3702807
OS 7.2624296 1.3701141
OS 7.2640123 1.3698642
OS 7.2655117 1.369531
OS 7.2656783 1.369531
OS 7.2661781 1.3693644
OS 7.2669278 1.3691145
OS 7.2678441 1.3688646
OS 7.2688437 1.3684481
OS 7.2700099 1.3680316
OS 7.2711761 1.3674485
OS 7.272259 1.3668654
OS 7.2724256 1.3667821
OS 7.2727588 1.3665322
OS 7.2733419 1.3661157
OS 7.2740083 1.3655326
OS 7.274758 1.3648662
OS 7.2755077 1.3640332
OS 7.2762574 1.3631169
OS 7.2768405 1.362034
OS 7.2769238 1.3618674
OS 7.2770904 1.3615342
OS 7.2773403 1.3609511
OS 7.2776735 1.3601181
OS 7.2779234 1.3591185
OS 7.2781733 1.3580356
OS 7.2783399 1.3567861
OS 7.2784232 1.3554533
OS 7.2784232 1.35537
OS 7.2784232 1.3552034
OS 7.2784232 1.3549535
OS 7.2783399 1.3546203
OS 7.2782566 1.3536207
OS 7.27809 1.3523712
OS 7.2776735 1.3509551
OS 7.2771737 1.3494557
OS 7.276424 1.3479563
OS 7.2754244 1.3464569
OS 7.2752578 1.3462903
OS 7.2749246 1.3458738
OS 7.2742582 1.3452074
OS 7.2733419 1.3443744
OS 7.2721757 1.3435414
OS 7.2708429 1.3427084
OS 7.2693435 1.342042
OS 7.2675942 1.3414589
OS 7.2675942 1.3408758
OS 7.2676775 1.3408758
OS 7.2679274 1.3407925
OS 7.2684272 1.3407092
OS 7.268927 1.3406259
OS 7.2695934 1.3404593
OS 7.2702598 1.3402927
OS 7.2717592 1.3397929
OS 7.2718425 1.3397929
OS 7.2720924 1.3396263
OS 7.2725089 1.3394597
OS 7.2730087 1.3392098
OS 7.2736751 1.3388766
OS 7.2743415 1.3384601
OS 7.2750079 1.337877
OS 7.2757576 1.3372939
OS 7.2758409 1.3372106
OS 7.2760908 1.337044
OS 7.276424 1.3366275
OS 7.2768405 1.336211
OS 7.277257 1.3356279
OS 7.2778401 1.3348782
OS 7.2782566 1.3341285
OS 7.2787564 1.3332122
OS 7.2788397 1.3331289
OS 7.278923 1.3327957
OS 7.2791729 1.3322126
OS 7.2794228 1.3315462
OS 7.2795894 1.3307132
OS 7.2798393 1.3296303
OS 7.2799226 1.3285474
OS 7.2800059 1.3272979
OS 7.2800059 1.3272146
OS 7.2800059 1.3271313
OS 7.2800059 1.3268814
OS 7.2800059 1.3265482
OS 7.2799226 1.3257152
OS 7.2798393 1.3246323
OS 7.2795894 1.3233828
OS 7.2793395 1.32205
OS 7.278923 1.3206339
OS 7.2783399 1.3192178
OS 7.2782566 1.3190512
OS 7.2780067 1.3186347
OS 7.2776735 1.3179683
OS 7.2770904 1.317052
OS 7.276424 1.3161357
OS 7.275591 1.3150528
OS 7.2745914 1.3140532
OS 7.2735085 1.3130536
OS 7.2733419 1.3129703
OS 7.2729254 1.3126371
OS 7.272259 1.3121373
OS 7.271426 1.3116375
OS 7.2702598 1.3109711
OS 7.2690103 1.3103047
OS 7.2675942 1.3097216
OS 7.2660115 1.3091385
OS 7.2659282 1.3091385
OS 7.2658449 1.3090552
OS 7.265595 1.3090552
OS 7.2652618 1.3089719
OS 7.2648453 1.3088053
OS 7.2643455 1.308722
OS 7.263096 1.3084721
OS 7.2615966 1.3082222
OS 7.2598473 1.3080556
OS 7.2578481 1.307889
OS 7.255599 1.3078057
OS 7.2537664 1.3078057
OS 7.2531 1.307889
OS 7.252267 1.307889
OS 7.251434 1.3079723
OS 7.2495181 1.3080556
OS 7.2475189 1.3083055
OS 7.2454364 1.3085554
OS 7.2434372 1.3089719
OS 7.2433539 1.3089719
OS 7.2431873 1.3090552
OS 7.2429374 1.3090552
OS 7.2426042 1.3091385
OS 7.2416879 1.3093884
OS 7.2405217 1.3097216
OS 7.2392722 1.3101381
OS 7.2379394 1.3105546
OS 7.2366066 1.3110544
OS 7.2353571 1.3115542
OS 7.2353571 1.3246323
OS 7.2367732 1.3246323
OS 7.2369398 1.324549
OS 7.2373563 1.3242991
OS 7.2380227 1.3238826
OS 7.2390223 1.3233828
OS 7.2401052 1.3227997
OS 7.241438 1.3221333
OS 7.2429374 1.3214669
OS 7.2445201 1.3208838
OS 7.2446034 1.3208838
OS 7.2446867 1.3208005
OS 7.2449366 1.3207172
OS 7.2452698 1.3206339
OS 7.2461028 1.320384
OS 7.247269 1.3201341
OS 7.2485185 1.3198842
OS 7.2498513 1.3196343
OS 7.2512674 1.3194677
OS 7.2526835 1.3193844
OS 7.2535165 1.3193844
OS 7.2540996 1.3194677
OS 7.2548493 1.3194677
OS 7.255599 1.319551
OS 7.2574316 1.3197176
OS 7.2575149 1.3197176
OS 7.2578481 1.3198009
OS 7.2583479 1.3198842
OS 7.258931 1.3201341
OS 7.2603471 1.3206339
OS 7.2610968 1.3210504
OS 7.2617632 1.3214669
OS 7.2618465 1.3215502
OS 7.2620131 1.3216335
OS 7.262263 1.3218834
OS 7.2625962 1.3221333
OS 7.2633459 1.3229663
OS 7.2640123 1.3239659
OS 7.2640123 1.3240492
OS 7.2641789 1.3242158
OS 7.2642622 1.324549
OS 7.2644288 1.3250488
OS 7.2645954 1.3256319
OS 7.2646787 1.3263816
OS 7.2648453 1.3272146
OS 7.2648453 1.3282142
OS 7.2648453 1.3282975
OS 7.2648453 1.3286307
OS 7.264762 1.3291305
OS 7.2646787 1.3297136
OS 7.2645121 1.33038
OS 7.2643455 1.3310464
OS 7.2640123 1.3317128
OS 7.2635958 1.3322959
OS 7.2635125 1.3323792
OS 7.2633459 1.3325458
OS 7.263096 1.3327957
OS 7.2627628 1.3331289
OS 7.2623463 1.3334621
OS 7.2618465 1.3338786
OS 7.2605137 1.3344617
OS 7.2604304 1.3344617
OS 7.2601805 1.334545
OS 7.259764 1.3347116
OS 7.2591809 1.3348782
OS 7.2585145 1.3349615
OS 7.2577648 1.3351281
OS 7.2568485 1.3352114
OS 7.2558489 1.3352947
OS 7.2548493 1.3352947
OS 7.2542662 1.335378
OS 7.2485185 1.335378
OS 7.2485185 1.3458738
OS 7.2525169 1.3458738
OS 7.2532666 1.3459571
OS 7.2540996 1.3459571
OS 7.2558489 1.3460404
OS 7.2559322 1.3460404
OS 7.2562654 1.3461237
OS 7.2566819 1.3461237
OS 7.2571817 1.3462903
OS 7.2585145 1.3465402
OS 7.259764 1.34704
OS 7.2598473 1.34704
OS 7.2600139 1.3472066
OS 7.2603471 1.3473732
OS 7.2606803 1.3476231
OS 7.2615966 1.3482062
OS 7.2623463 1.3491225
OS 7.2624296 1.3492058
OS 7.2625129 1.3493724
OS 7.2626795 1.3497056
OS 7.2628461 1.3501221
OS 7.2630127 1.3507052
OS 7.263096 1.3513716
OS 7.2632626 1.3521213
OS 7.2632626 1.3529543
OS 7.2632626 1.3530376
OS 7.2632626 1.3532875
OS 7.2631793 1.3535374
OS 7.2631793 1.3539539
OS 7.2628461 1.3549535
OS 7.2626795 1.3554533
OS 7.2623463 1.3558698
OS 7.2623463 1.3559531
OS 7.2621797 1.3560364
OS 7.2617632 1.3565362
OS 7.2610968 1.3571193
OS 7.2602638 1.3577024
OS 7.2601805 1.3577024
OS 7.2600139 1.3577857
OS 7.2596807 1.3579523
OS 7.2593475 1.3581189
OS 7.2588477 1.3582855
OS 7.2582646 1.3584521
OS 7.2568485 1.358702
OS 7.2567652 1.358702
OS 7.2565153 1.3587853
OS 7.2561821 1.3587853
OS 7.2557656 1.3588686
OS 7.2546827 1.3589519
OS 7.2527668 1.3589519
OS 7.2521837 1.3588686
OS 7.2515173 1.3587853
OS 7.2506843 1.358702
OS 7.2490183 1.3583688
OS 7.248935 1.3583688
OS 7.2486018 1.3582855
OS 7.2481853 1.3582022
OS 7.2476022 1.3580356
OS 7.2469358 1.3577857
OS 7.2461861 1.3576191
OS 7.2446034 1.357036
OS 7.2445201 1.357036
OS 7.2443535 1.3569527
OS 7.243937 1.3567861
OS 7.2435205 1.3566195
OS 7.2430207 1.3563696
OS 7.2423543 1.3560364
OS 7.2410215 1.35537
OS 7.2409382 1.35537
OS 7.2406883 1.3552034
OS 7.2404384 1.3550368
OS 7.2400219 1.3547869
OS 7.2391056 1.3542871
OS 7.2386891 1.3541205
OS 7.2383559 1.3538706
OS 7.2371064 1.3538706
OS 7.2371064 1.3666988
OS 7.237273 1.3667821
OS 7.2376895 1.3669487
OS 7.2383559 1.3671986
OS 7.2392722 1.3675318
OS 7.2405217 1.3679483
OS 7.2419378 1.3683648
OS 7.2436038 1.3687813
OS 7.2454364 1.3692811
OS 7.2455197 1.3692811
OS 7.2456863 1.3693644
OS 7.2459362 1.3693644
OS 7.2463527 1.3694477
OS 7.2468525 1.3696143
OS 7.2473523 1.3696976
OS 7.2487684 1.3699475
OS 7.2503511 1.3701141
OS 7.2521837 1.370364
OS 7.2541829 1.3704473
OS 7.2561821 1.3705306
OS 7.2575982 1.3705306
OS 7.258098 1.3704473
OE
OB 7.2136991 1.319551 I
OS 7.2261108 1.319551
OS 7.2261108 1.3090552
OS 7.1863767 1.3090552
OS 7.1863767 1.319551
OS 7.1990383 1.319551
OS 7.1990383 1.3513716
OS 7.1863767 1.3513716
OS 7.1863767 1.361201
OS 7.1873763 1.361201
OS 7.188126 1.3612843
OS 7.188959 1.3612843
OS 7.1898753 1.3613676
OS 7.1918745 1.3615342
OS 7.1919578 1.3615342
OS 7.1923743 1.3616175
OS 7.1928741 1.3617008
OS 7.1934572 1.3617841
OS 7.1948733 1.3622006
OS 7.195623 1.3624505
OS 7.1962894 1.3627004
OS 7.1963727 1.3627837
OS 7.1966226 1.362867
OS 7.1969558 1.3631169
OS 7.1973723 1.3633668
OS 7.1983719 1.3641998
OS 7.1992882 1.3652827
OS 7.1993715 1.365366
OS 7.1994548 1.3656159
OS 7.1996214 1.3659491
OS 7.1998713 1.3664489
OS 7.2000379 1.367032
OS 7.2002045 1.3677817
OS 7.2003711 1.3685314
OS 7.2004544 1.3694477
OS 7.2136991 1.3694477
OS 7.2136991 1.319551
OE
OB 7.1575549 1.3704473 I
OS 7.1585545 1.3704473
OS 7.1596374 1.370364
OS 7.1618032 1.3701141
OS 7.1619698 1.3701141
OS 7.162303 1.3700308
OS 7.1628861 1.3699475
OS 7.1636358 1.3697809
OS 7.1644688 1.3696143
OS 7.1653851 1.3694477
OS 7.1673843 1.3689479
OS 7.1674676 1.3689479
OS 7.1677175 1.3688646
OS 7.168134 1.368698
OS 7.1687171 1.3685314
OS 7.1693835 1.3682815
OS 7.1701332 1.3680316
OS 7.1717992 1.3672819
OS 7.1718825 1.3671986
OS 7.1722157 1.3671153
OS 7.1726322 1.3669487
OS 7.1732153 1.3666988
OS 7.1745481 1.3661157
OS 7.1752145 1.3657825
OS 7.1757976 1.3654493
OS 7.1757976 1.351205
OS 7.1742149 1.351205
OS 7.1741316 1.3512883
OS 7.1740483 1.3513716
OS 7.1737984 1.3515382
OS 7.1734652 1.3518714
OS 7.1726322 1.3525378
OS 7.171466 1.3534541
OS 7.1713827 1.3535374
OS 7.1712161 1.353704
OS 7.1707996 1.3539539
OS 7.1703831 1.3542871
OS 7.1698 1.3547036
OS 7.1692169 1.3551201
OS 7.1677175 1.3561197
OS 7.1676342 1.356203
OS 7.1673843 1.3563696
OS 7.1668845 1.3565362
OS 7.1663847 1.3568694
OS 7.165635 1.3572026
OS 7.1648853 1.3575358
OS 7.163969 1.3579523
OS 7.1630527 1.3582855
OS 7.1629694 1.3583688
OS 7.1626362 1.3584521
OS 7.1621364 1.3586187
OS 7.16147 1.3587853
OS 7.160637 1.3589519
OS 7.159804 1.3590352
OS 7.1588044 1.3592018
OS 7.1572217 1.3592018
OS 7.1566386 1.3591185
OS 7.1558056 1.3590352
OS 7.1548893 1.3589519
OS 7.1538897 1.3587853
OS 7.1528901 1.3584521
OS 7.1518072 1.3581189
OS 7.1517239 1.3580356
OS 7.1513907 1.3579523
OS 7.1508076 1.3577024
OS 7.1501412 1.3572859
OS 7.1493915 1.3567861
OS 7.1484752 1.356203
OS 7.1475589 1.3554533
OS 7.1466426 1.354537
OS 7.1465593 1.3544537
OS 7.1463094 1.3541205
OS 7.1458929 1.3536207
OS 7.1453098 1.3529543
OS 7.1447267 1.352038
OS 7.1441436 1.3509551
OS 7.1435605 1.3497056
OS 7.1429774 1.3482895
OS 7.1429774 1.3482062
OS 7.1428941 1.3481229
OS 7.1428108 1.347873
OS 7.1427275 1.3476231
OS 7.1425609 1.3467901
OS 7.142311 1.3457072
OS 7.1419778 1.3442911
OS 7.1418112 1.3427084
OS 7.1416446 1.3409591
OS 7.1415613 1.3390432
OS 7.1415613 1.3389599
OS 7.1415613 1.3387933
OS 7.1415613 1.3385434
OS 7.1415613 1.3381269
OS 7.1416446 1.3376271
OS 7.1416446 1.337044
OS 7.1417279 1.3357945
OS 7.1418945 1.3342951
OS 7.1421444 1.3327124
OS 7.1424776 1.3311297
OS 7.1429774 1.3296303
OS 7.1430607 1.3294637
OS 7.1432273 1.3289639
OS 7.1435605 1.3282975
OS 7.1440603 1.3274645
OS 7.1445601 1.3264649
OS 7.1452265 1.325382
OS 7.1460595 1.3243824
OS 7.1468925 1.3234661
OS 7.1469758 1.3233828
OS 7.147309 1.3231329
OS 7.1478088 1.3227164
OS 7.1484752 1.3222166
OS 7.1492249 1.3217168
OS 7.1501412 1.3211337
OS 7.1511408 1.3206339
OS 7.1521404 1.3202174
OS 7.152307 1.3202174
OS 7.1526402 1.3200508
OS 7.1532233 1.3198842
OS 7.153973 1.3197176
OS 7.154806 1.319551
OS 7.1558056 1.3193844
OS 7.1568052 1.3193011
OS 7.1578881 1.3192178
OS 7.1583879 1.3192178
OS 7.158971 1.3193011
OS 7.1597207 1.3193011
OS 7.1605537 1.3194677
OS 7.1615533 1.3196343
OS 7.1625529 1.3198009
OS 7.1635525 1.3201341
OS 7.1636358 1.3202174
OS 7.1640523 1.3203007
OS 7.1645521 1.3205506
OS 7.1651352 1.3208005
OS 7.1658849 1.3211337
OS 7.1666346 1.3214669
OS 7.1673843 1.3219667
OS 7.168134 1.3223832
OS 7.1682173 1.3224665
OS 7.1684672 1.3226331
OS 7.1688837 1.322883
OS 7.1693835 1.3231329
OS 7.1705497 1.3239659
OS 7.1717159 1.3248822
OS 7.1717992 1.3249655
OS 7.1719658 1.3251321
OS 7.1722157 1.3252987
OS 7.1726322 1.3256319
OS 7.1734652 1.3263816
OS 7.1743815 1.3272146
OS 7.1757976 1.3272146
OS 7.1757976 1.3130536
OS 7.1757143 1.3130536
OS 7.1754644 1.312887
OS 7.1751312 1.3127204
OS 7.1747147 1.3125538
OS 7.1741316 1.3122206
OS 7.1734652 1.3119707
OS 7.1718825 1.311221
OS 7.1717992 1.311221
OS 7.1715493 1.3110544
OS 7.1710495 1.3108878
OS 7.1705497 1.3106379
OS 7.1698833 1.310388
OS 7.1691336 1.3101381
OS 7.1674676 1.309555
OS 7.1673843 1.309555
OS 7.1669678 1.3094717
OS 7.166468 1.3093051
OS 7.1657183 1.3091385
OS 7.1648853 1.3089719
OS 7.1640523 1.308722
OS 7.1621364 1.3083888
OS 7.1620531 1.3083888
OS 7.1617199 1.3083055
OS 7.1611368 1.3082222
OS 7.1603871 1.3081389
OS 7.1594708 1.3080556
OS 7.1583046 1.3079723
OS 7.1568885 1.307889
OS 7.154806 1.307889
OS 7.1540563 1.3079723
OS 7.15314 1.3080556
OS 7.1519738 1.3081389
OS 7.150641 1.3083055
OS 7.1492249 1.3085554
OS 7.1476422 1.3088886
OS 7.1458929 1.3093051
OS 7.1441436 1.3098882
OS 7.1423943 1.3105546
OS 7.1405617 1.3113043
OS 7.1388124 1.3123039
OS 7.1370631 1.3133868
OS 7.1354804 1.3146363
OS 7.1338977 1.3160524
OS 7.1338144 1.3161357
OS 7.1335645 1.3164689
OS 7.133148 1.3168854
OS 7.1326482 1.3175518
OS 7.1320651 1.3183848
OS 7.1313987 1.3193844
OS 7.130649 1.3206339
OS 7.1299826 1.3219667
OS 7.1292329 1.3235494
OS 7.1284832 1.3252987
OS 7.1278168 1.3271313
OS 7.1272337 1.3292138
OS 7.1267339 1.3314629
OS 7.1263174 1.3338786
OS 7.1260675 1.3363776
OS 7.1259842 1.3391265
OS 7.1259842 1.3392098
OS 7.1259842 1.3392931
OS 7.1259842 1.3397929
OS 7.1260675 1.3405426
OS 7.1261508 1.3415422
OS 7.1262341 1.3427084
OS 7.1264007 1.3441245
OS 7.1266506 1.3457072
OS 7.1269838 1.3473732
OS 7.1274003 1.3491225
OS 7.1279001 1.3510384
OS 7.1285665 1.352871
OS 7.1293162 1.3547869
OS 7.1302325 1.3567028
OS 7.1313154 1.3585354
OS 7.1324816 1.3602847
OS 7.1338977 1.3619507
OS 7.133981 1.362034
OS 7.1342309 1.3622839
OS 7.1347307 1.3627837
OS 7.1353971 1.3632835
OS 7.1361468 1.3639499
OS 7.1371464 1.3646996
OS 7.1383126 1.3654493
OS 7.1395621 1.3662823
OS 7.1410615 1.367032
OS 7.1426442 1.3677817
OS 7.1443935 1.3685314
OS 7.1463094 1.3691978
OS 7.1483919 1.3697809
OS 7.1505577 1.3701974
OS 7.1528901 1.3704473
OS 7.1553891 1.3705306
OS 7.1566386 1.3705306
OS 7.1575549 1.3704473
OE
SE
S P 0
OB 7.2544853 3.8982911 I
OS 7.266897 3.8982911
OS 7.266897 3.8877953
OS 7.2271629 3.8877953
OS 7.2271629 3.8982911
OS 7.2398245 3.8982911
OS 7.2398245 3.9301117
OS 7.2271629 3.9301117
OS 7.2271629 3.9399411
OS 7.2281625 3.9399411
OS 7.2289122 3.9400244
OS 7.2297452 3.9400244
OS 7.2306615 3.9401077
OS 7.2326607 3.9402743
OS 7.232744 3.9402743
OS 7.2331605 3.9403576
OS 7.2336603 3.9404409
OS 7.2342434 3.9405242
OS 7.2356595 3.9409407
OS 7.2364092 3.9411906
OS 7.2370756 3.9414405
OS 7.2371589 3.9415238
OS 7.2374088 3.9416071
OS 7.237742 3.941857
OS 7.2381585 3.9421069
OS 7.2391581 3.9429399
OS 7.2400744 3.9440228
OS 7.2401577 3.9441061
OS 7.240241 3.944356
OS 7.2404076 3.9446892
OS 7.2406575 3.945189
OS 7.2408241 3.9457721
OS 7.2409907 3.9465218
OS 7.2411573 3.9472715
OS 7.2412406 3.9481878
OS 7.2544853 3.9481878
OS 7.2544853 3.8982911
OE
OB 7.1925101 3.9479379 I
OS 7.1938429 3.9478546
OS 7.195259 3.9477713
OS 7.1967584 3.9476047
OS 7.1981745 3.9473548
OS 7.1983411 3.9473548
OS 7.1988409 3.9471882
OS 7.1995073 3.9470216
OS 7.2004236 3.9467717
OS 7.2015065 3.9464385
OS 7.2026727 3.946022
OS 7.2039222 3.9454389
OS 7.2050884 3.9447725
OS 7.205255 3.9446892
OS 7.2055882 3.9444393
OS 7.2062546 3.9439395
OS 7.206921 3.9433564
OS 7.207754 3.9426067
OS 7.2086703 3.9416904
OS 7.2095033 3.9406908
OS 7.210253 3.9395246
OS 7.2103363 3.939358
OS 7.2105862 3.9389415
OS 7.2108361 3.9382751
OS 7.2112526 3.9373588
OS 7.2115858 3.9361926
OS 7.2118357 3.9347765
OS 7.2120856 3.9331938
OS 7.2121689 3.9314445
OS 7.2121689 3.9313612
OS 7.2121689 3.9311113
OS 7.2121689 3.9307781
OS 7.2120856 3.9302783
OS 7.2120856 3.9296952
OS 7.2120023 3.9290288
OS 7.2117524 3.9274461
OS 7.2114192 3.9256968
OS 7.2108361 3.9237809
OS 7.2100864 3.9219483
OS 7.2090035 3.920199
OS 7.2090035 3.9201157
OS 7.2088369 3.9200324
OS 7.2086703 3.9197825
OS 7.2084204 3.9194493
OS 7.207754 3.9186996
OS 7.2068377 3.9177
OS 7.2055882 3.9166171
OS 7.2041721 3.9155342
OS 7.2025061 3.914368
OS 7.2006735 3.9133684
OS 7.2209987 3.8877953
OS 7.2025061 3.8877953
OS 7.1857628 3.9098698
OS 7.1804316 3.9098698
OS 7.1804316 3.8877953
OS 7.1653543 3.8877953
OS 7.1653543 3.9480212
OS 7.1912606 3.9480212
OS 7.1925101 3.9479379
OE
OB 7.1871789 3.9370256 H
OS 7.1804316 3.9370256
OS 7.1804316 3.9206988
OS 7.1857628 3.9206988
OS 7.1865125 3.9207821
OS 7.1873455 3.9207821
OS 7.1882618 3.9208654
OS 7.1891781 3.9209487
OS 7.1900111 3.921032
OS 7.1900944 3.921032
OS 7.1903443 3.9211153
OS 7.1907608 3.9211986
OS 7.1912606 3.9213652
OS 7.1925101 3.9219483
OS 7.1936763 3.922698
OS 7.1937596 3.9227813
OS 7.1939262 3.9229479
OS 7.1941761 3.9231145
OS 7.1945093 3.9234477
OS 7.195259 3.924364
OS 7.1958421 3.9254469
OS 7.1958421 3.9255302
OS 7.1959254 3.9256968
OS 7.196092 3.9261133
OS 7.1962586 3.9265298
OS 7.1963419 3.9271962
OS 7.1965085 3.9278626
OS 7.1965918 3.9286956
OS 7.1965918 3.9296119
OS 7.1965918 3.9296952
OS 7.1965918 3.9300284
OS 7.1965085 3.9304449
OS 7.1965085 3.9309447
OS 7.1961753 3.9321942
OS 7.1960087 3.9328606
OS 7.1956755 3.933527
OS 7.1956755 3.9336103
OS 7.1955089 3.9337769
OS 7.1953423 3.9341101
OS 7.1950091 3.9344433
OS 7.1945926 3.9348598
OS 7.1940928 3.9352763
OS 7.1935097 3.9356928
OS 7.1928433 3.936026
OS 7.19276 3.936026
OS 7.1925934 3.9361093
OS 7.1923435 3.9362759
OS 7.191927 3.9363592
OS 7.1909274 3.9366924
OS 7.1896779 3.936859
OS 7.1893447 3.936859
OS 7.1890115 3.9369423
OS 7.1878453 3.9369423
OS 7.1871789 3.9370256
OE
SE
S P 0
OB 7.5591998 2.2047245 I
OS 7.5310038 2.2047245
OS 7.4942006 2.3120176
OS 7.5220998 2.3120177
OS 7.545547 2.2390049
OS 7.5689942 2.3120177
OS 7.5961514 2.3120177
OS 7.5591998 2.2047245
OE
OB 7.7395058 2.2047245 I
OS 7.711755 2.2047245
OS 7.705077 2.2265393
OS 7.6712418 2.2265393
OS 7.6645638 2.2047245
OS 7.6377034 2.2047245
OS 7.673913 2.3120177
OS 7.7031478 2.3120177
OS 7.7395058 2.2047245
OE
OB 7.8002014 2.3140953 I
OS 7.8019822 2.3140953
OS 7.8039114 2.3139469
OS 7.8077698 2.3135017
OS 7.8080666 2.3135017
OS 7.8086602 2.3133533
OS 7.809699 2.3132049
OS 7.8110346 2.3129081
OS 7.8125186 2.3126113
OS 7.814151 2.3123145
OS 7.8177126 2.3114241
OS 7.817861 2.3114241
OS 7.8183062 2.3112757
OS 7.8190482 2.3109789
OS 7.820087 2.3106821
OS 7.8212742 2.3102369
OS 7.8226098 2.3097917
OS 7.8255778 2.3084561
OS 7.8257262 2.3083077
OS 7.8263198 2.3081593
OS 7.8270618 2.3078625
OS 7.8281006 2.3074173
OS 7.830475 2.3063785
OS 7.8316622 2.3057849
OS 7.832701 2.3051913
OS 7.832701 2.2798149
OS 7.8298814 2.2798149
OS 7.829733 2.2799633
OS 7.8295846 2.2801117
OS 7.8291394 2.2804085
OS 7.8285458 2.2810021
OS 7.8270618 2.2821893
OS 7.8249842 2.2838217
OS 7.8248358 2.2839701
OS 7.824539 2.2842669
OS 7.823797 2.2847121
OS 7.823055 2.2853057
OS 7.8220162 2.2860477
OS 7.8209774 2.2867897
OS 7.8183062 2.2885705
OS 7.8181578 2.2887189
OS 7.8177126 2.2890157
OS 7.8168222 2.2893125
OS 7.8159318 2.2899061
OS 7.8145962 2.2904997
OS 7.8132606 2.2910933
OS 7.8116282 2.2918353
OS 7.8099958 2.2924289
OS 7.8098474 2.2925773
OS 7.8092538 2.2927257
OS 7.8083634 2.2930225
OS 7.8071762 2.2933193
OS 7.8056922 2.2936161
OS 7.8042082 2.2937645
OS 7.8024274 2.2940613
OS 7.7996078 2.2940613
OS 7.798569 2.2939129
OS 7.797085 2.2937645
OS 7.7954526 2.2936161
OS 7.7936718 2.2933193
OS 7.791891 2.2927257
OS 7.7899618 2.2921321
OS 7.7898134 2.2919837
OS 7.7892198 2.2918353
OS 7.788181 2.2913901
OS 7.7869938 2.2906481
OS 7.7856582 2.2897577
OS 7.7840258 2.2887189
OS 7.7823934 2.2873833
OS 7.780761 2.2857509
OS 7.7806126 2.2856025
OS 7.7801674 2.2850089
OS 7.7794254 2.2841185
OS 7.7783866 2.2829313
OS 7.7773478 2.2812989
OS 7.776309 2.2793697
OS 7.7752702 2.2771437
OS 7.7742314 2.2746209
OS 7.7742314 2.2744725
OS 7.774083 2.2743241
OS 7.7739346 2.2738789
OS 7.7737862 2.2734337
OS 7.7734894 2.2719497
OS 7.7730442 2.2700205
OS 7.7724506 2.2674977
OS 7.7721538 2.2646781
OS 7.771857 2.2615617
OS 7.7717086 2.2581485
OS 7.7717086 2.2580001
OS 7.7717086 2.2577033
OS 7.7717086 2.2572581
OS 7.7717086 2.2565161
OS 7.771857 2.2556257
OS 7.771857 2.2545869
OS 7.7720054 2.2523609
OS 7.7723022 2.2496897
OS 7.7727474 2.2468701
OS 7.773341 2.2440505
OS 7.7742314 2.2413793
OS 7.7743798 2.2410825
OS 7.7746766 2.2401921
OS 7.7752702 2.2390049
OS 7.7761606 2.2375209
OS 7.777051 2.2357401
OS 7.7782382 2.2338109
OS 7.7797222 2.2320301
OS 7.7812062 2.2303977
OS 7.7813546 2.2302493
OS 7.7819482 2.2298041
OS 7.7828386 2.2290621
OS 7.7840258 2.2281717
OS 7.7853614 2.2272813
OS 7.7869938 2.2262425
OS 7.7887746 2.2253521
OS 7.7905554 2.2246101
OS 7.7908522 2.2246101
OS 7.7914458 2.2243133
OS 7.7924846 2.2240165
OS 7.7938202 2.2237197
OS 7.7953042 2.2234229
OS 7.797085 2.2231261
OS 7.7988658 2.2229777
OS 7.800795 2.2228293
OS 7.8016854 2.2228293
OS 7.8027242 2.2229777
OS 7.8040598 2.2229777
OS 7.8055438 2.2232745
OS 7.8073246 2.2235713
OS 7.8091054 2.2238681
OS 7.8108862 2.2244617
OS 7.8110346 2.2246101
OS 7.8117766 2.2247585
OS 7.812667 2.2252037
OS 7.8137058 2.2256489
OS 7.8150414 2.2262425
OS 7.816377 2.2268361
OS 7.8177126 2.2277265
OS 7.8190482 2.2284685
OS 7.8191966 2.2286169
OS 7.8196418 2.2289137
OS 7.8203838 2.2293589
OS 7.8212742 2.2298041
OS 7.8233518 2.2312881
OS 7.8254294 2.2329205
OS 7.8255778 2.2330689
OS 7.8258746 2.2333657
OS 7.8263198 2.2336625
OS 7.8270618 2.2342561
OS 7.8285458 2.2355917
OS 7.8301782 2.2370757
OS 7.832701 2.2370757
OS 7.832701 2.2118477
OS 7.8325526 2.2118477
OS 7.8321074 2.2115509
OS 7.8315138 2.2112541
OS 7.8307718 2.2109573
OS 7.829733 2.2103637
OS 7.8285458 2.2099185
OS 7.8257262 2.2085829
OS 7.8255778 2.2085829
OS 7.8251326 2.2082861
OS 7.8242422 2.2079893
OS 7.8233518 2.2075441
OS 7.8221646 2.2070989
OS 7.820829 2.2066537
OS 7.817861 2.2056149
OS 7.8177126 2.2056149
OS 7.8169706 2.2054665
OS 7.8160802 2.2051697
OS 7.8147446 2.2048729
OS 7.8132606 2.2045761
OS 7.8117766 2.2041309
OS 7.8083634 2.2035373
OS 7.808215 2.2035373
OS 7.8076214 2.2033889
OS 7.8065826 2.2032405
OS 7.805247 2.2030921
OS 7.8036146 2.2029437
OS 7.801537 2.2027953
OS 7.7990142 2.2026469
OS 7.7953042 2.2026469
OS 7.7939686 2.2027953
OS 7.7923362 2.2029437
OS 7.7902586 2.2030921
OS 7.7878842 2.2033889
OS 7.7853614 2.2038341
OS 7.7825418 2.2044277
OS 7.7794254 2.2051697
OS 7.776309 2.2062085
OS 7.7731926 2.2073957
OS 7.7699278 2.2087313
OS 7.7668114 2.2105121
OS 7.763695 2.2124413
OS 7.7608754 2.2146673
OS 7.7580558 2.2171901
OS 7.7579074 2.2173385
OS 7.7574622 2.2179321
OS 7.7567202 2.2186741
OS 7.7558298 2.2198613
OS 7.754791 2.2213453
OS 7.7536038 2.2231261
OS 7.7522682 2.2253521
OS 7.751081 2.2277265
OS 7.7497454 2.2305461
OS 7.7484098 2.2336625
OS 7.7472226 2.2369273
OS 7.7461838 2.2406373
OS 7.7452934 2.2446441
OS 7.7445514 2.2489477
OS 7.7441062 2.2533997
OS 7.7439578 2.2582969
OS 7.7439578 2.2584453
OS 7.7439578 2.2585937
OS 7.7439578 2.2594841
OS 7.7441062 2.2608197
OS 7.7442546 2.2626005
OS 7.744403 2.2646781
OS 7.7446998 2.2672009
OS 7.745145 2.2700205
OS 7.7457386 2.2729885
OS 7.7464806 2.2761049
OS 7.747371 2.2795181
OS 7.7485582 2.2827829
OS 7.7498938 2.2861961
OS 7.7515262 2.2896093
OS 7.7534554 2.2928741
OS 7.755533 2.2959905
OS 7.7580558 2.2989585
OS 7.7582042 2.2991069
OS 7.7586494 2.2995521
OS 7.7595398 2.3004425
OS 7.760727 2.3013329
OS 7.7620626 2.3025201
OS 7.7638434 2.3038557
OS 7.765921 2.3051913
OS 7.768147 2.3066753
OS 7.7708182 2.3080109
OS 7.7736378 2.3093465
OS 7.7767542 2.3106821
OS 7.7801674 2.3118693
OS 7.7838774 2.3129081
OS 7.7877358 2.3136501
OS 7.791891 2.3140953
OS 7.796343 2.3142437
OS 7.798569 2.3142437
OS 7.8002014 2.3140953
OE
OB 7.451313 2.3140952 I
OS 7.4523518 2.3140952
OS 7.4551714 2.3137984
OS 7.4581394 2.3133532
OS 7.4614042 2.3126112
OS 7.464669 2.3117208
OS 7.467637 2.3105336
OS 7.4677854 2.3105336
OS 7.4679338 2.3103852
OS 7.468379 2.3100884
OS 7.4689726 2.3097916
OS 7.4703082 2.3090496
OS 7.472089 2.3078624
OS 7.4741666 2.30623
OS 7.4762442 2.3044492
OS 7.4784702 2.3022232
OS 7.4803994 2.2997004
OS 7.4803994 2.299552
OS 7.4805478 2.2994036
OS 7.4808446 2.2989584
OS 7.4811414 2.2983648
OS 7.4820318 2.2968808
OS 7.4830706 2.2948032
OS 7.4842578 2.2922804
OS 7.485445 2.2893124
OS 7.4866322 2.2858992
OS 7.4875226 2.2821892
OS 7.4875226 2.2820408
OS 7.487671 2.281744
OS 7.487671 2.2811504
OS 7.4878194 2.2804084
OS 7.4881162 2.2793696
OS 7.4882646 2.2781824
OS 7.488413 2.2768468
OS 7.4887098 2.2753628
OS 7.4888582 2.273582
OS 7.4890066 2.2718012
OS 7.4894518 2.2677944
OS 7.4896002 2.263194
OS 7.4897486 2.2582968
OS 7.4897486 2.2581484
OS 7.4897486 2.2577032
OS 7.4897486 2.2569612
OS 7.4897486 2.2559224
OS 7.4897486 2.2547352
OS 7.4896002 2.2533996
OS 7.4896002 2.2517672
OS 7.4894518 2.2501348
OS 7.489155 2.2462764
OS 7.4887098 2.2422696
OS 7.4881162 2.237966
OS 7.4873742 2.2339592
OS 7.4873742 2.2338108
OS 7.4872258 2.233514
OS 7.4870774 2.2329204
OS 7.486929 2.2321784
OS 7.4867806 2.231288
OS 7.4864838 2.2302492
OS 7.4855934 2.2278748
OS 7.484703 2.2252036
OS 7.4833674 2.2222356
OS 7.4820318 2.219416
OS 7.480251 2.2165964
OS 7.480251 2.216448
OS 7.4801026 2.2162996
OS 7.4793606 2.2154092
OS 7.4783218 2.214222
OS 7.4768378 2.212738
OS 7.475057 2.2109572
OS 7.472831 2.2091764
OS 7.4703082 2.207544
OS 7.4674886 2.20606
OS 7.4673402 2.20606
OS 7.4671918 2.2059116
OS 7.4667466 2.2057632
OS 7.466153 2.2054664
OS 7.465411 2.2051696
OS 7.4645206 2.2048728
OS 7.4621462 2.2042792
OS 7.459475 2.2036856
OS 7.4562102 2.203092
OS 7.4525002 2.2026468
OS 7.448345 2.2024984
OS 7.4464158 2.2024984
OS 7.4455254 2.2026468
OS 7.4443382 2.2026468
OS 7.441667 2.2029436
OS 7.438699 2.2033888
OS 7.4355826 2.2039824
OS 7.4323178 2.2048728
OS 7.4292014 2.20606
OS 7.429053 2.20606
OS 7.4289046 2.2062084
OS 7.4284594 2.2065052
OS 7.4278658 2.206802
OS 7.4265302 2.207544
OS 7.424601 2.2087312
OS 7.4226718 2.2102152
OS 7.4204458 2.2121444
OS 7.4183682 2.214222
OS 7.416439 2.2167448
OS 7.416439 2.2168932
OS 7.4162906 2.2170416
OS 7.4159938 2.2174868
OS 7.415697 2.217932
OS 7.4148066 2.2195644
OS 7.4137678 2.2214936
OS 7.4125806 2.2240164
OS 7.4113934 2.2269844
OS 7.4102062 2.2303976
OS 7.4093158 2.2341076
OS 7.4093158 2.234256
OS 7.4091674 2.2345528
OS 7.4091674 2.2351464
OS 7.409019 2.2358884
OS 7.4088706 2.2369272
OS 7.4085738 2.2381144
OS 7.4084254 2.23945
OS 7.408277 2.2410824
OS 7.4079802 2.2427148
OS 7.4078318 2.244644
OS 7.4073866 2.2486508
OS 7.4072382 2.2532512
OS 7.4070898 2.2582968
OS 7.4070898 2.2584452
OS 7.4070898 2.2588904
OS 7.4070898 2.2596324
OS 7.4070898 2.2606712
OS 7.4070898 2.2618584
OS 7.4072382 2.2633424
OS 7.4072382 2.2649748
OS 7.4073866 2.2667556
OS 7.407535 2.2704656
OS 7.4079802 2.2746208
OS 7.4084254 2.2786276
OS 7.4091674 2.2826344
OS 7.4091674 2.2827828
OS 7.4093158 2.2830796
OS 7.4094642 2.2836732
OS 7.4096126 2.2842668
OS 7.4099094 2.2851572
OS 7.4102062 2.286196
OS 7.4109482 2.2885704
OS 7.411987 2.2912416
OS 7.4131742 2.2942096
OS 7.4148066 2.2971776
OS 7.4165874 2.2999972
OS 7.4165874 2.3001456
OS 7.4168842 2.300294
OS 7.4174778 2.3011844
OS 7.418665 2.3023716
OS 7.420149 2.304004
OS 7.4219298 2.3057848
OS 7.4241558 2.3075656
OS 7.4266786 2.309198
OS 7.4294982 2.310682
OS 7.4296466 2.310682
OS 7.429795 2.3108304
OS 7.4302402 2.3109788
OS 7.4308338 2.3112756
OS 7.4317242 2.3115724
OS 7.4326146 2.3118692
OS 7.4348406 2.3124628
OS 7.4375118 2.3130564
OS 7.4407766 2.31365
OS 7.4443382 2.3140952
OS 7.448345 2.3142436
OS 7.4502742 2.3142436
OS 7.451313 2.3140952
OE
OB 7.3567822 2.3140952 I
OS 7.3584146 2.3139468
OS 7.3601954 2.3137984
OS 7.362273 2.3135016
OS 7.364499 2.3132048
OS 7.3690994 2.312166
OS 7.3716222 2.311424
OS 7.3739966 2.310682
OS 7.376371 2.3096432
OS 7.378597 2.308456
OS 7.3806746 2.3071204
OS 7.3826038 2.3056364
OS 7.3827522 2.305488
OS 7.383049 2.3051912
OS 7.3834942 2.304746
OS 7.3842362 2.3041524
OS 7.3849782 2.303262
OS 7.3857202 2.3022232
OS 7.3866106 2.3008876
OS 7.3876494 2.299552
OS 7.3885398 2.2979196
OS 7.3894302 2.2961388
OS 7.3901722 2.2940612
OS 7.3910626 2.2919836
OS 7.3916562 2.2897576
OS 7.3921014 2.2872348
OS 7.3923982 2.2845636
OS 7.3925466 2.281744
OS 7.3925466 2.2815956
OS 7.3925466 2.2812988
OS 7.3925466 2.2808536
OS 7.3925466 2.2801116
OS 7.3923982 2.2792212
OS 7.3922498 2.2781824
OS 7.391953 2.275808
OS 7.3913594 2.27284
OS 7.3906174 2.2697236
OS 7.3894302 2.2663104
OS 7.3879462 2.2628972
OS 7.3879462 2.2627488
OS 7.3877978 2.262452
OS 7.387501 2.2620068
OS 7.3870558 2.2612648
OS 7.3866106 2.2605228
OS 7.386017 2.259484
OS 7.3843846 2.2571096
OS 7.382307 2.2541416
OS 7.3797842 2.2508768
OS 7.3766678 2.2473152
OS 7.3731062 2.2434568
OS 7.3728094 2.24316
OS 7.3720674 2.242418
OS 7.3707318 2.2410824
OS 7.3690994 2.2395984
OS 7.3671702 2.2378176
OS 7.3650926 2.2358884
OS 7.3604922 2.2318816
OS 7.3601954 2.2317332
OS 7.3594534 2.2311396
OS 7.3584146 2.2302492
OS 7.357079 2.2292104
OS 7.354111 2.226836
OS 7.3527754 2.2257972
OS 7.3515882 2.2249068
OS 7.3972954 2.2249068
OS 7.3972954 2.2047244
OS 7.3183466 2.2047244
OS 7.3183466 2.2220872
OS 7.318495 2.2222356
OS 7.3187918 2.222384
OS 7.3193854 2.2228292
OS 7.319979 2.2234228
OS 7.3208694 2.2241648
OS 7.3219082 2.2250552
OS 7.3242826 2.2269844
OS 7.3271022 2.2292104
OS 7.3300702 2.2317332
OS 7.3331866 2.2344044
OS 7.336303 2.2370756
OS 7.3364514 2.237224
OS 7.3365998 2.2373724
OS 7.337045 2.2378176
OS 7.3376386 2.2382628
OS 7.3391226 2.2395984
OS 7.3410518 2.2413792
OS 7.3432778 2.2434568
OS 7.3456522 2.2458312
OS 7.3480266 2.2482056
OS 7.350401 2.25058
OS 7.3505494 2.2507284
OS 7.3506978 2.2510252
OS 7.351143 2.251322
OS 7.3517366 2.2519156
OS 7.3530722 2.253548
OS 7.354853 2.2554772
OS 7.3566338 2.2578516
OS 7.358563 2.260226
OS 7.3603438 2.2627488
OS 7.3618278 2.2651232
OS 7.3619762 2.26542
OS 7.3624214 2.266162
OS 7.363015 2.2674976
OS 7.3636086 2.26913
OS 7.3642022 2.2710592
OS 7.3647958 2.2731368
OS 7.365241 2.2755112
OS 7.3653894 2.278034
OS 7.3653894 2.2781824
OS 7.3653894 2.2783308
OS 7.3653894 2.2792212
OS 7.3650926 2.2807052
OS 7.3647958 2.2823376
OS 7.3642022 2.2841184
OS 7.3634602 2.2860476
OS 7.362273 2.2879768
OS 7.360789 2.2896092
OS 7.3606406 2.2897576
OS 7.360047 2.2902028
OS 7.3590082 2.2909448
OS 7.3575242 2.2916868
OS 7.3557434 2.2922804
OS 7.3536658 2.2930224
OS 7.351143 2.2934676
OS 7.3483234 2.293616
OS 7.3468394 2.293616
OS 7.3458006 2.2934676
OS 7.3446134 2.2933192
OS 7.3434262 2.2931708
OS 7.3406066 2.2925772
OS 7.3404582 2.2925772
OS 7.340013 2.2924288
OS 7.339271 2.292132
OS 7.3382322 2.2918352
OS 7.3371934 2.2915384
OS 7.3358578 2.2909448
OS 7.3331866 2.289906
OS 7.3330382 2.289906
OS 7.332593 2.2896092
OS 7.331851 2.2893124
OS 7.3309606 2.2888672
OS 7.328883 2.2878284
OS 7.3268054 2.2864928
OS 7.326657 2.2864928
OS 7.3263602 2.286196
OS 7.3254698 2.2856024
OS 7.3241342 2.2848604
OS 7.3230954 2.2841184
OS 7.3210178 2.2841184
OS 7.3210178 2.3074172
OS 7.3211662 2.3075656
OS 7.3219082 2.3078624
OS 7.322947 2.3083076
OS 7.324431 2.3087528
OS 7.3263602 2.3094948
OS 7.328883 2.3102368
OS 7.3317026 2.3109788
OS 7.3351158 2.3118692
OS 7.3352642 2.3118692
OS 7.335561 2.3120176
OS 7.3360062 2.312166
OS 7.3367482 2.3123144
OS 7.3376386 2.3124628
OS 7.3386774 2.3126112
OS 7.3410518 2.3130564
OS 7.3438714 2.3135016
OS 7.3469878 2.3139468
OS 7.3502526 2.3140952
OS 7.3536658 2.3142436
OS 7.3554466 2.3142436
OS 7.3567822 2.3140952
OE
OB 7.262845 2.3140952 I
OS 7.2644774 2.3139468
OS 7.2662582 2.3137984
OS 7.2683358 2.3135016
OS 7.2705618 2.3132048
OS 7.2751622 2.312166
OS 7.277685 2.311424
OS 7.2800594 2.310682
OS 7.2824338 2.3096432
OS 7.2846598 2.308456
OS 7.2867374 2.3071204
OS 7.2886666 2.3056364
OS 7.288815 2.305488
OS 7.2891118 2.3051912
OS 7.289557 2.304746
OS 7.290299 2.3041524
OS 7.291041 2.303262
OS 7.291783 2.3022232
OS 7.2926734 2.3008876
OS 7.2937122 2.299552
OS 7.2946026 2.2979196
OS 7.295493 2.2961388
OS 7.296235 2.2940612
OS 7.2971254 2.2919836
OS 7.297719 2.2897576
OS 7.2981642 2.2872348
OS 7.298461 2.2845636
OS 7.2986094 2.281744
OS 7.2986094 2.2815956
OS 7.2986094 2.2812988
OS 7.2986094 2.2808536
OS 7.2986094 2.2801116
OS 7.298461 2.2792212
OS 7.2983126 2.2781824
OS 7.2980158 2.275808
OS 7.2974222 2.27284
OS 7.2966802 2.2697236
OS 7.295493 2.2663104
OS 7.294009 2.2628972
OS 7.294009 2.2627488
OS 7.2938606 2.262452
OS 7.2935638 2.2620068
OS 7.2931186 2.2612648
OS 7.2926734 2.2605228
OS 7.2920798 2.259484
OS 7.2904474 2.2571096
OS 7.2883698 2.2541416
OS 7.285847 2.2508768
OS 7.2827306 2.2473152
OS 7.279169 2.2434568
OS 7.2788722 2.24316
OS 7.2781302 2.242418
OS 7.2767946 2.2410824
OS 7.2751622 2.2395984
OS 7.273233 2.2378176
OS 7.2711554 2.2358884
OS 7.266555 2.2318816
OS 7.2662582 2.2317332
OS 7.2655162 2.2311396
OS 7.2644774 2.2302492
OS 7.2631418 2.2292104
OS 7.2601738 2.226836
OS 7.2588382 2.2257972
OS 7.257651 2.2249068
OS 7.3033582 2.2249068
OS 7.3033582 2.2047244
OS 7.2244094 2.2047244
OS 7.2244094 2.2220872
OS 7.2245578 2.2222356
OS 7.2248546 2.222384
OS 7.2254482 2.2228292
OS 7.2260418 2.2234228
OS 7.2269322 2.2241648
OS 7.227971 2.2250552
OS 7.2303454 2.2269844
OS 7.233165 2.2292104
OS 7.236133 2.2317332
OS 7.2392494 2.2344044
OS 7.2423658 2.2370756
OS 7.2425142 2.237224
OS 7.2426626 2.2373724
OS 7.2431078 2.2378176
OS 7.2437014 2.2382628
OS 7.2451854 2.2395984
OS 7.2471146 2.2413792
OS 7.2493406 2.2434568
OS 7.251715 2.2458312
OS 7.2540894 2.2482056
OS 7.2564638 2.25058
OS 7.2566122 2.2507284
OS 7.2567606 2.2510252
OS 7.2572058 2.251322
OS 7.2577994 2.2519156
OS 7.259135 2.253548
OS 7.2609158 2.2554772
OS 7.2626966 2.2578516
OS 7.2646258 2.260226
OS 7.2664066 2.2627488
OS 7.2678906 2.2651232
OS 7.268039 2.26542
OS 7.2684842 2.266162
OS 7.2690778 2.2674976
OS 7.2696714 2.26913
OS 7.270265 2.2710592
OS 7.2708586 2.2731368
OS 7.2713038 2.2755112
OS 7.2714522 2.278034
OS 7.2714522 2.2781824
OS 7.2714522 2.2783308
OS 7.2714522 2.2792212
OS 7.2711554 2.2807052
OS 7.2708586 2.2823376
OS 7.270265 2.2841184
OS 7.269523 2.2860476
OS 7.2683358 2.2879768
OS 7.2668518 2.2896092
OS 7.2667034 2.2897576
OS 7.2661098 2.2902028
OS 7.265071 2.2909448
OS 7.263587 2.2916868
OS 7.2618062 2.2922804
OS 7.2597286 2.2930224
OS 7.2572058 2.2934676
OS 7.2543862 2.293616
OS 7.2529022 2.293616
OS 7.2518634 2.2934676
OS 7.2506762 2.2933192
OS 7.249489 2.2931708
OS 7.2466694 2.2925772
OS 7.246521 2.2925772
OS 7.2460758 2.2924288
OS 7.2453338 2.292132
OS 7.244295 2.2918352
OS 7.2432562 2.2915384
OS 7.2419206 2.2909448
OS 7.2392494 2.289906
OS 7.239101 2.289906
OS 7.2386558 2.2896092
OS 7.2379138 2.2893124
OS 7.2370234 2.2888672
OS 7.2349458 2.2878284
OS 7.2328682 2.2864928
OS 7.2327198 2.2864928
OS 7.232423 2.286196
OS 7.2315326 2.2856024
OS 7.230197 2.2848604
OS 7.2291582 2.2841184
OS 7.2270806 2.2841184
OS 7.2270806 2.3074172
OS 7.227229 2.3075656
OS 7.227971 2.3078624
OS 7.2290098 2.3083076
OS 7.2304938 2.3087528
OS 7.232423 2.3094948
OS 7.2349458 2.3102368
OS 7.2377654 2.3109788
OS 7.2411786 2.3118692
OS 7.241327 2.3118692
OS 7.2416238 2.3120176
OS 7.242069 2.312166
OS 7.242811 2.3123144
OS 7.2437014 2.3124628
OS 7.2447402 2.3126112
OS 7.2471146 2.3130564
OS 7.2499342 2.3135016
OS 7.2530506 2.3139468
OS 7.2563154 2.3140952
OS 7.2597286 2.3142436
OS 7.2615094 2.3142436
OS 7.262845 2.3140952
OE
OB 7.448345 2.2945064 H
OS 7.4480482 2.2945064
OS 7.4471578 2.294358
OS 7.4456738 2.2940612
OS 7.4440414 2.2934676
OS 7.4422606 2.2925772
OS 7.4404798 2.2910932
OS 7.4395894 2.2902028
OS 7.4388474 2.2890156
OS 7.437957 2.2878284
OS 7.4373634 2.2863444
OS 7.4373634 2.286196
OS 7.437215 2.2858992
OS 7.4370666 2.285454
OS 7.4369182 2.284712
OS 7.4366214 2.2838216
OS 7.4363246 2.2827828
OS 7.4360278 2.2814472
OS 7.435731 2.2798148
OS 7.4354342 2.278034
OS 7.4351374 2.2759564
OS 7.4348406 2.2737304
OS 7.4345438 2.2712076
OS 7.4343954 2.268388
OS 7.434247 2.2652716
OS 7.4340986 2.2618584
OS 7.4340986 2.2582968
OS 7.4340986 2.2581484
OS 7.4340986 2.2574064
OS 7.4340986 2.2563676
OS 7.4340986 2.255032
OS 7.434247 2.253548
OS 7.434247 2.2516188
OS 7.4343954 2.2495412
OS 7.4345438 2.2474636
OS 7.4348406 2.2428632
OS 7.4354342 2.2382628
OS 7.4358794 2.2360368
OS 7.4363246 2.2339592
OS 7.4367698 2.23203
OS 7.4373634 2.2303976
OS 7.4373634 2.2302492
OS 7.4375118 2.2301008
OS 7.437957 2.229062
OS 7.4388474 2.2278748
OS 7.4400346 2.2263908
OS 7.4415186 2.2247584
OS 7.4434478 2.2235712
OS 7.4456738 2.2225324
OS 7.4470094 2.222384
OS 7.448345 2.2222356
OS 7.4486418 2.2222356
OS 7.4496806 2.222384
OS 7.4510162 2.2226808
OS 7.4526486 2.2232744
OS 7.4544294 2.2241648
OS 7.4562102 2.2256488
OS 7.4571006 2.2266876
OS 7.457991 2.2277264
OS 7.458733 2.2289136
OS 7.4593266 2.2303976
OS 7.4593266 2.230546
OS 7.459475 2.2308428
OS 7.4596234 2.231288
OS 7.4599202 2.23203
OS 7.4600686 2.2329204
OS 7.4603654 2.2339592
OS 7.4606622 2.2354432
OS 7.4611074 2.2369272
OS 7.4614042 2.238708
OS 7.461701 2.2407856
OS 7.4619978 2.2430116
OS 7.4621462 2.2456828
OS 7.462443 2.248354
OS 7.4625914 2.2514704
OS 7.4627398 2.2547352
OS 7.4627398 2.2582968
OS 7.4627398 2.2585936
OS 7.4627398 2.2591872
OS 7.4627398 2.260226
OS 7.4627398 2.2615616
OS 7.4625914 2.263194
OS 7.4625914 2.2651232
OS 7.462443 2.2670524
OS 7.4622946 2.2692784
OS 7.4618494 2.2740272
OS 7.4612558 2.2786276
OS 7.460959 2.2808536
OS 7.4605138 2.2827828
OS 7.4599202 2.284712
OS 7.4593266 2.2863444
OS 7.4593266 2.2864928
OS 7.4591782 2.2866412
OS 7.458733 2.28768
OS 7.4578426 2.2888672
OS 7.4568038 2.2904996
OS 7.4551714 2.2919836
OS 7.4533906 2.2931708
OS 7.4510162 2.2942096
OS 7.4496806 2.294358
OS 7.448345 2.2945064
OE
OB 7.6881594 2.2814473 H
OS 7.6771778 2.2461281
OS 7.699141 2.2461281
OS 7.6881594 2.2814473
OE
SE
S P 0
OB 7.3734009 0.5452 I
OS 7.3575863 0.5452
OS 7.3575863 0.5019685
OS 7.3441365 0.5019685
OS 7.3441365 0.5452
OS 7.3283219 0.5452
OS 7.3283219 0.5553982
OS 7.3734009 0.5553982
OS 7.3734009 0.5452
OE
OB 7.4246136 0.5019685 I
OS 7.4116811 0.5019685
OS 7.3911369 0.5392141
OS 7.3911369 0.5019685
OS 7.3788695 0.5019685
OS 7.3788695 0.5553982
OS 7.3952753 0.5553982
OS 7.4123462 0.5247297
OS 7.4123462 0.5553982
OS 7.4246136 0.5553982
OS 7.4246136 0.5019685
OE
OB 7.4544692 0.5564328 I
OS 7.4552821 0.5563589
OS 7.4561689 0.556285
OS 7.4572035 0.5561372
OS 7.458312 0.5559894
OS 7.4606029 0.5554721
OS 7.4618592 0.5551026
OS 7.4630416 0.5547331
OS 7.464224 0.5542158
OS 7.4653325 0.5536246
OS 7.4663671 0.5529595
OS 7.4673278 0.5522205
OS 7.4674017 0.5521466
OS 7.4675495 0.5519988
OS 7.4677712 0.5517771
OS 7.4681407 0.5514815
OS 7.4685102 0.5510381
OS 7.4688797 0.5505208
OS 7.4693231 0.5498557
OS 7.4698404 0.5491906
OS 7.4702838 0.5483777
OS 7.4707272 0.5474909
OS 7.4710967 0.5464563
OS 7.4715401 0.5454217
OS 7.4718357 0.5443132
OS 7.4720574 0.5430569
OS 7.4722052 0.5417267
OS 7.4722791 0.5403226
OS 7.4722791 0.5402487
OS 7.4722791 0.5401009
OS 7.4722791 0.5398792
OS 7.4722791 0.5395097
OS 7.4722052 0.5390663
OS 7.4721313 0.538549
OS 7.4719835 0.5373666
OS 7.4716879 0.5358886
OS 7.4713184 0.5343367
OS 7.4707272 0.532637
OS 7.4699882 0.5309373
OS 7.4699882 0.5308634
OS 7.4699143 0.5307156
OS 7.4697665 0.5304939
OS 7.4695448 0.5301244
OS 7.4693231 0.5297549
OS 7.4690275 0.5292376
OS 7.4682146 0.5280552
OS 7.46718 0.5265772
OS 7.4659237 0.5249514
OS 7.4643718 0.5231778
OS 7.4625982 0.5212564
OS 7.4624504 0.5211086
OS 7.4620809 0.5207391
OS 7.4614158 0.520074
OS 7.4606029 0.519335
OS 7.4596422 0.5184482
OS 7.4586076 0.5174875
OS 7.4563167 0.5154922
OS 7.4561689 0.5154183
OS 7.4557994 0.5151227
OS 7.4552821 0.5146793
OS 7.454617 0.514162
OS 7.453139 0.5129796
OS 7.4524739 0.5124623
OS 7.4518827 0.5120189
OS 7.4746439 0.5120189
OS 7.4746439 0.5019685
OS 7.4353291 0.5019685
OS 7.4353291 0.5106148
OS 7.435403 0.5106887
OS 7.4355508 0.5107626
OS 7.4358464 0.5109843
OS 7.436142 0.5112799
OS 7.4365854 0.5116494
OS 7.4371027 0.5120928
OS 7.4382851 0.5130535
OS 7.4396892 0.514162
OS 7.4411672 0.5154183
OS 7.4427191 0.5167485
OS 7.444271 0.5180787
OS 7.4443449 0.5181526
OS 7.4444188 0.5182265
OS 7.4446405 0.5184482
OS 7.4449361 0.5186699
OS 7.4456751 0.519335
OS 7.4466358 0.5202218
OS 7.4477443 0.5212564
OS 7.4489267 0.5224388
OS 7.4501091 0.5236212
OS 7.4512915 0.5248036
OS 7.4513654 0.5248775
OS 7.4514393 0.5250253
OS 7.451661 0.5251731
OS 7.4519566 0.5254687
OS 7.4526217 0.5262816
OS 7.4535085 0.5272423
OS 7.4543953 0.5284247
OS 7.455356 0.5296071
OS 7.4562428 0.5308634
OS 7.4569818 0.5320458
OS 7.4570557 0.5321936
OS 7.4572774 0.5325631
OS 7.457573 0.5332282
OS 7.4578686 0.5340411
OS 7.4581642 0.5350018
OS 7.4584598 0.5360364
OS 7.4586815 0.5372188
OS 7.4587554 0.5384751
OS 7.4587554 0.538549
OS 7.4587554 0.5386229
OS 7.4587554 0.5390663
OS 7.4586076 0.5398053
OS 7.4584598 0.5406182
OS 7.4581642 0.541505
OS 7.4577947 0.5424657
OS 7.4572035 0.5434264
OS 7.4564645 0.5442393
OS 7.4563906 0.5443132
OS 7.456095 0.5445349
OS 7.4555777 0.5449044
OS 7.4548387 0.5452739
OS 7.4539519 0.5455695
OS 7.4529173 0.545939
OS 7.451661 0.5461607
OS 7.4502569 0.5462346
OS 7.4495179 0.5462346
OS 7.4490006 0.5461607
OS 7.4484094 0.5460868
OS 7.4478182 0.5460129
OS 7.4464141 0.5457173
OS 7.4463402 0.5457173
OS 7.4461185 0.5456434
OS 7.445749 0.5454956
OS 7.4452317 0.5453478
OS 7.4447144 0.5452
OS 7.4440493 0.5449044
OS 7.4427191 0.5443871
OS 7.4426452 0.5443871
OS 7.4424235 0.5442393
OS 7.442054 0.5440915
OS 7.4416106 0.5438698
OS 7.440576 0.5433525
OS 7.4395414 0.5426874
OS 7.4394675 0.5426874
OS 7.4393197 0.5425396
OS 7.4388763 0.542244
OS 7.4382112 0.5418745
OS 7.4376939 0.541505
OS 7.4366593 0.541505
OS 7.4366593 0.5531073
OS 7.4367332 0.5531812
OS 7.4371027 0.553329
OS 7.43762 0.5535507
OS 7.438359 0.5537724
OS 7.4393197 0.5541419
OS 7.440576 0.5545114
OS 7.4419801 0.5548809
OS 7.4436798 0.5553243
OS 7.4437537 0.5553243
OS 7.4439015 0.5553982
OS 7.4441232 0.5554721
OS 7.4444927 0.555546
OS 7.4449361 0.5556199
OS 7.4454534 0.5556938
OS 7.4466358 0.5559155
OS 7.4480399 0.5561372
OS 7.4495918 0.5563589
OS 7.4512176 0.5564328
OS 7.4529173 0.5565067
OS 7.4538041 0.5565067
OS 7.4544692 0.5564328
OE
OB 7.3056346 0.5553243 I
OS 7.3070387 0.5552504
OS 7.3085167 0.5551765
OS 7.3099208 0.5550287
OS 7.3111771 0.5548809
OS 7.3113249 0.5548809
OS 7.3116944 0.554807
OS 7.3122856 0.5546592
OS 7.3130246 0.5545114
OS 7.3139114 0.5542158
OS 7.3148721 0.5539202
OS 7.3158328 0.5535507
OS 7.3168674 0.5530334
OS 7.3170152 0.5529595
OS 7.3173108 0.5527378
OS 7.3178281 0.5524422
OS 7.3184932 0.5519249
OS 7.3191583 0.5513337
OS 7.3198973 0.5506686
OS 7.3205624 0.5497818
OS 7.3211536 0.548895
OS 7.3212275 0.5487472
OS 7.3213753 0.5484516
OS 7.321597 0.5479343
OS 7.3218926 0.5471953
OS 7.3221882 0.5463085
OS 7.3224099 0.5452739
OS 7.3225577 0.5441654
OS 7.3226316 0.5429091
OS 7.3226316 0.5428352
OS 7.3226316 0.5427613
OS 7.3226316 0.5425396
OS 7.3226316 0.542244
OS 7.3225577 0.541505
OS 7.3224099 0.5405443
OS 7.3221143 0.5395097
OS 7.3218187 0.5383273
OS 7.3213014 0.5371449
OS 7.3206363 0.5359625
OS 7.3205624 0.5358147
OS 7.3202668 0.5354452
OS 7.3198234 0.5349279
OS 7.3192322 0.5342628
OS 7.3184932 0.5335238
OS 7.3175325 0.5327848
OS 7.3164979 0.5320458
OS 7.3152416 0.5314546
OS 7.3152416 0.531159
OS 7.3153155 0.531159
OS 7.3154633 0.5310851
OS 7.315685 0.5310112
OS 7.3160545 0.5309373
OS 7.3164979 0.5307895
OS 7.3169413 0.5306417
OS 7.3181237 0.5302722
OS 7.31938 0.529681
OS 7.3206363 0.528942
OS 7.3219665 0.5279813
OS 7.3231489 0.5268728
OS 7.3232967 0.526725
OS 7.3235923 0.5262816
OS 7.3241096 0.5256165
OS 7.3247008 0.5245819
OS 7.3252181 0.5233995
OS 7.3257354 0.5219215
OS 7.326031 0.5202218
OS 7.3261788 0.5183004
OS 7.3261788 0.5182265
OS 7.3261788 0.5181526
OS 7.3261788 0.5179309
OS 7.3261788 0.5176353
OS 7.3261049 0.5168963
OS 7.3259571 0.5159356
OS 7.3258093 0.5148271
OS 7.3255137 0.5136447
OS 7.3251442 0.5124623
OS 7.3246269 0.5112799
OS 7.324553 0.5111321
OS 7.3243313 0.5107626
OS 7.3240357 0.5102453
OS 7.3235923 0.5095063
OS 7.3230011 0.5087673
OS 7.3222621 0.5078805
OS 7.3214492 0.5070676
OS 7.3205624 0.5063286
OS 7.3204146 0.5062547
OS 7.3200451 0.5059591
OS 7.3194539 0.5055157
OS 7.318641 0.5049984
OS 7.3176803 0.5044811
OS 7.3165718 0.5038899
OS 7.3153155 0.5033726
OS 7.3139853 0.5029292
OS 7.3139114 0.5029292
OS 7.3138375 0.5028553
OS 7.3136158 0.5028553
OS 7.3133202 0.5027814
OS 7.3129507 0.5027075
OS 7.3125812 0.5026336
OS 7.3114727 0.5024858
OS 7.3101425 0.5022641
OS 7.3085906 0.5021163
OS 7.306817 0.5020424
OS 7.3048217 0.5019685
OS 7.2834646 0.5019685
OS 7.2834646 0.5553982
OS 7.3043044 0.5553982
OS 7.3056346 0.5553243
OE
OB 7.3017918 0.5456434 H
OS 7.2968405 0.5456434
OS 7.2968405 0.5342628
OS 7.3034915 0.5342628
OS 7.3037871 0.5343367
OS 7.3041566 0.5344106
OS 7.3051173 0.5346323
OS 7.3061519 0.5350757
OS 7.3062258 0.5350757
OS 7.3064475 0.5352235
OS 7.3066692 0.5353713
OS 7.3070387 0.535593
OS 7.3077777 0.5362581
OS 7.3080733 0.5367015
OS 7.3083689 0.5371449
OS 7.3083689 0.5372188
OS 7.3084428 0.5373666
OS 7.3085906 0.5376622
OS 7.3087384 0.5380317
OS 7.3088123 0.5384751
OS 7.3089601 0.5389924
OS 7.309034 0.5402487
OS 7.309034 0.5403226
OS 7.309034 0.5404704
OS 7.309034 0.540766
OS 7.3089601 0.5410616
OS 7.3087384 0.5419484
OS 7.3083689 0.5429091
OS 7.3083689 0.542983
OS 7.3082211 0.5431308
OS 7.3080733 0.5433525
OS 7.3078516 0.543722
OS 7.3071865 0.5443132
OS 7.306817 0.5446827
OS 7.3062997 0.5449044
OS 7.3062258 0.5449044
OS 7.306078 0.5449783
OS 7.3057824 0.5451261
OS 7.3054129 0.5452
OS 7.3049695 0.5453478
OS 7.3043783 0.5454217
OS 7.303122 0.5455695
OS 7.302383 0.5455695
OS 7.3017918 0.5456434
OE
OB 7.3034915 0.5250992 H
OS 7.2968405 0.5250992
OS 7.2968405 0.5117233
OS 7.3051173 0.5117233
OS 7.3054868 0.5117972
OS 7.3060041 0.5118711
OS 7.3065953 0.5120189
OS 7.3073343 0.5121667
OS 7.3080733 0.5124623
OS 7.3088123 0.5127579
OS 7.3088862 0.5128318
OS 7.3091079 0.5129057
OS 7.3094774 0.5130535
OS 7.3098469 0.5133491
OS 7.3102903 0.5136447
OS 7.3107337 0.5140142
OS 7.3111032 0.5145315
OS 7.3114727 0.5150488
OS 7.3115466 0.5151227
OS 7.3116205 0.5153444
OS 7.3117683 0.51564
OS 7.3119161 0.5160834
OS 7.3120639 0.5166007
OS 7.3122117 0.5171919
OS 7.3123595 0.517857
OS 7.3123595 0.5185221
OS 7.3123595 0.518596
OS 7.3123595 0.5188916
OS 7.3122856 0.519335
OS 7.3122117 0.5199262
OS 7.3119161 0.5211825
OS 7.3116944 0.5217737
OS 7.3113249 0.5223649
OS 7.311251 0.5224388
OS 7.3111032 0.5225866
OS 7.3108815 0.5228822
OS 7.3105859 0.5231778
OS 7.3101425 0.5234734
OS 7.3096252 0.5238429
OS 7.309034 0.5242124
OS 7.308295 0.524508
OS 7.3082211 0.524508
OS 7.3080733 0.5245819
OS 7.3077777 0.5246558
OS 7.3074082 0.5247297
OS 7.3069648 0.5248036
OS 7.3063736 0.5249514
OS 7.3057085 0.5249514
OS 7.3049695 0.5250253
OS 7.3040827 0.5250253
OS 7.3034915 0.5250992
OE
SE
S P 0
OB 7.5505805 3.730315 I
OS 7.5223845 3.730315
OS 7.4855813 3.8376082
OS 7.5134805 3.8376082
OS 7.5369277 3.7645954
OS 7.5603749 3.8376082
OS 7.5875321 3.8376082
OS 7.5505805 3.730315
OE
OB 7.6792433 3.8374599 I
OS 7.6807273 3.8374599
OS 7.6839921 3.8373115
OS 7.6875537 3.8370147
OS 7.6912637 3.8365695
OS 7.6949737 3.8361243
OS 7.6954189 3.8361243
OS 7.6960125 3.8359759
OS 7.6966061 3.8358275
OS 7.6974965 3.8356791
OS 7.6985353 3.8353823
OS 7.7010581 3.8346403
OS 7.7038777 3.8337499
OS 7.7069941 3.8325627
OS 7.7102589 3.8310787
OS 7.7135237 3.8291495
OS 7.7136721 3.8290011
OS 7.7139689 3.8288527
OS 7.7145625 3.8284075
OS 7.7153045 3.8279623
OS 7.7161949 3.8272203
OS 7.7172337 3.8263299
OS 7.7196081 3.8242523
OS 7.7222793 3.8217295
OS 7.7249505 3.8184647
OS 7.7276217 3.8149031
OS 7.7301445 3.8107479
OS 7.7302929 3.8105995
OS 7.7304413 3.8103027
OS 7.7307381 3.8095607
OS 7.7311833 3.8086703
OS 7.7316285 3.8076315
OS 7.7320737 3.8062959
OS 7.7326673 3.8048119
OS 7.7332609 3.8030311
OS 7.7338545 3.8012503
OS 7.7344481 3.7991727
OS 7.7348933 3.7969467
OS 7.7353385 3.7945723
OS 7.7360805 3.7893783
OS 7.7363773 3.7837391
OS 7.7363773 3.7835907
OS 7.7363773 3.7831455
OS 7.7363773 3.7822551
OS 7.7362289 3.7812163
OS 7.7362289 3.7798807
OS 7.7360805 3.7783967
OS 7.7357837 3.7766159
OS 7.7354869 3.7748351
OS 7.7347449 3.7705315
OS 7.7335577 3.7660795
OS 7.7319253 3.7614791
OS 7.7308865 3.7591047
OS 7.7296993 3.7568787
OS 7.7296993 3.7567303
OS 7.7294025 3.7564335
OS 7.7291057 3.7556915
OS 7.7285121 3.7549495
OS 7.7279185 3.7539107
OS 7.7271765 3.7528719
OS 7.7252473 3.7502007
OS 7.7228729 3.7473811
OS 7.7200533 3.7442647
OS 7.7167885 3.7414451
OS 7.7132269 3.7387739
OS 7.7130785 3.7387739
OS 7.7127817 3.7384771
OS 7.7123365 3.7383287
OS 7.7117429 3.7378835
OS 7.7110009 3.7374383
OS 7.7101105 3.7369931
OS 7.7078845 3.7358059
OS 7.7050649 3.7346187
OS 7.7020969 3.7335799
OS 7.6986837 3.7325411
OS 7.6949737 3.7317991
OS 7.6945285 3.7317991
OS 7.6939349 3.7316507
OS 7.6933413 3.7315023
OS 7.6923025 3.7315023
OS 7.6912637 3.7313539
OS 7.6900765 3.7312055
OS 7.6887409 3.7310571
OS 7.6856245 3.7307603
OS 7.6820629 3.7306119
OS 7.6782045 3.7303151
OS 7.6406593 3.7303151
OS 7.6406593 3.8376083
OS 7.6780561 3.8376083
OS 7.6792433 3.8374599
OE
OB 7.8024153 3.8396859 I
OS 7.8041961 3.8396859
OS 7.8061253 3.8395375
OS 7.8099837 3.8390923
OS 7.8102805 3.8390923
OS 7.8108741 3.8389439
OS 7.8119129 3.8387955
OS 7.8132485 3.8384987
OS 7.8147325 3.8382019
OS 7.8163649 3.8379051
OS 7.8199265 3.8370147
OS 7.8200749 3.8370147
OS 7.8205201 3.8368663
OS 7.8212621 3.8365695
OS 7.8223009 3.8362727
OS 7.8234881 3.8358275
OS 7.8248237 3.8353823
OS 7.8277917 3.8340467
OS 7.8279401 3.8338983
OS 7.8285337 3.8337499
OS 7.8292757 3.8334531
OS 7.8303145 3.8330079
OS 7.8326889 3.8319691
OS 7.8338761 3.8313755
OS 7.8349149 3.8307819
OS 7.8349149 3.8054055
OS 7.8320953 3.8054055
OS 7.8319469 3.8055539
OS 7.8317985 3.8057023
OS 7.8313533 3.8059991
OS 7.8307597 3.8065927
OS 7.8292757 3.8077799
OS 7.8271981 3.8094123
OS 7.8270497 3.8095607
OS 7.8267529 3.8098575
OS 7.8260109 3.8103027
OS 7.8252689 3.8108963
OS 7.8242301 3.8116383
OS 7.8231913 3.8123803
OS 7.8205201 3.8141611
OS 7.8203717 3.8143095
OS 7.8199265 3.8146063
OS 7.8190361 3.8149031
OS 7.8181457 3.8154967
OS 7.8168101 3.8160903
OS 7.8154745 3.8166839
OS 7.8138421 3.8174259
OS 7.8122097 3.8180195
OS 7.8120613 3.8181679
OS 7.8114677 3.8183163
OS 7.8105773 3.8186131
OS 7.8093901 3.8189099
OS 7.8079061 3.8192067
OS 7.8064221 3.8193551
OS 7.8046413 3.8196519
OS 7.8018217 3.8196519
OS 7.8007829 3.8195035
OS 7.7992989 3.8193551
OS 7.7976665 3.8192067
OS 7.7958857 3.8189099
OS 7.7941049 3.8183163
OS 7.7921757 3.8177227
OS 7.7920273 3.8175743
OS 7.7914337 3.8174259
OS 7.7903949 3.8169807
OS 7.7892077 3.8162387
OS 7.7878721 3.8153483
OS 7.7862397 3.8143095
OS 7.7846073 3.8129739
OS 7.7829749 3.8113415
OS 7.7828265 3.8111931
OS 7.7823813 3.8105995
OS 7.7816393 3.8097091
OS 7.7806005 3.8085219
OS 7.7795617 3.8068895
OS 7.7785229 3.8049603
OS 7.7774841 3.8027343
OS 7.7764453 3.8002115
OS 7.7764453 3.8000631
OS 7.7762969 3.7999147
OS 7.7761485 3.7994695
OS 7.7760001 3.7990243
OS 7.7757033 3.7975403
OS 7.7752581 3.7956111
OS 7.7746645 3.7930883
OS 7.7743677 3.7902687
OS 7.7740709 3.7871523
OS 7.7739225 3.7837391
OS 7.7739225 3.7835907
OS 7.7739225 3.7832939
OS 7.7739225 3.7828487
OS 7.7739225 3.7821067
OS 7.7740709 3.7812163
OS 7.7740709 3.7801775
OS 7.7742193 3.7779515
OS 7.7745161 3.7752803
OS 7.7749613 3.7724607
OS 7.7755549 3.7696411
OS 7.7764453 3.7669699
OS 7.7765937 3.7666731
OS 7.7768905 3.7657827
OS 7.7774841 3.7645955
OS 7.7783745 3.7631115
OS 7.7792649 3.7613307
OS 7.7804521 3.7594015
OS 7.7819361 3.7576207
OS 7.7834201 3.7559883
OS 7.7835685 3.7558399
OS 7.7841621 3.7553947
OS 7.7850525 3.7546527
OS 7.7862397 3.7537623
OS 7.7875753 3.7528719
OS 7.7892077 3.7518331
OS 7.7909885 3.7509427
OS 7.7927693 3.7502007
OS 7.7930661 3.7502007
OS 7.7936597 3.7499039
OS 7.7946985 3.7496071
OS 7.7960341 3.7493103
OS 7.7975181 3.7490135
OS 7.7992989 3.7487167
OS 7.8010797 3.7485683
OS 7.8030089 3.7484199
OS 7.8038993 3.7484199
OS 7.8049381 3.7485683
OS 7.8062737 3.7485683
OS 7.8077577 3.7488651
OS 7.8095385 3.7491619
OS 7.8113193 3.7494587
OS 7.8131001 3.7500523
OS 7.8132485 3.7502007
OS 7.8139905 3.7503491
OS 7.8148809 3.7507943
OS 7.8159197 3.7512395
OS 7.8172553 3.7518331
OS 7.8185909 3.7524267
OS 7.8199265 3.7533171
OS 7.8212621 3.7540591
OS 7.8214105 3.7542075
OS 7.8218557 3.7545043
OS 7.8225977 3.7549495
OS 7.8234881 3.7553947
OS 7.8255657 3.7568787
OS 7.8276433 3.7585111
OS 7.8277917 3.7586595
OS 7.8280885 3.7589563
OS 7.8285337 3.7592531
OS 7.8292757 3.7598467
OS 7.8307597 3.7611823
OS 7.8323921 3.7626663
OS 7.8349149 3.7626663
OS 7.8349149 3.7374383
OS 7.8347665 3.7374383
OS 7.8343213 3.7371415
OS 7.8337277 3.7368447
OS 7.8329857 3.7365479
OS 7.8319469 3.7359543
OS 7.8307597 3.7355091
OS 7.8279401 3.7341735
OS 7.8277917 3.7341735
OS 7.8273465 3.7338767
OS 7.8264561 3.7335799
OS 7.8255657 3.7331347
OS 7.8243785 3.7326895
OS 7.8230429 3.7322443
OS 7.8200749 3.7312055
OS 7.8199265 3.7312055
OS 7.8191845 3.7310571
OS 7.8182941 3.7307603
OS 7.8169585 3.7304635
OS 7.8154745 3.7301667
OS 7.8139905 3.7297215
OS 7.8105773 3.7291279
OS 7.8104289 3.7291279
OS 7.8098353 3.7289795
OS 7.8087965 3.7288311
OS 7.8074609 3.7286827
OS 7.8058285 3.7285343
OS 7.8037509 3.7283859
OS 7.8012281 3.7282375
OS 7.7975181 3.7282375
OS 7.7961825 3.7283859
OS 7.7945501 3.7285343
OS 7.7924725 3.7286827
OS 7.7900981 3.7289795
OS 7.7875753 3.7294247
OS 7.7847557 3.7300183
OS 7.7816393 3.7307603
OS 7.7785229 3.7317991
OS 7.7754065 3.7329863
OS 7.7721417 3.7343219
OS 7.7690253 3.7361027
OS 7.7659089 3.7380319
OS 7.7630893 3.7402579
OS 7.7602697 3.7427807
OS 7.7601213 3.7429291
OS 7.7596761 3.7435227
OS 7.7589341 3.7442647
OS 7.7580437 3.7454519
OS 7.7570049 3.7469359
OS 7.7558177 3.7487167
OS 7.7544821 3.7509427
OS 7.7532949 3.7533171
OS 7.7519593 3.7561367
OS 7.7506237 3.7592531
OS 7.7494365 3.7625179
OS 7.7483977 3.7662279
OS 7.7475073 3.7702347
OS 7.7467653 3.7745383
OS 7.7463201 3.7789903
OS 7.7461717 3.7838875
OS 7.7461717 3.7840359
OS 7.7461717 3.7841843
OS 7.7461717 3.7850747
OS 7.7463201 3.7864103
OS 7.7464685 3.7881911
OS 7.7466169 3.7902687
OS 7.7469137 3.7927915
OS 7.7473589 3.7956111
OS 7.7479525 3.7985791
OS 7.7486945 3.8016955
OS 7.7495849 3.8051087
OS 7.7507721 3.8083735
OS 7.7521077 3.8117867
OS 7.7537401 3.8151999
OS 7.7556693 3.8184647
OS 7.7577469 3.8215811
OS 7.7602697 3.8245491
OS 7.7604181 3.8246975
OS 7.7608633 3.8251427
OS 7.7617537 3.8260331
OS 7.7629409 3.8269235
OS 7.7642765 3.8281107
OS 7.7660573 3.8294463
OS 7.7681349 3.8307819
OS 7.7703609 3.8322659
OS 7.7730321 3.8336015
OS 7.7758517 3.8349371
OS 7.7789681 3.8362727
OS 7.7823813 3.8374599
OS 7.7860913 3.8384987
OS 7.7899497 3.8392407
OS 7.7941049 3.8396859
OS 7.7985569 3.8398343
OS 7.8007829 3.8398343
OS 7.8024153 3.8396859
OE
OB 7.4434357 3.8396858 I
OS 7.4458101 3.8395374
OS 7.4484813 3.8392406
OS 7.4514493 3.8389438
OS 7.4544173 3.8383502
OS 7.4572369 3.8376082
OS 7.4573853 3.8376082
OS 7.4575337 3.8374598
OS 7.4584241 3.837163
OS 7.4599081 3.8367178
OS 7.4615405 3.8361242
OS 7.4634697 3.8353822
OS 7.4655473 3.8344918
OS 7.4674765 3.8333046
OS 7.4694057 3.8321174
OS 7.4695541 3.831969
OS 7.4701477 3.8315238
OS 7.4710381 3.8307818
OS 7.4722253 3.829743
OS 7.4734125 3.8284074
OS 7.4745997 3.8269234
OS 7.4757869 3.825291
OS 7.4768257 3.8235102
OS 7.4769741 3.8232134
OS 7.4772709 3.8226198
OS 7.4777161 3.821581
OS 7.4781613 3.8202454
OS 7.4786065 3.818613
OS 7.4790517 3.8168322
OS 7.4793485 3.8147546
OS 7.4794969 3.812677
OS 7.4794969 3.8125286
OS 7.4794969 3.8123802
OS 7.4794969 3.811935
OS 7.4794969 3.8113414
OS 7.4792001 3.8100058
OS 7.4789033 3.8080766
OS 7.4784581 3.805999
OS 7.4775677 3.8036246
OS 7.4765289 3.8012502
OS 7.4750449 3.7988758
OS 7.4748965 3.798579
OS 7.4741545 3.797837
OS 7.4731157 3.7967982
OS 7.4716317 3.7953142
OS 7.4697025 3.7936818
OS 7.4674765 3.7920494
OS 7.4646569 3.7902686
OS 7.4613921 3.7886362
OS 7.4613921 3.788191
OS 7.4615405 3.788191
OS 7.4618373 3.7880426
OS 7.4624309 3.7877458
OS 7.4631729 3.787449
OS 7.4640633 3.7870038
OS 7.4651021 3.7864102
OS 7.4673281 3.785223
OS 7.4699993 3.7834422
OS 7.4725221 3.781513
OS 7.4750449 3.779287
OS 7.4771225 3.7767642
OS 7.4771225 3.7766158
OS 7.4772709 3.7764674
OS 7.4775677 3.7760222
OS 7.4778645 3.775577
OS 7.4787549 3.774093
OS 7.4796453 3.7720154
OS 7.4805357 3.769641
OS 7.4814261 3.7668214
OS 7.4820197 3.7635566
OS 7.4821681 3.759995
OS 7.4821681 3.7596982
OS 7.4821681 3.7588078
OS 7.4820197 3.7574722
OS 7.4818713 3.7558398
OS 7.4814261 3.7539106
OS 7.4809809 3.7516846
OS 7.4802389 3.7494586
OS 7.4792001 3.7472326
OS 7.4790517 3.7469358
OS 7.4786065 3.7461938
OS 7.4780129 3.745155
OS 7.4771225 3.743671
OS 7.4759353 3.742187
OS 7.4744513 3.7404062
OS 7.4728189 3.7386254
OS 7.4708897 3.736993
OS 7.4705929 3.7368446
OS 7.4699993 3.736251
OS 7.4688121 3.735509
OS 7.4671797 3.7344702
OS 7.4652505 3.7334314
OS 7.4630245 3.7322442
OS 7.4603533 3.7312054
OS 7.4575337 3.7301666
OS 7.4573853 3.7301666
OS 7.4572369 3.7300182
OS 7.4567917 3.7300182
OS 7.4561981 3.7298698
OS 7.4554561 3.729573
OS 7.4545657 3.7294246
OS 7.4523397 3.7289794
OS 7.4496685 3.7285342
OS 7.4467005 3.7282374
OS 7.4432873 3.7279406
OS 7.4395773 3.7277922
OS 7.4377965 3.7277922
OS 7.4367577 3.7279406
OS 7.4357189 3.7279406
OS 7.4331961 3.728089
OS 7.4302281 3.7283858
OS 7.4269633 3.728831
OS 7.4236985 3.7294246
OS 7.4205821 3.730315
OS 7.4204337 3.730315
OS 7.4202853 3.7304634
OS 7.4198401 3.7306118
OS 7.4192465 3.7307602
OS 7.4177625 3.7313538
OS 7.4159817 3.7320958
OS 7.4139041 3.7329862
OS 7.4116781 3.7341734
OS 7.4094521 3.735509
OS 7.4073745 3.736993
OS 7.4070777 3.7371414
OS 7.4064841 3.737735
OS 7.4055937 3.7386254
OS 7.4045549 3.7398126
OS 7.4032193 3.7412966
OS 7.4020321 3.742929
OS 7.4008449 3.7448582
OS 7.3998061 3.7469358
OS 7.3996577 3.7472326
OS 7.3995093 3.7479746
OS 7.3990641 3.7491618
OS 7.3986189 3.7506458
OS 7.3981737 3.7524266
OS 7.3978769 3.7545042
OS 7.3975801 3.7567302
OS 7.3974317 3.7591046
OS 7.3974317 3.759253
OS 7.3974317 3.7595498
OS 7.3974317 3.759995
OS 7.3975801 3.7605886
OS 7.3977285 3.7623694
OS 7.3980253 3.764447
OS 7.3986189 3.7668214
OS 7.3995093 3.7694926
OS 7.4008449 3.7720154
OS 7.4024773 3.7743898
OS 7.4027741 3.7746866
OS 7.4033677 3.7754286
OS 7.4045549 3.7764674
OS 7.4061873 3.7779514
OS 7.4082649 3.7795838
OS 7.4107877 3.7812162
OS 7.4137557 3.782997
OS 7.4171689 3.7846294
OS 7.4171689 3.7850746
OS 7.4170205 3.7850746
OS 7.4167237 3.785223
OS 7.4162785 3.7855198
OS 7.4156849 3.785965
OS 7.4139041 3.7868554
OS 7.4119749 3.788191
OS 7.4097489 3.7898234
OS 7.4075229 3.7917526
OS 7.4055937 3.7938302
OS 7.4039613 3.7962046
OS 7.4039613 3.796353
OS 7.4038129 3.7965014
OS 7.4033677 3.7973918
OS 7.4027741 3.7987274
OS 7.4021805 3.8005082
OS 7.4014385 3.8027342
OS 7.4008449 3.8051086
OS 7.4003997 3.8079282
OS 7.4002513 3.8108962
OS 7.4002513 3.811193
OS 7.4002513 3.811935
OS 7.4003997 3.8129738
OS 7.4005481 3.8144578
OS 7.4008449 3.8160902
OS 7.4012901 3.8180194
OS 7.4018837 3.8199486
OS 7.4027741 3.8218778
OS 7.4029225 3.8221746
OS 7.4032193 3.8227682
OS 7.4038129 3.823807
OS 7.4047033 3.8249942
OS 7.4057421 3.8264782
OS 7.4070777 3.8279622
OS 7.4087101 3.8295946
OS 7.4104909 3.831227
OS 7.4107877 3.8313754
OS 7.4113813 3.8318206
OS 7.4124201 3.8325626
OS 7.4139041 3.833453
OS 7.4156849 3.8344918
OS 7.4177625 3.8355306
OS 7.4202853 3.8365694
OS 7.4229565 3.8374598
OS 7.4231049 3.8374598
OS 7.4232533 3.8376082
OS 7.4236985 3.8377566
OS 7.4242921 3.837905
OS 7.4257761 3.8382018
OS 7.4278537 3.838647
OS 7.4303765 3.8390922
OS 7.4333445 3.8395374
OS 7.4364609 3.8396858
OS 7.4398741 3.8398342
OS 7.4423969 3.8398342
OS 7.4434357 3.8396858
OE
OB 7.3616673 3.7490134 I
OS 7.3837789 3.7490134
OS 7.3837789 3.730315
OS 7.3129921 3.730315
OS 7.3129921 3.7490134
OS 7.3355489 3.7490134
OS 7.3355489 3.8057022
OS 7.3129921 3.8057022
OS 7.3129921 3.8232134
OS 7.3147729 3.8232134
OS 7.3161085 3.8233618
OS 7.3175925 3.8233618
OS 7.3192249 3.8235102
OS 7.3227865 3.823807
OS 7.3229349 3.823807
OS 7.3236769 3.8239554
OS 7.3245673 3.8241038
OS 7.3256061 3.8242522
OS 7.3281289 3.8249942
OS 7.3294645 3.8254394
OS 7.3306517 3.8258846
OS 7.3308001 3.826033
OS 7.3312453 3.8261814
OS 7.3318389 3.8266266
OS 7.3325809 3.8270718
OS 7.3343617 3.8285558
OS 7.3359941 3.830485
OS 7.3361425 3.8306334
OS 7.3362909 3.8310786
OS 7.3365877 3.8316722
OS 7.3370329 3.8325626
OS 7.3373297 3.8336014
OS 7.3376265 3.834937
OS 7.3379233 3.8362726
OS 7.3380717 3.837905
OS 7.3616673 3.837905
OS 7.3616673 3.7490134
OE
OB 7.4398741 3.821581 H
OS 7.4389837 3.821581
OS 7.4377965 3.8214326
OS 7.4364609 3.8212842
OS 7.4349769 3.820839
OS 7.4334929 3.8203938
OS 7.4318605 3.8196518
OS 7.4303765 3.818613
OS 7.4302281 3.8184646
OS 7.4297829 3.8180194
OS 7.4291893 3.8174258
OS 7.4285957 3.8165354
OS 7.4280021 3.8154966
OS 7.4274085 3.8143094
OS 7.4269633 3.8128254
OS 7.4268149 3.8113414
OS 7.4268149 3.811193
OS 7.4268149 3.8105994
OS 7.4269633 3.8098574
OS 7.4271117 3.8088186
OS 7.4277053 3.8065926
OS 7.4281505 3.8054054
OS 7.4288925 3.8043666
OS 7.4290409 3.8042182
OS 7.4293377 3.8039214
OS 7.4297829 3.8034762
OS 7.4305249 3.8027342
OS 7.4315637 3.8019922
OS 7.4327509 3.8012502
OS 7.4340865 3.8003598
OS 7.4357189 3.7994694
OS 7.4358673 3.7994694
OS 7.4361641 3.799321
OS 7.4364609 3.7991726
OS 7.4370545 3.7988758
OS 7.4385385 3.7982822
OS 7.4404677 3.7973918
OS 7.4406161 3.7973918
OS 7.4409129 3.7972434
OS 7.4416549 3.7969466
OS 7.4423969 3.7966498
OS 7.4435841 3.7962046
OS 7.4447713 3.7957594
OS 7.4462553 3.7951658
OS 7.4478877 3.7945722
OS 7.4480361 3.7947206
OS 7.4483329 3.7951658
OS 7.4489265 3.7959078
OS 7.4495201 3.7967982
OS 7.4501137 3.7979854
OS 7.4508557 3.7991726
OS 7.4520429 3.8016954
OS 7.4520429 3.8018438
OS 7.4521913 3.802289
OS 7.4524881 3.803031
OS 7.4527849 3.8039214
OS 7.4529333 3.8051086
OS 7.4532301 3.8064442
OS 7.4533785 3.8079282
OS 7.4533785 3.8095606
OS 7.4533785 3.8098574
OS 7.4533785 3.810451
OS 7.4532301 3.8114898
OS 7.4529333 3.812677
OS 7.4524881 3.8140126
OS 7.4517461 3.8154966
OS 7.4508557 3.8168322
OS 7.4496685 3.8181678
OS 7.4495201 3.8183162
OS 7.4490749 3.8187614
OS 7.4481845 3.8192066
OS 7.4471457 3.8199486
OS 7.4456617 3.8205422
OS 7.4440293 3.8209874
OS 7.4421001 3.8214326
OS 7.4398741 3.821581
OE
OB 7.4306733 3.778545 H
OS 7.4305249 3.7783966
OS 7.4302281 3.7780998
OS 7.4296345 3.7775062
OS 7.4290409 3.7766158
OS 7.4281505 3.775577
OS 7.4274085 3.7743898
OS 7.4265181 3.7730542
OS 7.4256277 3.7715702
OS 7.4254793 3.7714218
OS 7.4253309 3.7708282
OS 7.4250341 3.7700862
OS 7.4245889 3.768899
OS 7.4241437 3.7675634
OS 7.4238469 3.7660794
OS 7.4236985 3.7642986
OS 7.4235501 3.7625178
OS 7.4235501 3.7623694
OS 7.4235501 3.762221
OS 7.4236985 3.7613306
OS 7.4238469 3.759995
OS 7.4241437 3.7582142
OS 7.4247373 3.7564334
OS 7.4256277 3.7543558
OS 7.4266665 3.7524266
OS 7.4282989 3.7506458
OS 7.4285957 3.7504974
OS 7.4291893 3.7499038
OS 7.4302281 3.7493102
OS 7.4317121 3.7484198
OS 7.4334929 3.7476778
OS 7.4355705 3.7469358
OS 7.4379449 3.7463422
OS 7.4407645 3.7461938
OS 7.4415065 3.7461938
OS 7.4421001 3.7463422
OS 7.4435841 3.7464906
OS 7.4455133 3.7467874
OS 7.4456617 3.7467874
OS 7.4459585 3.7469358
OS 7.4465521 3.7470842
OS 7.4471457 3.747381
OS 7.4487781 3.7479746
OS 7.4504105 3.748865
OS 7.4505589 3.7490134
OS 7.4508557 3.7491618
OS 7.4517461 3.7500522
OS 7.4529333 3.7512394
OS 7.4541205 3.7528718
OS 7.4541205 3.7530202
OS 7.4544173 3.753317
OS 7.4545657 3.7537622
OS 7.4548625 3.7545042
OS 7.4551593 3.7552462
OS 7.4553077 3.756285
OS 7.4556045 3.7574722
OS 7.4556045 3.7588078
OS 7.4556045 3.7591046
OS 7.4556045 3.7596982
OS 7.4554561 3.7605886
OS 7.4553077 3.7617758
OS 7.4550109 3.7631114
OS 7.4545657 3.764447
OS 7.4539721 3.7657826
OS 7.4532301 3.7669698
OS 7.4530817 3.7671182
OS 7.4527849 3.767415
OS 7.4521913 3.7680086
OS 7.4511525 3.7687506
OS 7.4499653 3.7697894
OS 7.4483329 3.7708282
OS 7.4462553 3.7720154
OS 7.4437325 3.7732026
OS 7.4435841 3.7732026
OS 7.4432873 3.773351
OS 7.4428421 3.7736478
OS 7.4422485 3.7739446
OS 7.4413581 3.7742414
OS 7.4403193 3.7746866
OS 7.4391321 3.7751318
OS 7.4376481 3.7757254
OS 7.4374997 3.7758738
OS 7.4370545 3.7760222
OS 7.4363125 3.776319
OS 7.4352737 3.7767642
OS 7.4330477 3.7776546
OS 7.4306733 3.778545
OE
OB 7.6739009 3.8175743 H
OS 7.6676681 3.8175743
OS 7.6676681 3.7504975
OS 7.6734557 3.7504975
OS 7.6758301 3.7506459
OS 7.6808757 3.7506459
OS 7.6832501 3.7507943
OS 7.6835469 3.7507943
OS 7.6842889 3.7509427
OS 7.6854761 3.7510911
OS 7.6871085 3.7513879
OS 7.6888893 3.7518331
OS 7.6909669 3.7525751
OS 7.6930445 3.7534655
OS 7.6951221 3.7546527
OS 7.6952705 3.7546527
OS 7.6954189 3.7548011
OS 7.6961609 3.7553947
OS 7.6973481 3.7562851
OS 7.6988321 3.7576207
OS 7.7004645 3.7592531
OS 7.7020969 3.7611823
OS 7.7037293 3.7635567
OS 7.7050649 3.7660795
OS 7.7050649 3.7662279
OS 7.7052133 3.7663763
OS 7.7053617 3.7668215
OS 7.7056585 3.7674151
OS 7.7059553 3.7681571
OS 7.7062521 3.7690475
OS 7.7068457 3.7711251
OS 7.7074393 3.7737963
OS 7.7080329 3.7767643
OS 7.7084781 3.7801775
OS 7.7086265 3.7840359
OS 7.7086265 3.7841843
OS 7.7086265 3.7844811
OS 7.7086265 3.7850747
OS 7.7086265 3.7858167
OS 7.7084781 3.7867071
OS 7.7084781 3.7877459
OS 7.7081813 3.7902687
OS 7.7077361 3.7930883
OS 7.7069941 3.7960563
OS 7.7061037 3.7991727
OS 7.7049165 3.8021407
OS 7.7049165 3.8022891
OS 7.7047681 3.8024375
OS 7.7041745 3.8033279
OS 7.7034325 3.8048119
OS 7.7022453 3.8064443
OS 7.7006129 3.8083735
OS 7.6986837 3.8103027
OS 7.6964577 3.8122319
OS 7.6937865 3.8138643
OS 7.6934897 3.8140127
OS 7.6928961 3.8143095
OS 7.6917089 3.8149031
OS 7.6903733 3.8154967
OS 7.6885925 3.8160903
OS 7.6866633 3.8166839
OS 7.6845857 3.8169807
OS 7.6823597 3.8172775
OS 7.6813209 3.8172775
OS 7.6799853 3.8174259
OS 7.6762753 3.8174259
OS 7.6739009 3.8175743
OE
SE
S P 0
OB 7.3496508 4.0523407 I
OS 7.3496508 4.0316823
OS 7.3392383 4.0316823
OS 7.3392383 4.0523407
OS 7.3185799 4.0523407
OS 7.3185799 4.0630031
OS 7.3392383 4.0630031
OS 7.3392383 4.0836615
OS 7.3496508 4.0836615
OS 7.3496508 4.0630031
OS 7.3703092 4.0630031
OS 7.3703092 4.0523407
OS 7.3496508 4.0523407
OE
SE
S P 0
OB 7.6883615 0.5452 I
OS 7.6725469 0.5452
OS 7.6725469 0.5019685
OS 7.6590971 0.5019685
OS 7.6590971 0.5452
OS 7.6432825 0.5452
OS 7.6432825 0.5553982
OS 7.6883615 0.5553982
OS 7.6883615 0.5452
OE
OB 7.7395742 0.5019685 I
OS 7.7266417 0.5019685
OS 7.7060975 0.5392141
OS 7.7060975 0.5019685
OS 7.6938301 0.5019685
OS 7.6938301 0.5553982
OS 7.7102359 0.5553982
OS 7.7273068 0.5247297
OS 7.7273068 0.5553982
OS 7.7395742 0.5553982
OS 7.7395742 0.5019685
OE
OB 7.7687647 0.5564328 I
OS 7.7698732 0.5564328
OS 7.7712034 0.556285
OS 7.7726075 0.5561372
OS 7.7740116 0.5559155
OS 7.7753418 0.5556199
OS 7.7754896 0.5556199
OS 7.775933 0.5554721
OS 7.7765981 0.5552504
OS 7.777411 0.5550287
OS 7.7782978 0.5546592
OS 7.7793324 0.5542897
OS 7.780367 0.5537724
OS 7.7813277 0.5532551
OS 7.7814755 0.5531812
OS 7.7817711 0.5529595
OS 7.7822884 0.55259
OS 7.7828796 0.5520727
OS 7.7835447 0.5514815
OS 7.7842098 0.5507425
OS 7.7848749 0.5499296
OS 7.7853922 0.5489689
OS 7.7854661 0.5488211
OS 7.7856139 0.5485255
OS 7.7858356 0.5480082
OS 7.7861312 0.5472692
OS 7.7863529 0.5463824
OS 7.7865746 0.5454217
OS 7.7867224 0.5443132
OS 7.7867963 0.5431308
OS 7.7867963 0.5430569
OS 7.7867963 0.5429091
OS 7.7867963 0.5426874
OS 7.7867224 0.5423918
OS 7.7866485 0.541505
OS 7.7865007 0.5403965
OS 7.7861312 0.5391402
OS 7.7856878 0.53781
OS 7.7850227 0.5364798
OS 7.7841359 0.5351496
OS 7.7839881 0.5350018
OS 7.7836925 0.5346323
OS 7.7831013 0.5340411
OS 7.7822884 0.5333021
OS 7.7812538 0.5325631
OS 7.7800714 0.5318241
OS 7.7787412 0.5312329
OS 7.7771893 0.5307156
OS 7.7771893 0.5301983
OS 7.7772632 0.5301983
OS 7.7774849 0.5301244
OS 7.7779283 0.5300505
OS 7.7783717 0.5299766
OS 7.7789629 0.5298288
OS 7.7795541 0.529681
OS 7.7808843 0.5292376
OS 7.7809582 0.5292376
OS 7.7811799 0.5290898
OS 7.7815494 0.528942
OS 7.7819928 0.5287203
OS 7.782584 0.5284247
OS 7.7831752 0.5280552
OS 7.7837664 0.5275379
OS 7.7844315 0.5270206
OS 7.7845054 0.5269467
OS 7.7847271 0.5267989
OS 7.7850227 0.5264294
OS 7.7853922 0.5260599
OS 7.7857617 0.5255426
OS 7.786279 0.5248775
OS 7.7866485 0.5242124
OS 7.7870919 0.5233995
OS 7.7871658 0.5233256
OS 7.7872397 0.52303
OS 7.7874614 0.5225127
OS 7.7876831 0.5219215
OS 7.7878309 0.5211825
OS 7.7880526 0.5202218
OS 7.7881265 0.5192611
OS 7.7882004 0.5181526
OS 7.7882004 0.5180787
OS 7.7882004 0.5180048
OS 7.7882004 0.5177831
OS 7.7882004 0.5174875
OS 7.7881265 0.5167485
OS 7.7880526 0.5157878
OS 7.7878309 0.5146793
OS 7.7876092 0.5134969
OS 7.7872397 0.5122406
OS 7.7867224 0.5109843
OS 7.7866485 0.5108365
OS 7.7864268 0.510467
OS 7.7861312 0.5098758
OS 7.7856139 0.5090629
OS 7.7850227 0.50825
OS 7.7842837 0.5072893
OS 7.7833969 0.5064025
OS 7.7824362 0.5055157
OS 7.7822884 0.5054418
OS 7.7819189 0.5051462
OS 7.7813277 0.5047028
OS 7.7805887 0.5042594
OS 7.7795541 0.5036682
OS 7.7784456 0.503077
OS 7.7771893 0.5025597
OS 7.7757852 0.5020424
OS 7.7757113 0.5020424
OS 7.7756374 0.5019685
OS 7.7754157 0.5019685
OS 7.7751201 0.5018946
OS 7.7747506 0.5017468
OS 7.7743072 0.5016729
OS 7.7731987 0.5014512
OS 7.7718685 0.5012295
OS 7.7703166 0.5010817
OS 7.768543 0.5009339
OS 7.7665477 0.50086
OS 7.7649219 0.50086
OS 7.7643307 0.5009339
OS 7.7635917 0.5009339
OS 7.7628527 0.5010078
OS 7.761153 0.5010817
OS 7.7593794 0.5013034
OS 7.7575319 0.5015251
OS 7.7557583 0.5018946
OS 7.7556844 0.5018946
OS 7.7555366 0.5019685
OS 7.7553149 0.5019685
OS 7.7550193 0.5020424
OS 7.7542064 0.5022641
OS 7.7531718 0.5025597
OS 7.7520633 0.5029292
OS 7.7508809 0.5032987
OS 7.7496985 0.5037421
OS 7.74859 0.5041855
OS 7.74859 0.5157878
OS 7.7498463 0.5157878
OS 7.7499941 0.5157139
OS 7.7503636 0.5154922
OS 7.7509548 0.5151227
OS 7.7518416 0.5146793
OS 7.7528023 0.514162
OS 7.7539847 0.5135708
OS 7.7553149 0.5129796
OS 7.756719 0.5124623
OS 7.7567929 0.5124623
OS 7.7568668 0.5123884
OS 7.7570885 0.5123145
OS 7.7573841 0.5122406
OS 7.7581231 0.5120189
OS 7.7591577 0.5117972
OS 7.7602662 0.5115755
OS 7.7614486 0.5113538
OS 7.7627049 0.511206
OS 7.7639612 0.5111321
OS 7.7647002 0.5111321
OS 7.7652175 0.511206
OS 7.7658826 0.511206
OS 7.7665477 0.5112799
OS 7.7681735 0.5114277
OS 7.7682474 0.5114277
OS 7.768543 0.5115016
OS 7.7689864 0.5115755
OS 7.7695037 0.5117972
OS 7.77076 0.5122406
OS 7.7714251 0.5126101
OS 7.7720163 0.5129796
OS 7.7720902 0.5130535
OS 7.772238 0.5131274
OS 7.7724597 0.5133491
OS 7.7727553 0.5135708
OS 7.7734204 0.5143098
OS 7.7740116 0.5151966
OS 7.7740116 0.5152705
OS 7.7741594 0.5154183
OS 7.7742333 0.5157139
OS 7.7743811 0.5161573
OS 7.7745289 0.5166746
OS 7.7746028 0.5173397
OS 7.7747506 0.5180787
OS 7.7747506 0.5189655
OS 7.7747506 0.5190394
OS 7.7747506 0.519335
OS 7.7746767 0.5197784
OS 7.7746028 0.5202957
OS 7.774455 0.5208869
OS 7.7743072 0.5214781
OS 7.7740116 0.5220693
OS 7.7736421 0.5225866
OS 7.7735682 0.5226605
OS 7.7734204 0.5228083
OS 7.7731987 0.52303
OS 7.7729031 0.5233256
OS 7.7725336 0.5236212
OS 7.7720902 0.5239907
OS 7.7709078 0.524508
OS 7.7708339 0.524508
OS 7.7706122 0.5245819
OS 7.7702427 0.5247297
OS 7.7697254 0.5248775
OS 7.7691342 0.5249514
OS 7.7684691 0.5250992
OS 7.7676562 0.5251731
OS 7.7667694 0.525247
OS 7.7658826 0.525247
OS 7.7653653 0.5253209
OS 7.7602662 0.5253209
OS 7.7602662 0.5346323
OS 7.7638134 0.5346323
OS 7.7644785 0.5347062
OS 7.7652175 0.5347062
OS 7.7667694 0.5347801
OS 7.7668433 0.5347801
OS 7.7671389 0.534854
OS 7.7675084 0.534854
OS 7.7679518 0.5350018
OS 7.7691342 0.5352235
OS 7.7702427 0.5356669
OS 7.7703166 0.5356669
OS 7.7704644 0.5358147
OS 7.77076 0.5359625
OS 7.7710556 0.5361842
OS 7.7718685 0.5367015
OS 7.7725336 0.5375144
OS 7.7726075 0.5375883
OS 7.7726814 0.5377361
OS 7.7728292 0.5380317
OS 7.772977 0.5384012
OS 7.7731248 0.5389185
OS 7.7731987 0.5395097
OS 7.7733465 0.5401748
OS 7.7733465 0.5409138
OS 7.7733465 0.5409877
OS 7.7733465 0.5412094
OS 7.7732726 0.5414311
OS 7.7732726 0.5418006
OS 7.772977 0.5426874
OS 7.7728292 0.5431308
OS 7.7725336 0.5435003
OS 7.7725336 0.5435742
OS 7.7723858 0.5436481
OS 7.7720163 0.5440915
OS 7.7714251 0.5446088
OS 7.7706861 0.5451261
OS 7.7706122 0.5451261
OS 7.7704644 0.5452
OS 7.7701688 0.5453478
OS 7.7698732 0.5454956
OS 7.7694298 0.5456434
OS 7.7689125 0.5457912
OS 7.7676562 0.5460129
OS 7.7675823 0.5460129
OS 7.7673606 0.5460868
OS 7.767065 0.5460868
OS 7.7666955 0.5461607
OS 7.7657348 0.5462346
OS 7.7640351 0.5462346
OS 7.7635178 0.5461607
OS 7.7629266 0.5460868
OS 7.7621876 0.5460129
OS 7.7607096 0.5457173
OS 7.7606357 0.5457173
OS 7.7603401 0.5456434
OS 7.7599706 0.5455695
OS 7.7594533 0.5454217
OS 7.7588621 0.5452
OS 7.758197 0.5450522
OS 7.7567929 0.5445349
OS 7.756719 0.5445349
OS 7.7565712 0.544461
OS 7.7562017 0.5443132
OS 7.7558322 0.5441654
OS 7.7553888 0.5439437
OS 7.7547976 0.5436481
OS 7.7536152 0.5430569
OS 7.7535413 0.5430569
OS 7.7533196 0.5429091
OS 7.7530979 0.5427613
OS 7.7527284 0.5425396
OS 7.7519155 0.5420962
OS 7.751546 0.5419484
OS 7.7512504 0.5417267
OS 7.7501419 0.5417267
OS 7.7501419 0.5531073
OS 7.7502897 0.5531812
OS 7.7506592 0.553329
OS 7.7512504 0.5535507
OS 7.7520633 0.5538463
OS 7.7531718 0.5542158
OS 7.7544281 0.5545853
OS 7.7559061 0.5549548
OS 7.7575319 0.5553982
OS 7.7576058 0.5553982
OS 7.7577536 0.5554721
OS 7.7579753 0.5554721
OS 7.7583448 0.555546
OS 7.7587882 0.5556938
OS 7.7592316 0.5557677
OS 7.7604879 0.5559894
OS 7.761892 0.5561372
OS 7.7635178 0.5563589
OS 7.7652914 0.5564328
OS 7.767065 0.5565067
OS 7.7683213 0.5565067
OS 7.7687647 0.5564328
OE
OB 7.6205952 0.5553243 I
OS 7.6219993 0.5552504
OS 7.6234773 0.5551765
OS 7.6248814 0.5550287
OS 7.6261377 0.5548809
OS 7.6262855 0.5548809
OS 7.626655 0.554807
OS 7.6272462 0.5546592
OS 7.6279852 0.5545114
OS 7.628872 0.5542158
OS 7.6298327 0.5539202
OS 7.6307934 0.5535507
OS 7.631828 0.5530334
OS 7.6319758 0.5529595
OS 7.6322714 0.5527378
OS 7.6327887 0.5524422
OS 7.6334538 0.5519249
OS 7.6341189 0.5513337
OS 7.6348579 0.5506686
OS 7.635523 0.5497818
OS 7.6361142 0.548895
OS 7.6361881 0.5487472
OS 7.6363359 0.5484516
OS 7.6365576 0.5479343
OS 7.6368532 0.5471953
OS 7.6371488 0.5463085
OS 7.6373705 0.5452739
OS 7.6375183 0.5441654
OS 7.6375922 0.5429091
OS 7.6375922 0.5428352
OS 7.6375922 0.5427613
OS 7.6375922 0.5425396
OS 7.6375922 0.542244
OS 7.6375183 0.541505
OS 7.6373705 0.5405443
OS 7.6370749 0.5395097
OS 7.6367793 0.5383273
OS 7.636262 0.5371449
OS 7.6355969 0.5359625
OS 7.635523 0.5358147
OS 7.6352274 0.5354452
OS 7.634784 0.5349279
OS 7.6341928 0.5342628
OS 7.6334538 0.5335238
OS 7.6324931 0.5327848
OS 7.6314585 0.5320458
OS 7.6302022 0.5314546
OS 7.6302022 0.531159
OS 7.6302761 0.531159
OS 7.6304239 0.5310851
OS 7.6306456 0.5310112
OS 7.6310151 0.5309373
OS 7.6314585 0.5307895
OS 7.6319019 0.5306417
OS 7.6330843 0.5302722
OS 7.6343406 0.529681
OS 7.6355969 0.528942
OS 7.6369271 0.5279813
OS 7.6381095 0.5268728
OS 7.6382573 0.526725
OS 7.6385529 0.5262816
OS 7.6390702 0.5256165
OS 7.6396614 0.5245819
OS 7.6401787 0.5233995
OS 7.640696 0.5219215
OS 7.6409916 0.5202218
OS 7.6411394 0.5183004
OS 7.6411394 0.5182265
OS 7.6411394 0.5181526
OS 7.6411394 0.5179309
OS 7.6411394 0.5176353
OS 7.6410655 0.5168963
OS 7.6409177 0.5159356
OS 7.6407699 0.5148271
OS 7.6404743 0.5136447
OS 7.6401048 0.5124623
OS 7.6395875 0.5112799
OS 7.6395136 0.5111321
OS 7.6392919 0.5107626
OS 7.6389963 0.5102453
OS 7.6385529 0.5095063
OS 7.6379617 0.5087673
OS 7.6372227 0.5078805
OS 7.6364098 0.5070676
OS 7.635523 0.5063286
OS 7.6353752 0.5062547
OS 7.6350057 0.5059591
OS 7.6344145 0.5055157
OS 7.6336016 0.5049984
OS 7.6326409 0.5044811
OS 7.6315324 0.5038899
OS 7.6302761 0.5033726
OS 7.6289459 0.5029292
OS 7.628872 0.5029292
OS 7.6287981 0.5028553
OS 7.6285764 0.5028553
OS 7.6282808 0.5027814
OS 7.6279113 0.5027075
OS 7.6275418 0.5026336
OS 7.6264333 0.5024858
OS 7.6251031 0.5022641
OS 7.6235512 0.5021163
OS 7.6217776 0.5020424
OS 7.6197823 0.5019685
OS 7.5984252 0.5019685
OS 7.5984252 0.5553982
OS 7.619265 0.5553982
OS 7.6205952 0.5553243
OE
OB 7.6167524 0.5456434 H
OS 7.6118011 0.5456434
OS 7.6118011 0.5342628
OS 7.6184521 0.5342628
OS 7.6187477 0.5343367
OS 7.6191172 0.5344106
OS 7.6200779 0.5346323
OS 7.6211125 0.5350757
OS 7.6211864 0.5350757
OS 7.6214081 0.5352235
OS 7.6216298 0.5353713
OS 7.6219993 0.535593
OS 7.6227383 0.5362581
OS 7.6230339 0.5367015
OS 7.6233295 0.5371449
OS 7.6233295 0.5372188
OS 7.6234034 0.5373666
OS 7.6235512 0.5376622
OS 7.623699 0.5380317
OS 7.6237729 0.5384751
OS 7.6239207 0.5389924
OS 7.6239946 0.5402487
OS 7.6239946 0.5403226
OS 7.6239946 0.5404704
OS 7.6239946 0.540766
OS 7.6239207 0.5410616
OS 7.623699 0.5419484
OS 7.6233295 0.5429091
OS 7.6233295 0.542983
OS 7.6231817 0.5431308
OS 7.6230339 0.5433525
OS 7.6228122 0.543722
OS 7.6221471 0.5443132
OS 7.6217776 0.5446827
OS 7.6212603 0.5449044
OS 7.6211864 0.5449044
OS 7.6210386 0.5449783
OS 7.620743 0.5451261
OS 7.6203735 0.5452
OS 7.6199301 0.5453478
OS 7.6193389 0.5454217
OS 7.6180826 0.5455695
OS 7.6173436 0.5455695
OS 7.6167524 0.5456434
OE
OB 7.6184521 0.5250992 H
OS 7.6118011 0.5250992
OS 7.6118011 0.5117233
OS 7.6200779 0.5117233
OS 7.6204474 0.5117972
OS 7.6209647 0.5118711
OS 7.6215559 0.5120189
OS 7.6222949 0.5121667
OS 7.6230339 0.5124623
OS 7.6237729 0.5127579
OS 7.6238468 0.5128318
OS 7.6240685 0.5129057
OS 7.624438 0.5130535
OS 7.6248075 0.5133491
OS 7.6252509 0.5136447
OS 7.6256943 0.5140142
OS 7.6260638 0.5145315
OS 7.6264333 0.5150488
OS 7.6265072 0.5151227
OS 7.6265811 0.5153444
OS 7.6267289 0.51564
OS 7.6268767 0.5160834
OS 7.6270245 0.5166007
OS 7.6271723 0.5171919
OS 7.6273201 0.517857
OS 7.6273201 0.5185221
OS 7.6273201 0.518596
OS 7.6273201 0.5188916
OS 7.6272462 0.519335
OS 7.6271723 0.5199262
OS 7.6268767 0.5211825
OS 7.626655 0.5217737
OS 7.6262855 0.5223649
OS 7.6262116 0.5224388
OS 7.6260638 0.5225866
OS 7.6258421 0.5228822
OS 7.6255465 0.5231778
OS 7.6251031 0.5234734
OS 7.6245858 0.5238429
OS 7.6239946 0.5242124
OS 7.6232556 0.524508
OS 7.6231817 0.524508
OS 7.6230339 0.5245819
OS 7.6227383 0.5246558
OS 7.6223688 0.5247297
OS 7.6219254 0.5248036
OS 7.6213342 0.5249514
OS 7.6206691 0.5249514
OS 7.6199301 0.5250253
OS 7.6190433 0.5250253
OS 7.6184521 0.5250992
OE
SE
S P 0
OB 7.8146903 3.9543394 I
OS 7.8146903 3.9917236
OS 7.8302477 3.9917236
OS 7.8302477 3.9543394
OS 7.8146903 3.9543394
OE
SE
S P 0
OB 7.8171704 4.378128 I
OS 7.8171704 4.3574696
OS 7.8067579 4.3574696
OS 7.8067579 4.378128
OS 7.7860995 4.378128
OS 7.7860995 4.3887904
OS 7.8067579 4.3887904
OS 7.8067579 4.4094488
OS 7.8171704 4.4094488
OS 7.8171704 4.3887904
OS 7.8378288 4.3887904
OS 7.8378288 4.378128
OS 7.8171704 4.378128
OE
SE
S P 0
OB 7.7952756 1.5085133 I
OS 7.7952756 1.4825433
OS 7.720482 1.4412881
OS 7.7952756 1.4412881
OS 7.7952756 1.4166537
OS 7.6879824 1.4166537
OS 7.6879824 1.4495985
OS 7.7495684 1.4838789
OS 7.6879824 1.4838789
OS 7.6879824 1.5085133
OS 7.7952756 1.5085133
OE
SE
S P 0
OB 7.7747964 2.113623 I
OS 7.7747964 2.158143
OS 7.7952756 2.158143
OS 7.7952756 2.0866142
OS 7.6879824 2.0866142
OS 7.6879824 2.113623
OS 7.7747964 2.113623
OE
SE
